{"paths":{"0":["Sprite/InGame/sung-100",1],"1":["Sprite/InGame/bullet-100",1],"2":["ArtNew/AutoAtlas/ngocrong/MBLightning1",1],"3":["ArtNew/spine/NoBongBong/Fx_explosion",1],"4":["ArtNew/AutoAtlas/ngocrong/kim",1],"5":["Sprite/InGame/Eff_Boss_2",1],"6":["Sprite/InGame/ButtonAutoSelect",1],"7":["ArtNew/SoundNew/63a6ba2e-778c-4c95-a919-229d4de3b0e1",2],"8":["ArtNew/AutoAtlas/ngocrong/MBLightning5",1],"9":["ArtNew/AutoAtlas/ngocrong/x4",1],"10":["Sound/bkgMucisJackpot",2],"11":["Sprite/InGame/f4",1],"12":["Sprite/InGame/HeadBoss",1],"13":["Sound/NoHU",2],"14":["ArtNew/AutoAtlas/ngocrong/MBLightEF",1],"15":["ArtNew/AutoAtlas/ngocrong/B7",1],"16":["ArtNew/AutoAtlas/ngocrong/B5",1],"17":["ArtNew/img/song 2",1],"18":["Sprite/InGame/net-3",1],"19":["Sprite/InGame/ButtonHelp",1],"20":["ArtNew/SoundNew/7749a7ec-f4dc-4199-aa94-5b25e7e2de35",2],"21":["ArtNew/spine/fxLaser/fxLaser",4],"22":["ArtNew/AutoAtlas/ngocrong/x2 Bright",1],"23":["ArtNew/AutoAtlas/ngocrong/finMiniBoss",1],"24":["ArtNew/AutoAtlas/ngocrong/dropEff2",1],"25":["Sound/atach=k",2],"26":["Sprite/InGame/HeadBoss2",1],"27":["ArtNew/img/auto",1],"28":["Sprite/InGame/free_efect'",1],"29":["Sprite/InGame/f3",1],"30":["ArtNew/AutoAtlas/ngocrong/Ball Light",1],"31":["Sound/LobbyMusic1",2],"32":["Sprite/ImgLobbyNew/top1_bc",1],"33":["Sound/Money",2],"34":["Sound/startX2",2],"35":["ArtNew/AutoAtlas/ngocrong/Slot7Spin",1],"36":["Sprite/InGame/net-2",1],"37":["Sprite/InGame/UserContent",1],"38":["Sprite/InGame/net-4",1],"39":["Sprite/InGame/Eff_Boss_3",1],"40":["ArtNew/AutoAtlas/ngocrong/Image",1],"41":["ArtNew/AutoAtlas/ngocrong/x5  Bright",1],"42":["ArtNew/AutoAtlas/ngocrong/eff2",1],"43":["Sprite/InGame/ButtonSub",1],"44":["Sprite/ImgLobbyNew/bg_banca",1],"45":["ArtNew/SoundNew/e35e31a4-a38a-459a-b810-629469411c18",2],"46":["Sprite/ImgLobbyNew/binhdan",1],"47":["Sprite/InGame/boss",1],"48":["Sprite/ImgLobbyNew/daigia",1],"49":["Sound/CaTranDacBiet",2],"50":["ArtNew/SoundNew/a9f47bb9-af56-419b-b958-f36c404ae36e",2],"51":["ArtNew/spine/BanNoMiniBoss/Fx_Explosion",4],"52":["ArtNew/AutoAtlas/ngocrong/x4  Bright",1],"53":["ArtNew/AutoAtlas/ngocrong/x3",1],"54":["Sprite/InGame/ButtonBack",1],"55":["ArtNew/SoundNew/4bbdeb87-1c2c-4e53-b011-5b264595c390",2],"56":["Sound/CoinMusic1",2],"57":["Sprite/InGame/warning",1],"58":["ArtNew/AutoAtlas/ngocrong/B4",1],"59":["Sprite/InGame/ButtonSetting",1],"60":["Sprite/InGame/bingdong_2",1],"61":["Sprite/InGame/Setting",1],"62":["Sprite/ImgLobbyNew/sukien",1],"63":["ArtNew/SoundNew/click",2],"64":["Sound/BanLaze",2],"65":["Sprite/InGame/Eff_Boss_1",1],"66":["ArtNew/AutoAtlas/ngocrong/dropEff1",1],"67":["Sprite/InGame/home_btn_mail_new",1],"68":["Sound/Gun Reload - Free Sound Effect [HD] 2021",2],"69":["ArtNew/spine/nohu/nohu",1],"70":["ArtNew/spine/Confetti/Confetti",1],"71":["ArtNew/SoundNew/e0899275-0021-42cd-be89-2ed52fbf3942",2],"72":["Sound/GietCaX",2],"73":["Sound/MiniBossRoiItem",2],"74":["Sprite/InGame/Hand",1],"75":["ArtNew/AutoAtlas/ngocrong/Sao7Canh",1],"76":["Sprite/InGame/ArrowSetting",1],"77":["Sprite/InGame/f6",1],"78":["Sprite/Gun/3_1",1],"79":["ArtNew/AutoAtlas/ngocrong/MBLightning7",1],"80":["Sprite/Gun/4_1",1],"81":["Sprite/InGame/Eff_Boss_5",1],"82":["ArtNew/SoundNew/ChangGUnLaze",2],"83":["ArtNew/img/song 1",1],"84":["ArtNew/AutoAtlas/ngocrong/eff1",1],"85":["ArtNew/AutoAtlas/ngocrong/ItemMiniBoss1234",1],"86":["Sprite/ImgLobbyNew/top2_bc",1],"87":["Sprite/InGame/f5",1],"88":["ArtNew/AutoAtlas/ngocrong/Slot7Bright",1],"89":["Sprite/InGame/net-100",1],"90":["ArtNew/AutoAtlas/ngocrong/Hit Light",1],"91":["ArtNew/AutoAtlas/ngocrong/Hit Glow",1],"92":["Sound/CoinBayVe",2],"93":["Sprite/InGame/ProgressBoss2",1],"94":["Sound/CritMiniBoss",2],"95":["ArtNew/spine/Fx_roi_iteam/Fx_roi_iteam",4],"96":["Sprite/InGame/net-1",1],"97":["ArtNew/SoundNew/3d1f6fef-439c-406c-88ae-bc59a2d70b9f",2],"98":["Sprite/InGame/Eff_Boss_6",1],"99":["Sprite/InGame/net-7",1],"100":["Sprite/Gun/6_1",1],"101":["Sprite/Gun/7_1",1],"102":["Sound/CoinVeTui",2],"103":["ArtNew/spine/skeleton/skeleton",1],"104":["ArtNew/spine/Effect_gun_ice_ca1/Effect_gun_ice_ca1",4],"105":["Sound/quayRamdonHeso",2],"106":["ArtNew/AutoAtlas/ngocrong/eff_ngoc",1],"107":["ArtNew/spine/ButtonQuaBong/ButtonQuaBong",1],"108":["ArtNew/AutoAtlas/ngocrong/x3 Bright",1],"109":["ArtNew/AutoAtlas/ngocrong/MBLightning4",1],"110":["ArtNew/AutoAtlas/ngocrong/MBLightning6",1],"111":["ArtNew/spine/skeleton/skeleton",4],"112":["ArtNew/spine/fxLaser/fxLaser",1],"113":["Sprite/ImgLobbyNew/back",1],"114":["ArtNew/AutoAtlas/ngocrong/MBItem1",1],"115":["ArtNew/spine/hanbang/hanbang",1],"116":["Sprite/InGame/net-5",1],"117":["Sprite/InGame/colorGold",1],"118":["Sprite/ImgLobbyNew/bxh_banca",1],"119":["ArtNew/AutoAtlas/ngocrong/MBLightning2",1],"120":["ArtNew/spine/BanNoMiniBoss/Fx_Explosion",1],"121":["Sprite/InGame/f7",1],"122":["Sprite/InGame/f100",1],"123":["Sound/miniCoin",2],"124":["ArtNew/AutoAtlas/ngocrong/B1",1],"125":["ArtNew/AutoAtlas/ngocrong/eff3",1],"126":["Sprite/InGame/net-6",1],"127":["Sound/bkgFish",2],"128":["ArtNew/AutoAtlas/ngocrong/eff_bengoc",1],"129":["Sound/takecoin",2],"130":["Sprite/InGame/lightning_01",1],"131":["ArtNew/spine/Fx_Gemminiboss/Fx_Gemminiboss",1],"132":["Sound/Gun+357+Magnum",2],"133":["Sprite/InGame/UserContent_Vip",1],"134":["ArtNew/AutoAtlas/ngocrong/Ball Sparkle",1],"135":["ArtNew/spine/Fx_roi_iteam/Fx_roi_iteam",1],"136":["Sound/DoiSung",2],"137":["Sprite/InGame/text_jackpot",1],"138":["Sprite/InGame/MarkInGame",1],"139":["ArtNew/spine/hanbang/hanbang",4],"140":["ArtNew/spine/BeNgoc/BeNgoc",4],"141":["Sound/NextTurn",2],"142":["ArtNew/AutoAtlas/ngocrong/B6",1],"143":["Sound/takeNgocRong",2],"144":["Sprite/Gun/2_1",1],"145":["Sprite/InGame/bg_avatar",1],"146":["ArtNew/img/Target1",1],"147":["Sound/Electric",2],"148":["Sprite/InGame/rim",1],"149":["Sprite/ImgLobbyNew/coin_banca",1],"150":["Sound/roiNgocRong",2],"151":["ArtNew/AutoAtlas/ngocrong/ItemMiniBoss123",1],"152":["ArtNew/img/name_ingame",1],"153":["Sprite/InGame/Eff_Boss_4",1],"154":["Sprite/InGame/Icon103",1],"155":["Sound/ice-cracking-01",2],"156":["Sound/RoomBossMusic",2],"157":["Sprite/InGame/ButtonChat",1],"158":["Paticle/BigCoin",5],"159":["ArtNew/SoundNew/bkgMusic",2],"160":["ArtNew/spine/FX_luoi_effect/FX_luoi_effect",4],"161":["Sprite/InGame/Icon101",1],"162":["ArtNew/AutoAtlas/ngocrong/CTRITICAL",1],"163":["ArtNew/spine/FX_luoi_effect/FX_luoi_effect",1],"164":["ArtNew/AutoAtlas/ngocrong/Ball Bright",1],"165":["Sprite/InGame/fish_hand",1],"166":["ArtNew/spine/WarningDragon/WarningDragon",4],"167":["ArtNew/AutoAtlas/ngocrong/MBLightning3",1],"168":["Sound/KillFish",2],"169":["ArtNew/SoundNew/a0da5c18-3c85-4933-a84e-974106b439ed",2],"170":["Sound/BallInSert",2],"171":["ArtNew/spine/Effect_gun_ice_ca1/Effect_gun_ice_ca1",1],"172":["Sound/multiplyAppear",2],"173":["Sound/HetROngChanGun",2],"174":["Sprite/InGame/lightning_00",1],"175":["Sprite/ImgLobbyNew/top3_bc",1],"176":["Sprite/InGame/xu",1],"177":["ArtNew/AutoAtlas/ngocrong/MBBoom1",1],"178":["ArtNew/spine/Fx_Gemminiboss/Fx_Gemminiboss",4],"179":["Sound/KillJackpot",2],"180":["Sound/wave",2],"181":["Sound/GunMusic8",2],"182":["Sprite/InGame/ProgressBoss",1],"183":["ArtNew/AutoAtlas/ngocrong/x5",1],"184":["Sprite/InGame/GunValue",1],"185":["ArtNew/spine/WarningDragon/WarningDragon",1],"186":["Sprite/InGame/JackpotContent",1],"187":["Sprite/InGameBg1",1],"188":["ArtNew/AutoAtlas/ngocrong/B3",1],"189":["ArtNew/spine/NoBongBong/Fx_explosion",4],"190":["Sprite/InGame/Icon102",1],"191":["Sprite/InGame/msakBlack",1],"192":["ArtNew/AutoAtlas/ngocrong/B2",1],"193":["Sprite/InGame/f1",1],"194":["Sprite/Gun/5_1",1],"195":["Sound/fishjackpot",2],"196":["Sprite/Gun/1_1",1],"197":["ArtNew/spine/BeNgoc/BeNgoc",1],"198":["ArtNew/AutoAtlas/ngocrong/Glow",1],"199":["ArtNew/spine/nohu/nohu",4],"200":["Sprite/InGame/CaiQuaiGiDo",1],"201":["ArtNew/AutoAtlas/ngocrong/x2",1],"202":["Sound/nhanthuong",2],"203":["Sprite/InGame/Layer 41",1],"204":["Sound/JackpotDead",2],"205":["ArtNew/spine/ButtonQuaBong/ButtonQuaBong",4],"206":["ArtNew/spine/Confetti/Confetti",4],"207":["Sprite/InGame/f4",0,1],"208":["ArtNew/spine/ButtonQuaBong/ButtonQuaBong",3],"209":["Sprite/InGame/ButtonAutoSelect",0,1],"210":["Sprite/InGame/CaiQuaiGiDo",0,1],"211":["ArtNew/AutoAtlas/ngocrong/B4",0,1],"212":["Sprite/ImgLobbyNew/top1_bc",0,1],"213":["ArtNew/AutoAtlas/ngocrong/Hit Glow",0,1],"214":["ArtNew/spine/Fx_Gemminiboss/Fx_Gemminiboss",3],"215":["ArtNew/AutoAtlas/ngocrong/eff2",0,1],"216":["ArtNew/spine/FX_luoi_effect/FX_luoi_effect",3],"217":["ArtNew/spine/Fx_roi_iteam/Fx_roi_iteam",0,1],"218":["Sprite/InGame/Hand",0,1],"219":["ArtNew/spine/Effect_gun_ice_ca1/Effect_gun_ice_ca1",3],"220":["ArtNew/AutoAtlas/ngocrong/eff_bengoc",0,1],"221":["ArtNew/AutoAtlas/ngocrong/B6",0,1],"222":["Sprite/InGame/net-4",0,1],"223":["Sprite/InGame/net-7",0,1],"224":["ArtNew/spine/fxLaser/fxLaser",3],"225":["Sprite/InGame/f100",0,1],"226":["Sprite/InGame/ButtonSetting",0,1],"227":["ArtNew/spine/BeNgoc/BeNgoc",0,1],"228":["Sprite/InGame/ProgressBoss",0,1],"229":["ArtNew/spine/Fx_Gemminiboss/Fx_Gemminiboss",0,1],"230":["Sprite/InGame/net-100",0,1],"231":["ArtNew/AutoAtlas/ngocrong/x4  Bright",0,1],"232":["Sprite/InGame/boss",0,1],"233":["Sprite/InGame/ButtonBack",0,1],"234":["ArtNew/AutoAtlas/ngocrong/Ball Light",0,1],"235":["Sprite/InGame/Icon103",0,1],"236":["Sprite/InGame/lightning_01",0,1],"237":["Sprite/InGame/bg_avatar",0,1],"238":["Sprite/InGame/Eff_Boss_3",0,1],"239":["ArtNew/spine/BanNoMiniBoss/Fx_Explosion",3],"240":["Prefabs/vongtron",6],"241":["ArtNew/spine/Fx_roi_iteam/Fx_roi_iteam",3],"242":["ArtNew/AutoAtlas/ngocrong/Slot7Bright",0,1],"243":["ArtNew/AutoAtlas/ngocrong/B1",0,1],"244":["ArtNew/AutoAtlas/ngocrong/dropEff1",0,1],"245":["Sprite/InGame/UserContent",0,1],"246":["Sprite/InGame/warning",0,1],"247":["ArtNew/AutoAtlas/ngocrong/Slot7Spin",0,1],"248":["ArtNew/AutoAtlas/ngocrong/finMiniBoss",0,1],"249":["Sprite/ImgLobbyNew/sukien",0,1],"250":["ArtNew/spine/hanbang/hanbang",0,1],"251":["ArtNew/AutoAtlas/ngocrong/MBBoom1",0,1],"252":["Sprite/InGame/lightning_00",0,1],"253":["ArtNew/AutoAtlas/ngocrong/MBItem1",0,1],"254":["Sprite/InGame/net-3",0,1],"255":["ArtNew/AutoAtlas/ngocrong/Sao7Canh",0,1],"256":["ArtNew/spine/ButtonQuaBong/ButtonQuaBong",0,1],"257":["ArtNew/AutoAtlas/ngocrong/x3",0,1],"258":["ArtNew/AutoAtlas/ngocrong/MBLightning4",0,1],"259":["Sprite/InGame/Eff_Boss_5",0,1],"260":["Sprite/InGame/HeadBoss2",0,1],"261":["Sprite/Gun/4_1",0,1],"262":["Sprite/InGame/ButtonSub",0,1],"263":["Sprite/Gun/5_1",0,1],"264":["ArtNew/AutoAtlas/ngocrong/MBLightning1",0,1],"265":["ArtNew/AutoAtlas/ngocrong/MBLightning2",0,1],"266":["Sprite/InGame/Eff_Boss_6",0,1],"267":["Sprite/Gun/3_1",0,1],"268":["Sprite/Gun/6_1",0,1],"269":["ArtNew/spine/BanNoMiniBoss/Fx_Explosion",0,1],"270":["ArtNew/spine/NoBongBong/Fx_explosion",3],"271":["Sprite/InGame/GunValue",0,1],"272":["Sprite/InGame/net-6",0,1],"273":["ArtNew/AutoAtlas/ngocrong/x2",0,1],"274":["Sprite/InGame/net-5",0,1],"275":["Sprite/InGame/f5",0,1],"276":["Sprite/InGame/Icon101",0,1],"277":["Sprite/InGame/HeadBoss",0,1],"278":["Sprite/InGame/f3",0,1],"279":["Sprite/ImgLobbyNew/back",0,1],"280":["Sprite/ImgLobbyNew/binhdan",0,1],"281":["ArtNew/spine/Effect_gun_ice_ca1/Effect_gun_ice_ca1",0,1],"282":["ArtNew/spine/nohu/nohu",0,1],"283":["Sprite/InGame/sung-100",0,1],"284":["Sprite/Gun/1_1",0,1],"285":["Sprite/InGame/f1",0,1],"286":["ArtNew/spine/skeleton/skeleton",3],"287":["Sprite/InGame/ButtonChat",0,1],"288":["Sprite/InGame/net-2",0,1],"289":["Sprite/InGame/colorGold",0,1],"290":["ArtNew/img/song 2",0,1],"291":["Sprite/InGame/Icon102",0,1],"292":["ArtNew/spine/WarningDragon/WarningDragon",0,1],"293":["ArtNew/spine/nohu/nohu",3],"294":["ArtNew/spine/WarningDragon/WarningDragon",3],"296":["Sprite/InGame/Eff_Boss_4",0,1],"297":["ArtNew/AutoAtlas/ngocrong/ItemMiniBoss123",0,1],"298":["ArtNew/AutoAtlas/ngocrong/eff_ngoc",0,1],"299":["Sprite/InGame/free_efect'",0,1],"300":["ArtNew/AutoAtlas/ngocrong/MBLightning5",0,1],"301":["Sprite/InGame/rim",0,1],"302":["Sprite/InGame/xu",0,1],"303":["ArtNew/spine/skeleton/skeleton",0,1],"304":["ArtNew/AutoAtlas/ngocrong/dropEff2",0,1],"305":["ArtNew/AutoAtlas/ngocrong/B3",0,1],"306":["Sprite/InGame/MarkInGame",0,1],"307":["ArtNew/AutoAtlas/ngocrong/ItemMiniBoss1234",0,1],"308":["Sprite/Gun/7_1",0,1],"309":["ArtNew/AutoAtlas/ngocrong/Glow",0,1],"310":["Sprite/InGame/msakBlack",0,1],"311":["Sprite/ImgLobbyNew/bxh_banca",0,1],"312":["ArtNew/AutoAtlas/ngocrong/x4",0,1],"313":["Sprite/InGame/Layer 41",0,1],"314":["ArtNew/AutoAtlas/ngocrong/MBLightning7",0,1],"315":["ArtNew/img/Target1",0,1],"316":["ArtNew/AutoAtlas/ngocrong/MBLightning3",0,1],"317":["Sprite/ImgLobbyNew/top2_bc",0,1],"318":["Sprite/InGame/UserContent_Vip",0,1],"319":["Sprite/ImgLobbyNew/bg_banca",0,1],"320":["ArtNew/AutoAtlas/ngocrong/x5",0,1],"321":["ArtNew/AutoAtlas/ngocrong/x2 Bright",0,1],"322":["Sprite/InGameBg1",0,1],"323":["ArtNew/AutoAtlas/ngocrong/CTRITICAL",0,1],"324":["ArtNew/spine/Confetti/Confetti",3],"325":["Sprite/InGame/Eff_Boss_1",0,1],"326":["Sprite/InGame/bingdong_2",0,1],"327":["Sprite/InGame/bullet-100",0,1],"328":["Sprite/InGame/JackpotContent",0,1],"329":["ArtNew/spine/BeNgoc/BeNgoc",3],"330":["Sprite/InGame/ArrowSetting",0,1],"331":["Sprite/ImgLobbyNew/daigia",0,1],"332":["ArtNew/AutoAtlas/ngocrong/B7",0,1],"333":["Sprite/InGame/ProgressBoss2",0,1],"334":["ArtNew/AutoAtlas/ngocrong/Ball Bright",0,1],"335":["Sprite/InGame/fish_hand",0,1],"336":["Sprite/InGame/net-1",0,1],"337":["ArtNew/spine/fxLaser/fxLaser",0,1],"338":["ArtNew/AutoAtlas/ngocrong/B2",0,1],"339":["ArtNew/img/song 1",0,1],"340":["Sprite/Gun/2_1",0,1],"341":["ArtNew/AutoAtlas/ngocrong/eff1",0,1],"342":["ArtNew/img/name_ingame",0,1],"343":["Sprite/InGame/ButtonHelp",0,1],"344":["ArtNew/AutoAtlas/ngocrong/MBLightEF",0,1],"345":["Sprite/ImgLobbyNew/coin_banca",0,1],"346":["ArtNew/spine/hanbang/hanbang",3],"347":["Sprite/InGame/Setting",0,1],"348":["ArtNew/AutoAtlas/ngocrong/Image",0,1],"349":["ArtNew/AutoAtlas/ngocrong/B5",0,1],"350":["ArtNew/spine/NoBongBong/Fx_explosion",0,1],"351":["Sprite/InGame/Eff_Boss_2",0,1],"352":["ArtNew/spine/Confetti/Confetti",0,1],"353":["ArtNew/img/auto",0,1],"354":["ArtNew/spine/FX_luoi_effect/FX_luoi_effect",0,1],"355":["Sprite/InGame/f6",0,1],"356":["ArtNew/AutoAtlas/ngocrong/eff3",0,1],"357":["ArtNew/AutoAtlas/ngocrong/Hit Light",0,1],"358":["Sprite/InGame/f7",0,1],"359":["sprite-flag",7],"360":["ArtNew/AutoAtlas/ngocrong/x3 Bright",0,1],"361":["ArtNew/AutoAtlas/ngocrong/MBLightning6",0,1],"362":["Sprite/InGame/home_btn_mail_new",0,1],"363":["ArtNew/AutoAtlas/ngocrong/x5  Bright",0,1],"364":["ArtNew/AutoAtlas/ngocrong/kim",0,1],"365":["Sprite/InGame/text_jackpot",0,1],"366":["sprite-flag",8],"367":["ArtNew/AutoAtlas/ngocrong/Ball Sparkle",0,1],"368":["Sprite/ImgLobbyNew/top3_bc",0,1]},"types":["cc.SpriteFrame","cc.Texture2D","cc.AudioClip","sp.SkeletonData","cc.Asset","cc.ParticleAsset","cc.Prefab","cc.Material","cc.EffectAsset"],"uuids":["012KMoW9tGF5pjLHU/tolA","013zqm3flExYr1A07rUZgd","03cbsmhi9Dvr7j15X4qFY4","04/PwQqmpLAIRlvYnz/kzF","09JzjnSTlApr3H9ZoqwP+x","0909Vtb7hDgqougldTkz1c","0aphWDo5lKy5fQ9tl/2xBl","0azj00BnZISaOMbHCTsNGR","0dcbdgaGpPEZaGT7nXA4L2","0d8U0E1ARD/6UCjYTEqf0L","0fOQEuyPpJHYBtEzIRe03W","11W9TolOpFPrTSJqs4DxOI","12fbxqwPpHnYbW0iaQnH41","1291FFaN9NEabdTlRO4On3","136IiL4cdE5oWkfxPSkhqy","18zB9ph2NCoojwauyjZTg7","18z8b0NkxMKYDNxk9lHzi2","1akdekpgdDhrQuS2Po4tH0","1bVWhYmNhFQ5PxeU5NqopS","1beTV+KwVKE6uSN/0koXyG","1dNlrJUyZOWpGkhkN38LJQ","1eQRwm7OBJMZsmmXgESe+F","20ontPJUVKo7tdpG/+31bW","23t8JWAeJMW6W0Lc/vNNwT","26s3frlY5DwKtKG7cy023K","28PpYKnppBXKDeO1UsV8+S","2brP3ATCxJ777dNcmisC/w","2csCgUqK1HKKsz7StU2HTs","2fbyjoVQlCM4ZF7GKm6kYr","2fp2GZeA5H17PmeqZVrWg7","31/u3BJUlDOp9RyeOb/ZX+","34CQX1MjFKIrrUqEZO7mBO","34KspK3AtLm7nU9Ni8SMdB","36bagFYBVEOrMcvLPVuI1Y","38XWMQZg5HqpNPI6YDt43C","38kiCO/epORrMFSWEuFEy+","39Ze+Fu91EBbn3vsqwzYWM","3aaSXZuW1JA5MkH+HIfDZF","3a8GcWZttAB5jQx1jvr8Ze","3btk1DUxFKSJEEikqCzScJ","3cdWsI0pVLfKHQntpaR5ho","3cteGfbMpD+YtAhGxP3xsH","3eAAFK9AZNjbvyNExingAc","3frbvl7L9AzqmwhnD0C7Q4","40IdeKyl9PWIdXsYUHCsSm","40bCQogDJALotumeGRaqnB","41wpDWQ/ZCUpd6+xLJmrWw","44SkeGmbxI4bBQ/FEEDpQ+","46YabJK4RNXaLAXAkxgBNT","4aXP4CAaNAZZv80hEFuk9P","4b+xGZ9dNOwYpyLFOJESQO","4dgBY/IKpMYpcKS91cmjrx","4eF4TINIZCB6qYuUBnWiTi","4ePtjnxchHHq/MRCxgp7cH","4eXHwRKcVGmpekmeElO9Qr","4fjActUb5C2buLhPDmR6W4","51AxapqCZCQo41CR2ZkhXA","53OrByjdpC9ZXNmaMejA/h","54JZzvm8hAc47fIam0gTzC","587n39AdZAbbG9H7a60n28","5aUZ3aVVFKJ7N6l7Jf0TVu","5aiedU2BpOpYNvvt7k2S14","5cHYY7m4xL34Uf0Ww1mGne","5ckOBZVUxOSLYJ1NjlrqS4","5dDQEY27pPJ7e+4AkVCT/n","5d5FW3s8JG47ereDGYgtqP","5efqCZmWhFNqym0bNp3nQl","5fyE5DjddJDpMdR7RKYxju","60gHy1ML1CerlXRv3kNcNc","638f6UgNtGoKXSZipg/wAZ","645I1xAF1KSI08A6+xLj6K","646OB2f4tMNaRK4jJ360w8","65c72i6itBfKOioFJF3td7","650J9srY5Jw6Ur3/XMgCEw","66sCCw7jJLh7z15WsEVC2G","66uS+h0cJFur6a+fJMbfyQ","6aUMomS3JMn65TNPsjMO9L","6axZoX6jJB/oYVFB+M+lQp","6a5b4atz5BjLenYJD+UeXg","6b6r9UBMNF8bb5k99b8Yll","6co3OJEitB+6wEqo2rmHQd","6c+jki0BJDQqRM1nkJVTCH","6f1cPqlPxENIOO+6xO5MTt","6f1/4DoBpErJo1m8y2SD/I","71EpTxjo5P/Zsx4hK8GJI5","71ziOLRh5MRpAAqBBej85S","72vaohz01Mv7yM+STVxzzC","73BlFJyA1L9aCBRo869pJj","74dvaBNJ5EfZHXcszdSF5j","7aShNEezBNE7uUq9W+vjKX","7cXFjqF4dJAbUi8UJMTwmX","80by1LK5dEwJfrNuIi1oxW","80fiO4aeBLBbTZ0yi2rZS0","817uVXVCRMGorhY4z1tOM+","82roLG5lhERIuNZyjEL99+","84IfV66JZL0LrmJbiViyyh","84JfgbZ4ZL7pU7l48znD07","842TIhsetAnaAs/GVZsJoz","85WF6EcUZBZYmB8Cd/FMKp","86pXrFnFxDELlW1iex93qm","87oaiaKVNPk7jcf9q+dgmU","87r79gHitBIKUPZU1m3Nd+","89IFHlZzRL6rWs1HShGElF","89WOihV1VL3YL7eKfEBt4K","8cvF8DRp1C9KYyMJjjXq/F","8d+qA+QulDnp9EBIup0HzB","8fxr2c0nVMLp6VxW0FpTer","90xGE/ThlHoo35MGHgI3VH","92o/bHR2VBIoV3/mQMN1mP","92zoAsTr1MZZHiFYvdZAlz","93tuDAbYJL+Lr9ckmRhr/q","931CDU0zlK6K2Ptc4voHzb","94kJinF7ZPALavs1o5PTT8","944vvQFPNDgIe+hYwDHpbQ","958rS1D3FJ7IsXfocrfSgs","98PfODKA5OZKmQoDX3M00K","98VJNVkMFJhrEUnWTpsv+8","986yg67ahGVYCaKXjo9ngS","99XxzzM2dIF6dSlSLayU65","998df4kNBHyZxUsWuxxxME","9a52oPoblMOpjfMM9vBfWl","9blLVsLcpNpIUPJ+PrJou8","9cI2RNrfFLO5AYLp2fqnjS","9clEfeEWxMgrEDS4hLsUK/","9c/+eji59PS7mFCQ3lyhxC","9dEVEUsztPYZPaKe5UlBNt","9fBhxEFP1DJZB9eyMXY8PM","a0C8ADU+pL+Y5MLn87M1IV","a0RLhmrmdMKIMYaxSevSvJ","a0ygdSL6BPiqNEgiURJyY/","a1k8cx5LZPrIy4axW5Qpt1","a1wAKg9zZBKqGnYjekBA/9","a11MLanJtN7rBHOZ9J5vXq","a5tJniwrJJVax765ls9vfs","a6xnzVmw5ChK9pb72Lqy0C","a8CQI6p+NBlKcgfr9HTHIh","aad7EDai9J0aq46q/nEVS3","ac3NaSxUVENbGb5CtA2UgN","ac48bBabxIwZ9c+JvAnNdU","adk6HH6M9M2r7l7a0gzvFf","aduGz+CcFOXKGpU1E6bfUG","afNBJTSo9OtakuJ4yCpSwK","afyRhx6qhEOImfLrTtke95","b1jr4ofZ1NxLhPstaSKJrE","b14htxYbZJl5wCGuTxRS8E","b2xaK+IVBH1oiuJoyKHVkK","b3JMOrR/tA8ZXf7EIYItew","b3oNpK+MhMkbz/u3Mf6+9k","b53aPRCtpDXa7RzAO0AjwM","b6AA7Ir0VPf6ffAUYBe9x8","b6pUS5DaJFe7Z4t9hhtSlg","b67c/ngUNB+po/+A13AAOh","b7Cl3aSylPlZOa1YmKwqpO","bfBCiQW5xHZqm0x8tBM+d1","bfvv8WUPpBYqdxinGoFJN5","c1xbX728JLq6utIJejGFmY","c5HsrEWVhIVLQHAp4qee3B","c6ahWEWspBlIaPPo2d1vcA","c8BBhGdgNADqmOdaimlNXr","c9WDg7QyhIfILWv7fhtvQb","c97Gvm+odEZ6w1Wyh4OIEB","cceSbRwopBr5iG4KhrwoqM","cc3p1iXZpEPI+l9+o5N1f9","ceFNzFncdPNbgP/wfHme7H","ceesShRtpP7b91n2HF7RDZ","d0fKltEMNMtbKOs5RqdLOs","d7HHDk7b1AlL3Srt3LFfxi","d72m3l9vxPNr0C8ISdP1Nn","d9Y5SZ8udPVrf5n0+4Lwdo","daFiKUiVdEUr5PgdRG1l+v","dajuDrbY9CcZxrbGGI//O7","dbl47bdCZAEJIg0VrVZgX6","dcvzrlYotHkY1Qxzpxr0vx","dc5pgnyyNFirjkv9uhj0Jq","dc6NNi3btFxblX1L4loxw1","e0TzePyEdIRZk93WqQMbfj","e02rhqc0RFZoVHSFkzRHj4","e2FlOzrM1CzL87R1FoHoXM","e2WES/jmZGtKr7qN7PCbZX","e2hbNz88tJFpBfB6Y24Ol/","e3i4y4qTVCY5rzifwo8yU1","e4PnlozqRIYLKnfzXLb5yN","e4T1KjFUhGr6WbzEqYE/8W","e4c0bPA4BCH4MSnpZDxJtF","e5eEp/eUBAUaTNsA97piIh","e554UdSotOYr4tllqzGP7l","e6ToM84I5JxYIvDol9uLqD","e8okkQ4L1MMZjfV0yfwfpG","eb6R/i+5VFUoK+zUcrkp8S","ecjHKgKndBXpqzd7IUlTa5","ec8K+6Cl1AoJiYESax0VJ2","edES6VeP5JqYuvSsjNc2yD","eeU7/+xFlMBpUur3IrY2vb","ee6MSWllpIq65RpAm7N2bK","efyDP1HFZGYapWE198+4Bw","f0LDy1IRxLtZFkNGEnE1lm","f2PnizMl9AIrm/Go1zqeNK","f2YmAsmdZNq4MeOARlR19h","f3ITFDZ+9HYoVKLCZibii0","f4iMXJWPdOvJVTX0dAhqaY","f5A/zwQMtPhpZRznDi8QBa","f5PK4Te5dC5ZrI9D/rcQxV","f5U6ypbKFAoahA054FvHOc","fcDBx5zo5B0IRJz/Hwv3/W","fc55Sra4lEUrWJY5bqNfmC","fdqdw6RoJN3Y0MX52a3NPo","ffiorNYcdBMIB/zcb5jIzD","00BGiWjydN8JrM5EPmVbB0","00ZpQYTI5LqaUHE09OqfHF","00qCw3IDlH17paGHX6ynBW","007Yxem0BLrqos9m+aj+re","021Cxxr+ZGjJtC4McW21li","06SftlsoZE0qWfaKtqgpvu","0aqYmu7lRAI5+K3jSwtZK0","0a7XM8stpBFJmORpyaB5wW","0bh0YDjp9F6ZxAEZ0HmTCf","0bsjfBJd5C3aEWQ/VVQLur","0drN3wIK5A4bK7ypi70Bjg","0eCp6+r5pEZZ1DsBocsiFB","0ez8AGSUtPwZCvnMEJYZ95","105ly6t2ZFmrq/YOzU019j","12ARZ0FIJIZK8Dq6Y+/gDg","12nb51YSREXZcBZsaK0b+6","120dYj0pFCbql6VFz18zIr","13brh3g7lJ8Y9Z3h4cGyGA","17dTg3rxZCzpSCUBM+Kp0s","17sEB6wrJFk6DCQCD1sW0x","19pDO7WeZEDZ443ZSWkFtE","1cSAOEAaJBSZqX1510sgDs","1cUUN5CWlD1pcUxTC5GRms","1cc2pO2EBAAIphjfFocFH1","1eD6WYAb5Nsb1Jh+ECY0LQ","22K4ZA5sFNfJEAjkiCVr3i","22V8d5V2tK3YBa+kWxJSzG","22ef/EpzlHlY6vcaYtURgQ","22k+kDAP1ElYb5ODVhoVYF","229X2rqohA14plv4M7o61w","24uGNgO8ZLHLMFcfM88ctm","25PyXLzV1ITazNDwfoLVvC","25qBDjbwpLZY0DdZrSB+2Q","27aWmWClhE3IKbHNTu1wkQ","2dV3oK2fVAjI43QTT7TdYY","305maMmSxI37uuGAm1loEc","31GJUXMd1H4IuTlcgnqKTR","33lXpM5BFANLuZ2LvL4V98","34BiYrc8dM645KRs71zPNp","34+qqMjC9Cvb/h8XSYSBbf","35V2i+4p1Du7cM+YiPBHWi","36NYqUQLVBYoxxgZHKi+ug","388jATT5ZCpqW8OTv4kSo0","39FdcsBR9OOLHhmmGyorgw","3dVJHyNzxGxKJe3HiUBvhH","3eH5eFr7ZJDol1pO0pTIVB","3fy0BFBXBCI6C1uiIX+yN3","3f72mRCD9O74c3sHmsn5ee","424K8boyFLGLNrmyujgF9q","4442S1XmJAHqrSr1Isc4QC","47akwU3uZBRov+M0STC7+2","47pLsnqLpGdZmluENtDWU/","4bCS6j6TdChph3EolXpLf3","4boP3ZkNJO6YUM8PGgTsN6","4ePy00WvZJHYr5ESx96mPQ","51zuYsz3tGs4IyUyQv3FAY","54V37X/MpHZreKZE6j2otX","55/7UalyJJG7JyzBLbOQqN","56pc8QGBhHbK2Uf53zrBSJ","57qtCrOWtKsbaWHrT4laMk","57q8LtvzNB17b92n2xJxiz","575p2gT81Bw4TyCOAfUjVU","58zLLV6KhNsolmTV3rswfI","5bPEmorLBFLa+ifgzMRMtz","5bojTae/JAj5lJvu2huCIp","5b7eFRHPpFo4ihyekYaC/e","5cQS+YkC1CR7m+ieqpV/KH","5eOIme54NJbLeiSWCRnN+G","60YOF1fchIx5IEq02pdFK1","605aA9ZBZPVa3n50fd4gCg","62wELbJ5dM96b5PoqqXi0h","64sgyhgS1Ln5Xlcs4thNwX","645HP2NGNNFpJUH8BKIeG7","648w4bBZ5GrpeXh28PhZyN","68osFu8sVLPbHk7G/BoNmb","69ffzbbx9CeoeW0+DESd09","6eQRyYZg1BEaNDfRhOCSvd","6fyzINzIhJbLiTDYZHHNWK","70e109AFlGxJEgrwA80VWO","71M9CqyyJO+aasJyT0wIR/","72JCdbCoZPmJyxs5mGKv9Y","74lyda6WlA6LXNk4igHCSY","7585PJ7YFNr69R9k8dfnVS","76llvh+mVDBoqK78RS2NO+","768SIfjAxCk5APUh6ueYx4","77aY6nvPRLgqVqK8wkEuFO","78gd4zQIJNpLsNGbS0lWSg","78u/8KJVJK+4z5/VLzB72u","783BOu4xZObJndnGNWm/f/","79WRqY5KlIbZ6T0cfAvDC+","79j3oMr75OyboDsBb2XORr","79tuBaMIJG/4NnEauPIm8v","79zGM94zNE24zMOlRzOZSW","7cXUI46w1FEKSPOhLMgvUn","7eBVMXcFtDhq0OfyPZSOW9","7fRnzj/BxBNJwkI7xKggvV","80ZQo5HhxCLqJi1ppc7qjZ","80tuMHrGZDy78Gp56uAJcE","83i1ZR+WRI/5Uz/6QzIjG+","84pqWYjdZJkqprXrJcHRd3","85ViCi/DdE+K0NkW66OWVi","88oZ8jqZtArreQwoMxYCW7","89lcTqjIVHVbZp81LTuHFF","8a/rmKZ3NFC67Skib1RMeX","8dkdvYtx9MoqhZQs6+mWyx","90qTKHLZBJCKkAAYpdt/Qe","98Y4lAJdJJd5gDZvYxE2Or","987nYJbpxPk5CzeXqfWW3h","a0d5WJAPtGh6We8yfVjHDS","a0n/+pJFtJC4YbLVSy56tJ","a1msM+4bxOq6i2a0dac/ZP","a1teMr6cFP0YPIGrFuyFJ4","a2QOkSVCVIvJszSLKAaSSz","a2QSJrd4dNiJuO6W3xdw4J","a2nJ3DZO1IkqOLpuijtEVE","a3e0ft7QNJKJkFHkWSySMU","a337VreppOZIvs+S9BjcL7","a66Nlvj4VAr7rOn0sPD9jV","a9UM5TgE9Njb3Dz8y+Voce","a92G0H3YNMK5BH/1DsP2Kn","abLGXdgLZOOrX1TiBP/o8n","abo1SGeKRDCoDu0aluFkCV","ac8TNGglJOgqLeNIqfcJSJ","adc0tr5TVFy6BuMo7Fr0p3","afLi5FAi5E2rejHxKFSzAR","aftP/r6NJAZ6U5pkiBgyEK","b08JnkoIBCUJeCyb2AktDi","b1/jhj33hC+qEd3Omh9AN6","b226XROkxLVqI0i2pXS0hp","b5T3tgr69OSaz2lV9Cutuh","b8qg2QxUpEM7GlsYM2njWY","bbF+PVAItHz42e8C+ekPDJ","bbK1aDYZhFC4mOVcFM5OQp","bbW/M8mgFLDq9yXi/UtFUK","beEIqtOchO05WWGCEPqEU1","c2Gh1Pt7FEdpsJ6KpxLhhM","c3wU8nEpNLMr5RJLkFwZ3b","c4AXsC1gJEEYi38DLDetZp","c5b/XUxM5D5Zlc4ueNwS6x","c6wiyatipBNr5192/H3Ulm","d3mX4ylWRO4bbIFRQPDI8v","d30fVboN9PSJlr4IkJwM5z","dcMkk/dyhDY6QRs6bgtDYa","ddveijEBhJsZZrq6gbuN1d","dey0VBSGFHuYutvEpWyYDk","e0AXDeKrpN0JzDB5R7KeUa","e5dbo2B3FBY6puxXma2hj+","e6djcXIhBMEYgj61tj13RS","e90WRR7WxHYJQFGOd9Nray","eaOiY6Mj9DPLEO3MLjkhiv","ebEoqxaZZD5Y9zeixt5pT6","edSPYdz4tDDqLKkXYzQar+","f0qj6LC0lG3JsuUr335I5x","f11PJGeAdC5KoKhYIQDg1p","f45+PAag9Hv4gmu6O7MD8d","f5I4J7aYhMjK0JzHC7Bkg4","f5x8bCIsJB7bQVu1xVJ/dl","f8ZV/VsxxJqrZmVt+l6vID","f9E+ShkgZHYatRwNlkk4/v","fbjlkabHpMIojtE3Uhtvpv","feyByKnr5GNYPWH4lxbEvH","ff1opIl2BFwKCc/V8kLXEr","ecpdLyjvZBwrvm+cedCcQy","ffORM/2FJLZqH393rJ1QHX"],"scenes":{},"redirect":[369,0],"deps":["internal"],"packs":{"03e44f4fa":[302,158],"047b1faf0":[0,1,2,3,4,5,6,8,9,11,12,14,15,16,17,18,19,22,23,24,26,27,28,29,30,32,35,36,37,38,39,40,41,42,43,44,46,47,48,52,53,54,57,58,59,60,61,62,65,66,67,69,70,74,75,76,77,78,79,80,81,83,84,85,86,87,88,295,89,90,91,93,96,98,99,100,101,103,106,107,108,109,110,112,113,114,115,116,117,118,119,120,121,122,124,125,126,128,130,131,133,134,135,137,138,142,144,145,146,148,149,151,152,153,154,157,161,162,163,164,165,167,171,174,175,176,177,182,183,184,185,186,187,188,190,191,192,193,194,196,197,198,200,201,203],"0730083db":[359,366],"0eff21e35":[231,240,257,273,312,320,321,360,363,364,370]},"name":"31","importBase":"import","nativeBase":"native","debug":false,"isZip":false,"encrypted":false,"versions":{"import":[207,"4f6a3",208,"d91fa",209,"62ff8",210,"d0195",211,"5b6b3","03e44f4fa","bf9b7","047b1faf0","54a14",212,"ed62c","0730083db","8404f",213,"45bbd",7,"9e8bf",214,"28325",215,"e62f7",216,"5efef",217,"71177",218,"56e63",219,"4f95d","0eff21e35","e4855",10,"86440",220,"82253",221,"a7d24",222,"4ee7d",223,"28c35",13,"948cd",224,"da4bb",225,"ff694",226,"8231a",227,"102bf",228,"4d435",229,"7060d",230,"823e3",20,"815ea",21,"f91b2",232,"5165b",233,"f205e",234,"149a2",235,"61eb9",236,"57e96",237,"ea0e2",238,"c9b61",239,"d0f66",25,"a3a34",241,"e4128",242,"c19b4",243,"f0f92",244,"e1ee0",245,"4df91",31,"9e516",246,"8361d",247,"d52ac",248,"daf71",33,"54cd2",34,"a740a",249,"cd758",250,"b80e9",251,"0189b",252,"c35e4",253,"976a6",254,"30a2b",45,"58704",255,"31d61",256,"f181e",258,"6dca3",49,"55498",259,"43e88",260,"e2cf2",50,"daf08",51,"925c4",261,"1d810",55,"2a53a",56,"5ad59",262,"44996",263,"94371",264,"faf3f",265,"a106b",266,"c3fd7",267,"8bb56",268,"a6a0f",269,"2b0c2",270,"15766",271,"b3042",272,"0db89",63,"17e06",64,"e9d89",274,"dbc9b",275,"21cda",68,"225de",276,"87598",277,"6449c",278,"9d02e",279,"d2ea9",71,"42988",280,"6ff4b",72,"e4cb3",73,"e4b86",281,"0c218",282,"df3d8",283,"95ff4",284,"f2a57",82,"0fcf2",285,"8ad00",286,"57b31",287,"4afbe",288,"08f78",289,"d54d3",290,"b4952",291,"49532",292,"d7bc1",293,"780bc",294,"f9e99",296,"8dff7",297,"6ea58",298,"85efd",299,"e419c",300,"1af12",301,"4cfcf",303,"1224e",92,"2f91d",304,"f48ee",94,"659bb",305,"7cd77",95,"7f841",306,"3d1e7",97,"41b17",307,"632e8",308,"959ea",102,"5cc37",309,"543a2",310,"e69c6",104,"8dc93",311,"768b7",105,"41ec7",111,"08689",313,"c9468",314,"1af72",123,"719c1",127,"12d6a",315,"3206d",316,"7953d",129,"d2b56",317,"c892e",318,"a3522",132,"153b7",319,"fe86e",322,"a2318",323,"e51a3",324,"7a073",325,"137d3",326,"496e8",136,"7dc32",327,"dce5e",328,"09c60",329,"5c15b",330,"076c6",139,"a9683",140,"d3b03",331,"04e6f",141,"f09cc",332,"a2b81",333,"27c9c",143,"fff0a",334,"704c5",335,"8fc39",147,"afbac",336,"a5bbc",150,"db38c",337,"3084e",338,"fc7df",339,"3e738",340,"8f5e3",341,"adcfc",155,"a36c7",342,"c97ad",343,"889fa",344,"ceb3a",156,"ab3b5",345,"771d0",346,"8d634",159,"fc3e3",160,"a1bcd",347,"5dfca",348,"31663",166,"05001",168,"09bf8",169,"08641",170,"2f433",349,"6ceef",172,"277df",173,"6f57f",350,"b75ef",351,"6e8e5",352,"f5ce2",178,"fa2de",179,"4ad74",180,"94632",181,"06c9e",353,"0bd71",354,"cd7ea",355,"e5c1c",356,"b6a52",357,"0ba27",189,"b76c0",358,"b1e43",195,"df94e",199,"d7942",361,"a82a5",362,"cbaeb",202,"d3095",365,"8337a",204,"3741e",205,"21b8e",367,"0c159",206,"22778",368,"bfb93"],"native":[0,"e5387",1,"cb4b3",2,"c2b8e",3,"229c6",4,"c8d25",5,"e9af0",6,"6849f",7,"240d6",8,"aa39e",9,"70040",10,"03ec3",11,"98890",12,"4cad0",13,"2b042",14,"2f181",15,"0dfc9",16,"7085a",17,"84c4f",18,"ef09d",19,"9d692",20,"3af33",21,"96852",22,"68f1c",23,"ec924",24,"e66a6",25,"00443",26,"bb6ad",27,"b70de",28,"949e4",29,"f32f1",30,"36ffb",31,"e2334",32,"163e8",33,"b035f",34,"1a235",35,"9e6a1",36,"61874",37,"c6f5f",38,"43571",39,"93719",40,"d763b",41,"537f3",42,"797ca",43,"9137b",44,"577fe",45,"75b3c",46,"260b7",47,"2734a",48,"ebdd5",49,"a0277",50,"95744",51,"c1889",52,"ede71",53,"3dba8",54,"68134",55,"24e7b",56,"84868",57,"86419",58,"004de",59,"b4578",60,"a0381",61,"786a8",62,"6bbdc",63,"73264",64,"e622d",65,"e7398",66,"7efd2",67,"52d53",68,"56ac7",69,"e9e87",70,"748d7",71,"79f02",72,"58f56",73,"c9aa3",74,"22166",75,"0d3b3",76,"f7bec",77,"98890",78,"a278e",79,"529c7",80,"8a44a",81,"2e234",82,"a9b34",83,"3d75a",84,"5256d",85,"17355",86,"0fe2c",87,"f32f1",88,"298bb",295,"bcf7a",89,"bc4d0",90,"1d974",91,"94d65",92,"5fe76",93,"96ecb",94,"cd753",95,"2b3d3",96,"02a50",97,"29173",98,"ea2d2",99,"f7263",100,"965cc",101,"6ccea",102,"95744",103,"0ad0a",104,"91313",105,"cbb7d",106,"21d82",107,"1b2d7",108,"1d51d",109,"17d7c",110,"baac1",111,"6c13c",112,"63bce",113,"5db22",114,"801d4",115,"c6a49",116,"83a08",117,"95434",118,"c35d6",119,"2201b",120,"ccc34",121,"71ba1",122,"05e6b",123,"ed4a7",124,"45ae8",125,"2fb5d",126,"22033",127,"3438d",128,"74c97",129,"dd53c",130,"8f689",131,"ba3ed",132,"454e9",133,"24277",134,"fbcf0",135,"35197",136,"d0d68",137,"8956a",138,"b3690",139,"05faa",140,"d420f",141,"cd571",142,"6ab47",143,"e9195",144,"5ad2a",145,"08423",146,"b7503",147,"92d24",148,"8f3b8",149,"2f98d",150,"3bef3",151,"1f683",152,"ea475",153,"d4349",154,"881c3",155,"46d71",156,"8de30",157,"23530",158,"3edbe",159,"3438d",160,"eb7c3",161,"b6d5a",162,"04b5c",163,"22ce7",164,"fd607",165,"8e8f3",166,"0dea4",167,"a66dc",168,"49035",169,"f4175",170,"22dc1",171,"4afee",172,"550a6",173,"00b4b",174,"81ec8",175,"05323",176,"10168",177,"3b929",178,"182ab",179,"13571",180,"986ac",181,"f1238",182,"75d0c",183,"ec1aa",184,"e21ef",185,"f85b2",186,"32c95",187,"813df",188,"e0f60",189,"e0e45",190,"b338d",191,"d7396",192,"91d0e",193,"79fcb",194,"7140f",195,"355d6",196,"a12aa",197,"91478",198,"ff97b",199,"28253",200,"2de58",201,"71c80",202,"8c096",203,"48f5d",204,"d97f7",205,"becee",206,"c77c0"]}}