[1,["e6mWAY101MfJqqX0TU05vb","4aIoppd19HwadZBalqLHXF","31dcCKpX9LT5Cl2CFT7yXg","abGEQ+vwVF6aHcMyTYrps3","2bcDhnVHpFH5RhLSNrxUIy","f1G680BXNMDoOlXJXZVWom","8fk0Q9kopNr6gT11r4cl5e","eezTelHGhArY6y7eukmF5+","c9bfir8TZBqoRTrOX1Sln1","ffnyd/o/VOE4MWA+Ub/XIC","6cfBOKrqpJubYJO+ZcqCT/","5bKD3eM1xMP7vjNj81i51U","12Nwa4HwZJ6L891qzJ9Ym4","38FuldS2JJdbGE9dZzdlKB","5c5ejMja5CYrTIRoWF9hPY","24rpmptttB4pVq7aMq9w28","dfGR6vJaVIS5jOBKv/7bIG","15B0ZYbpBIBrrgCUrRq8Ie","65ghTteqpOnJhufja79vHQ","42GdTzOJFAUKjf08sI4SI8","40cu+dG6VI7Yk71Padiqx+","f5Z0lGf6BDPZqQXgKXWe8B","d1YsKrurxJGofTe/LN/roL","3fheTGljRNyaThMQvL+TRb","9cTX5+wG5FN4w8O7ShPkma","8dYATFJDtKgY3SIFAuBC9e","2fTSi7pI1LQJXXeSBK/55f","39/s5LdFxLg4RAnkrPXCcG","9dc9LsAfFKMbVUoo8A2SKb","d5qOSBd0RDT5y2bedxl2WJ","ef0ceXsOdAYJRDxGqKjT3r","62oihGGvhFTbLpN2+4Pnzl","f1FH1t+oFJn4adhITXYG4L","94WFO0GS9AlZ2Zh9oWTFsZ","aeq4T1YX5K2a+lPSTNjGZD","c0vAuZaIZM8YNqbhX6kFOd"],["_textureSetter","3","4","5","6","7","8","9","10","11","12","13","14","15","16","17","18","lineLSP","btnDen","btnXingau2","btnXingau3","lineBoder3","btnTrang","btnXingau2Unsellect","btnXingau3Unsellect","btnXingau1Unsellect","btnXingau1","lineBoder2","cauden","3x","cautrang","18x","icoExit","icoNextCopy","icoNext","btnDo"],["cc.SpriteFrame",["cc.SpriteAtlas",["_name","_spriteFrames"],2,11]],[[1,0,1,2]],[[[{"name":"18x","rect":[623,194,23,23],"offset":[0,0],"originalSize":[23,23],"capInsets":[0,0,0,0]}],[0],0,[0],[0],[0]],[[{"name":"btnDen","rect":[280,168,144,29],"offset":[0,0],"originalSize":[144,29],"capInsets":[0,0,0,0]}],[0],0,[0],[0],[0]],[[{"name":"icoNextCopy","rect":[104,168,23,35],"offset":[0,0],"originalSize":[23,35],"capInsets":[0,0,0,0]}],[0],0,[0],[0],[0]],[[{"name":"icoNext","rect":[78,168,23,35],"offset":[0,0],"originalSize":[23,35],"capInsets":[0,0,0,0]}],[0],0,[0],[0],[0]],[[{"name":"btnDo","rect":[130,168,147,29],"offset":[0,0],"originalSize":[147,29],"capInsets":[0,0,0,0]}],[0],0,[0],[0],[0]],[[{"name":"btnTrang","rect":[427,168,80,29],"offset":[0,0],"originalSize":[80,29],"capInsets":[0,0,0,0]}],[0],0,[0],[0],[0]],[[{"name":"3x","rect":[649,194,23,23],"offset":[0,0],"originalSize":[23,23],"capInsets":[0,0,0,0]}],[0],0,[0],[0],[0]],[[[0,"Alats5.plist",[{},"3",6,0,"4",6,1,"5",6,2,"6",6,3,"7",6,4,"8",6,5,"9",6,6,"10",6,7,"11",6,8,"12",6,9,"13",6,10,"14",6,11,"15",6,12,"16",6,13,"17",6,14,"18",6,15,"lineLSP",6,16,"btnDen",6,17,"btnXingau2",6,18,"btnXingau3",6,19,"lineBoder3",6,20,"btnTrang",6,21,"btnXingau2Unsellect",6,22,"btnXingau3Unsellect",6,23,"btnXingau1Unsellect",6,24,"btnXingau1",6,25,"lineBoder2",6,26,"cauden",6,27,"3x",6,28,"cautrang",6,29,"18x",6,30,"icoExit",6,31,"icoNextCopy",6,32,"icoNext",6,33,"btnDo",6,34]]],0,0,[0,0,0,0,0,0,0,0,0,0,0,0,0,0,0,0,0,0,0,0,0,0,0,0,0,0,0,0,0,0,0,0,0,0,0],[1,2,3,4,5,6,7,8,9,10,11,12,13,14,15,16,17,18,19,20,21,22,23,24,25,26,27,28,29,30,31,32,33,34,35],[1,2,3,4,5,6,7,8,9,10,11,12,13,14,15,16,17,18,19,20,21,22,23,24,25,26,27,28,29,30,31,32,33,34,35]],[[{"name":"icoExit","rect":[2,168,73,38],"offset":[0,0],"originalSize":[73,38],"capInsets":[0,0,0,0]}],[0],0,[0],[0],[0]],[[{"name":"lineBoder3","rect":[130,200,21,386],"offset":[0,0],"originalSize":[21,386],"rotated":1,"capInsets":[0,0,0,0]}],[0],0,[0],[0],[0]]]]