[1,["1a7cc9830"],["_textureSetter"],["cc.SpriteFrame"],0,[[[{"name":"ib_vfx_c_add_04","rect":[1,1,648,119],"offset":[0,0],"originalSize":[648,119],"rotated":1,"capInsets":[0,0,0,0]}],[0],0,[0],[0],[0]],[[{"name":"ib_vfx_c_add_09","rect":[122,1,648,119],"offset":[0,0],"originalSize":[648,119],"rotated":1,"capInsets":[0,0,0,0]}],[0],0,[0],[0],[0]],[[{"name":"ib_vfx_c_add_05","rect":[243,1,648,119],"offset":[0,0],"originalSize":[648,119],"rotated":1,"capInsets":[0,0,0,0]}],[0],0,[0],[0],[0]],[[{"name":"ib_vfx_c_add_03","rect":[364,1,648,119],"offset":[0,0],"originalSize":[648,119],"rotated":1,"capInsets":[0,0,0,0]}],[0],0,[0],[0],[0]],[[{"name":"ib_vfx_c_add_06","rect":[485,1,648,119],"offset":[0,0],"originalSize":[648,119],"rotated":1,"capInsets":[0,0,0,0]}],[0],0,[0],[0],[0]],[[{"name":"ib_vfx_c_add_01","rect":[606,1,648,119],"offset":[0,0],"originalSize":[648,119],"rotated":1,"capInsets":[0,0,0,0]}],[0],0,[0],[0],[0]],[[{"name":"ib_vfx_c_add_10","rect":[1,651,648,119],"offset":[0,0],"originalSize":[648,119],"capInsets":[0,0,0,0]}],[0],0,[0],[0],[0]],[[{"name":"ib_vfx_c_add_08","rect":[727,1,648,119],"offset":[0,0],"originalSize":[648,119],"rotated":1,"capInsets":[0,0,0,0]}],[0],0,[0],[0],[0]],[[{"name":"ib_vfx_c_add_00","rect":[1,772,648,119],"offset":[0,0],"originalSize":[648,119],"capInsets":[0,0,0,0]}],[0],0,[0],[0],[0]],[[{"name":"ib_vfx_c_add_02","rect":[848,1,648,119],"offset":[0,0],"originalSize":[648,119],"rotated":1,"capInsets":[0,0,0,0]}],[0],0,[0],[0],[0]],[[{"name":"ib_vfx_c_add_07","rect":[1,893,648,119],"offset":[0,0],"originalSize":[648,119],"capInsets":[0,0,0,0]}],[0],0,[0],[0],[0]]]]