[1,["bdRpPbTjtLNLkf63xzcs8A","31Vw7TLqJJHK3qWv5KxBOH","4dLJVsVfRBe7Akwq/cySAy","5bmif/UV5EfIZymN6UQzex","6fCmhwi4ZC94TV+vmn2gPn","1cvsRc6XdEX6rxb9PT9/Mu"],["_textureSetter","Background","IconWinBoss","LeftMonster","OverlayMask","TextComming"],["cc.SpriteFrame",["cc.SpriteAtlas",["_name","_spriteFrames"],2,11]],[[1,0,1,2]],[[[{"name":"Background","rect":[2,2,457,646],"offset":[0,0],"originalSize":[457,646],"capInsets":[0,0,0,0]}],[0],0,[0],[0],[0]],[[{"name":"OverlayMask","rect":[170,914,256,82],"offset":[0,0],"originalSize":[256,82],"capInsets":[102,14,103,18]}],[0],0,[0],[0],[0]],[[[0,"AtlasBossCaLongDenPack0.plist",[{},"Background",6,0,"IconWinBoss",6,1,"LeftMonster",6,2,"OverlayMask",6,3,"TextComming",6,4]]],0,0,[0,0,0,0,0],[1,2,3,4,5],[1,2,3,4,5]]]]