[1,["d0loqnLjtKXJ9W+JEbdnUG","49KQZESM9HcrhoP4jcLYV2","2ewRh3LxlG7reHQBcfREa2","1aEsOLqthKD6ZS6l0KIRUb","32baNp/vVLqq+SsTHnUaZ6"],["_textureSetter"],["cc.SpriteFrame"],0,[[[{"name":"lsgd-icon","rect":[0,0,59,59],"offset":[0,0],"originalSize":[59,59],"capInsets":[0,0,0,0]}],[0],0,[0],[0],[0]],[[{"name":"btn_tudong_on","rect":[0,0,186,75],"offset":[0,0],"originalSize":[186,75],"capInsets":[0,0,0,0]}],[0],0,[0],[0],[1]],[[{"name":"bg","rect":[0,0,728,394],"offset":[0,0],"originalSize":[728,394],"capInsets":[0,0,0,0]}],[0],0,[0],[0],[2]],[[{"name":"help-icon","rect":[0,0,59,59],"offset":[0,0],"originalSize":[59,59],"capInsets":[0,0,0,0]}],[0],0,[0],[0],[3]],[[{"name":"title_minipoker","rect":[0,0,434,193],"offset":[0,0],"originalSize":[434,193],"capInsets":[0,0,0,0]}],[0],0,[0],[0],[4]]]]