[1,["ecpdLyjvZBwrvm+cedCcQy","5axAftzb5P5oqjf/pOqrD5","76Oo+hdZBIC58PkmtS6Hpa","1f5b0c8c2","7f9NnFT7RPurk/5/cROe8/","b7hCjpGF5HrZlHL2T9woqs","8cZ3JofZVPjor97RGYwcKw","92fEDHi+lLsJAD7qFWEiAS","a2MjXRFdtLlYQ5ouAFv/+R","7b4nbv3VlINJmYUy1w49QT","3axuIYoSNFGalm5tgN2kOs","b7akvhnLtAIK6W30/6TKPc","c0y0OAlztCO5C7xYelUwa6","5cvjr4r6RMx63AaBT1NvUl","95hZpwuo5AyKdO158ct8Fa","edhlVgjQ9BbrJlV78ohN47","15e63e393","19c77c0d7","011uwZGO9OnrEYQkVvwKsg"],["node","_spriteFrame","_N$file","_textureSetter","root","itemHisTemp","scrItemHis","lbPage","lbSession","data","_parent","spriteFrame"],[["cc.Node",["_name","_active","_opacity","_components","_prefab","_contentSize","_parent","_trs","_children","_color","_anchorPoint"],0,9,4,5,1,7,2,5,5],"cc.SpriteFrame",["cc.Label",["_string","_isSystemFontUsed","_fontSize","_N$horizontalAlign","_N$verticalAlign","_styleFlags","_lineHeight","node","_materials","_N$file"],-4,1,3,6],["cc.Sprite",["_sizeMode","_type","node","_materials","_spriteFrame"],1,1,3,6],["cc.Node",["_name","_parent","_components","_prefab","_contentSize","_trs","_children","_color"],2,1,2,4,5,7,2,5],["cc.Widget",["_alignFlags","_originalWidth","_originalHeight","_right","node"],-1,1],["cc.PrefabInfo",["fileId","root","asset"],2,1,1],["cc.ClickEvent",["_componentId","handler","customEventData","target"],0,1],["cc.Prefab",["_name"],2],["459b67FXrVD/I05ckH3Ox8M",["node","lbSession","lbPage","scrItemHis","itemHisTemp"],3,1,1,1,1,1],["cc.Mask",["_N$alphaThreshold","node","_materials"],2,1,3],["cc.BlockInputEvents",["node"],3,1],["cc.Layout",["_resize","_N$layoutType","_N$paddingTop","_N$spacingY","node","_layoutSize"],-1,1,5],["cc.Button",["node","clickEvents"],3,1,9],["cc.ScrollView",["horizontal","brake","bounceDuration","_N$horizontalScrollBar","_N$verticalScrollBar","node","_N$content"],-2,1,1],["cc.BitmapFont",["_name","fontSize","_fntConfig"],0]],[[6,0,1,2,2],[0,0,6,3,4,5,7,2],[3,2,3,4,1],[2,0,2,1,3,4,7,8,9,6],[3,0,2,3,4,2],[13,0,1,1],[0,0,6,8,3,4,5,2],[0,0,6,8,3,4,5,7,2],[4,0,1,2,3,7,4,5,2],[5,0,1,2,4,4],[7,0,1,2,3,4],[2,0,1,5,7,8,4],[8,0,2],[0,0,8,3,4,5,7,2],[0,0,1,8,3,4,5,7,3],[0,0,2,6,3,4,9,5,3],[0,0,6,3,4,5,10,7,2],[0,0,6,3,4,9,5,7,2],[0,0,6,3,4,5,2],[4,0,1,6,2,3,4,5,2],[5,0,3,1,2,4,5],[9,0,1,2,3,4,1],[6,1,2,1],[3,1,0,2,3,4,3],[10,0,1,2,2],[11,0,1],[12,0,1,2,3,4,5,5],[7,0,1,3,3],[2,0,2,1,7,8,9,4],[2,0,2,6,1,3,4,7,8,9,7],[2,0,2,6,1,5,3,4,7,8,9,8],[14,0,1,2,3,4,5,6,6],[15,0,1,2,4]],[[[{"name":"MyriadB_RNG_Gold-export","rect":[0,0,378,378],"offset":[0,0.5],"originalSize":[378,379],"capInsets":[0,0,0,0]}],[1],0,[0],[3],[7]],[[[12,"PopupHistory"],[13,"PopupHistory",[-8,-9],[[9,45,1280,720,-2],[21,-7,-6,-5,-4,-3]],[22,-1,0],[5,1280,720],[640,360,0,0,0,0,1,1,1,1]],[6,"Container",1,[-11,-12,-13,-14,-15,-16,-17],[[2,-10,[39],40]],[0,"735bqECGhHZYHsVSvqNTtT",1,0],[5,992,642]],[7,"bgContent",2,[-19,-20,-21,-22],[[23,1,0,-18,[15],16]],[0,"2f9B7k6p5C242uIbChvgRD",1,0],[5,918,395],[3,-26,0,0,0,0,1,1,1,1]],[14,"itemHistory",false,[-24,-25,-26],[[4,0,-23,[23],24]],[0,"15LF8p2dlJ1pOp3sOmvSOh",1,0],[5,920,50],[0,97.5,0,0,0,0,1,1,1,1]],[19,"scr",2,[-28,-29,-30],[-27],[0,"f4MQWbaYhKY51yLbgjoTYt",1,0],[5,913.5,339],[3.2,-49,0,0,0,0,1,1,1,1]],[6,"view",5,[4,-33],[[24,0,-31,[25]],[20,45,3.552713678800501e-15,240,250,-32]],[0,"aaM3m8mZlBQ6fH+gxlgzsX",1,0],[5,913.5,339]],[7,"bgPageIndex",2,[-35,-36,-37],[[2,-34,[37],38]],[0,"35+qpg4JNFxq36WrWkBB6G",1,0],[5,285,53],[0,-287.532,0,0,0,0,1,1,1,1]],[15,"splash",150,1,[[4,0,-38,[0],1],[9,45,1280,720,-39],[25,-40]],[0,"eeWsR3ejhF+rv+Ytw/I8yc",1,0],[4,4278190080],[5,1280,720]],[16,"content",6,[[26,1,2,5,5,-41,[5,220,50]]],[0,"a3MXh751JB9JxfcXtywMg9",1,0],[5,220,50],[0,0.5,1],[0,169.5,0,0,0,0,1,1,1,1]],[1,"btnClose",2,[[4,0,-42,[30],31],[5,-43,[[27,"459b67FXrVD/I05ckH3Ox8M","onClickClose",1]]]],[0,"a9jtvB8hJPT6f5uPfkN2MU",1,0],[5,90,90],[520.831,233.869,0,0,0,0,1,1,1,1]],[1,"btnNextPage",7,[[2,-44,[33],34],[5,-45,[[10,"459b67FXrVD/I05ckH3Ox8M","onClickChangePage","next",1]]]],[0,"200nvkF2hNy7PkQgcxLRvU",1,0],[5,35,52],[70.789,0,0,0,0,0,1,1,1,1]],[1,"btnPrevious",7,[[2,-46,[35],36],[5,-47,[[10,"459b67FXrVD/I05ckH3Ox8M","onClickChangePage","previous",1]]]],[0,"e4X1aSSwpL/Yt0yCKKoY1U",1,0],[5,35,52],[-70,0,0,0,0,0,1,-1,1,1]],[1,"panel_general_big",2,[[2,-48,[2],3]],[0,"36AJU6ChBEf5SuHxZG8Mba",1,0],[5,625,681],[-312.5,0,0,0,0,0,1,-1,1,1]],[1,"panel_general_big copy",2,[[2,-49,[4],5]],[0,"f9Kcns6WNFvKLAK0Uij3w8",1,0],[5,625,681],[312.5,0,0,0,0,0,1,1,1,1]],[1,"MyriadPB_Title_Gold-export",2,[[28,"LỊCH SỬ CƯỢC",32,false,-50,[6],7]],[0,"c1aQRbTwNPkpqOYzs0Lai2",1,0],[5,303,40],[0,265.314,0,0,0,0,1,1,1,1]],[1,"lbGateBet",3,[[3,"Cửa Đặt",20,false,1,1,-51,[8],9]],[0,"dfUs43AkpIbaeJX3WTmTCR",1,0],[5,81.88,40],[-244.468,177.974,0,0,0,0,1,1,1,1]],[1,"lbResult",3,[[3,"Đặt Cược",20,false,1,1,-52,[10],11]],[0,"40YDcPsutJ+oDpTupxlmv6",1,0],[5,95.63,40],[105.728,177.974,0,0,0,0,1,1,1,1]],[1,"lbWin",3,[[3,"Thắng",20,false,1,1,-53,[12],13]],[0,"03/yVlve9K84shlOBQwEhm",1,0],[5,61.25,40],[336.799,177.974,0,0,0,0,1,1,1,1]],[8,"lbSession",3,[-54],[0,"32ngQlo9RJ4YYV+tVWgSxf",1,0],[4,4278245119],[5,111.82,50.4],[0,215.52,0,0,0,0,1,0.5,0.5,1]],[11,"%s/%s",false,1,19,[14]],[1,"lbGateBet",4,[[29,"Chẵn",60,65,false,1,1,-55,[17],18]],[0,"a4Lj7mU8JG5rziYpKN18wV",1,0],[5,125.01,81.9],[-239.382,0,0,0,0,0,1,0.5,0.5,1]],[1,"lbbetValue",4,[[3,"1K",32,false,1,2,-56,[19],20]],[0,"2bTVeJ/xdIw4oXdgu28o/h",1,0],[5,32,40],[109.064,1.71,0,0,0,0,1,1,1,1]],[17,"lbWinValue",4,[[30,"-1K",53,55,false,1,1,1,-57,[21],22]],[0,"2cbSLN9FBEN6DrfOAEUMy2",1,0],[4,4278190335],[5,78.65,69.3],[319.104,0,0,0,0,0,1,0.5,0.5,1]],[18,"line",5,[[2,-58,[26],27]],[0,"b380KE5PBDsawnnTuvj147",1,0],[5,2,250]],[1,"line copy",5,[[2,-59,[28],29]],[0,"1bfSVzvOlPFIUihc/GolPU",1,0],[5,2,250],[229.144,0,0,0,0,0,1,1,1,1]],[31,false,0.75,0.23,null,null,5,9],[8,"lbPage",7,[-60],[0,"24CpmAKuNP8Itn4TrIW+60",1,0],[4,4278245119],[5,111.82,50.4],[0,-1.542,0,0,0,0,1,0.5,0.5,1]],[11,"%s/%s",false,1,27,[32]]],0,[0,4,1,0,0,1,0,5,4,0,6,26,0,7,28,0,8,20,0,0,1,0,-1,8,0,-2,2,0,0,2,0,-1,13,0,-2,14,0,-3,15,0,-4,3,0,-5,5,0,-6,10,0,-7,7,0,0,3,0,-1,16,0,-2,17,0,-3,18,0,-4,19,0,0,4,0,-1,21,0,-2,22,0,-3,23,0,-1,26,0,-1,6,0,-2,24,0,-3,25,0,0,6,0,0,6,0,-2,9,0,0,7,0,-1,27,0,-2,11,0,-3,12,0,0,8,0,0,8,0,0,8,0,0,9,0,0,10,0,0,10,0,0,11,0,0,11,0,0,12,0,0,12,0,0,13,0,0,14,0,0,15,0,0,16,0,0,17,0,0,18,0,-1,20,0,0,21,0,0,22,0,0,23,0,0,24,0,0,25,0,-1,28,0,9,1,4,10,6,60],[0,0,0,0,0,0,0,0,0,0,0,0,0,0,0,0,0,0,0,0,0,0,0,0,0,0,0,0,0,0,0,0,0,0,0,0,0,0,0,0,0,20,28],[-1,1,-1,1,-1,1,-1,2,-1,2,-1,2,-1,2,-1,-1,1,-1,2,-1,2,-1,2,-1,1,-1,-1,1,-1,1,-1,1,-1,-1,1,-1,1,-1,1,-1,1,2,2],[0,8,0,4,0,4,0,9,0,2,0,2,0,2,0,0,10,0,1,0,11,0,1,0,12,0,0,5,0,5,0,13,0,0,6,0,6,0,14,0,15,1,1]],[[{"name":"btnNextPage","rect":[762,867,35,52],"offset":[0,0],"originalSize":[35,52],"rotated":1,"capInsets":[0,0,0,0]}],[1],0,[0],[3],[16]],[[{"name":"bgPageIndex","rect":[3,724,285,53],"offset":[0,0],"originalSize":[285,53],"rotated":1,"capInsets":[0,0,0,0]}],[1],0,[0],[3],[17]],[[[32,"MyriadB_RNG_Gold-export",32,{"commonHeight":28,"fontSize":32,"atlasName":"MyriadB_RNG_Gold-export","fontDefDictionary":{"9":{"xOffset":0,"yOffset":0,"xAdvance":450,"rect":{"x":0,"y":0,"width":0,"height":0}},"32":{"xOffset":0,"yOffset":0,"xAdvance":9,"rect":{"x":0,"y":0,"width":0,"height":0}},"33":{"xOffset":0,"yOffset":2,"xAdvance":8,"rect":{"x":359,"y":181,"width":10,"height":26}},"34":{"xOffset":0,"yOffset":2,"xAdvance":12,"rect":{"x":102,"y":126,"width":14,"height":13}},"35":{"xOffset":0,"yOffset":2,"xAdvance":17,"rect":{"x":235,"y":261,"width":19,"height":26}},"36":{"xOffset":0,"yOffset":0,"xAdvance":16,"rect":{"x":275,"y":115,"width":18,"height":31}},"37":{"xOffset":0,"yOffset":2,"xAdvance":28,"rect":{"x":0,"y":0,"width":30,"height":26}},"38":{"xOffset":0,"yOffset":2,"xAdvance":22,"rect":{"x":28,"y":89,"width":24,"height":26}},"39":{"xOffset":0,"yOffset":2,"xAdvance":6,"rect":{"x":275,"y":175,"width":8,"height":13}},"40":{"xOffset":0,"yOffset":1,"xAdvance":9,"rect":{"x":349,"y":31,"width":11,"height":31}},"41":{"xOffset":0,"yOffset":1,"xAdvance":9,"rect":{"x":349,"y":63,"width":11,"height":31}},"42":{"xOffset":0,"yOffset":2,"xAdvance":14,"rect":{"x":171,"y":359,"width":16,"height":17}},"43":{"xOffset":0,"yOffset":6,"xAdvance":19,"rect":{"x":171,"y":215,"width":21,"height":23}},"44":{"xOffset":0,"yOffset":18,"xAdvance":9,"rect":{"x":53,"y":101,"width":11,"height":14}},"45":{"xOffset":0,"yOffset":13,"xAdvance":10,"rect":{"x":213,"y":370,"width":12,"height":8}},"46":{"xOffset":0,"yOffset":18,"xAdvance":8,"rect":{"x":126,"y":114,"width":10,"height":10}},"47":{"xOffset":0,"yOffset":2,"xAdvance":12,"rect":{"x":331,"y":179,"width":14,"height":28}},"48":{"xOffset":0,"yOffset":2,"xAdvance":18,"rect":{"x":214,"y":312,"width":20,"height":26}},"49":{"xOffset":0,"yOffset":2,"xAdvance":11,"rect":{"x":331,"y":289,"width":13,"height":26}},"50":{"xOffset":0,"yOffset":2,"xAdvance":17,"rect":{"x":235,"y":316,"width":19,"height":26}},"51":{"xOffset":0,"yOffset":2,"xAdvance":16,"rect":{"x":293,"y":301,"width":18,"height":26}},"52":{"xOffset":0,"yOffset":2,"xAdvance":18,"rect":{"x":214,"y":142,"width":20,"height":26}},"53":{"xOffset":0,"yOffset":2,"xAdvance":16,"rect":{"x":294,"y":143,"width":18,"height":26}},"54":{"xOffset":0,"yOffset":2,"xAdvance":17,"rect":{"x":255,"y":144,"width":19,"height":26}},"55":{"xOffset":0,"yOffset":2,"xAdvance":16,"rect":{"x":275,"y":67,"width":18,"height":26}},"56":{"xOffset":0,"yOffset":2,"xAdvance":17,"rect":{"x":255,"y":27,"width":19,"height":26}},"57":{"xOffset":0,"yOffset":2,"xAdvance":17,"rect":{"x":255,"y":0,"width":19,"height":26}},"58":{"xOffset":0,"yOffset":8,"xAdvance":8,"rect":{"x":359,"y":160,"width":10,"height":20}},"59":{"xOffset":0,"yOffset":8,"xAdvance":9,"rect":{"x":348,"y":350,"width":11,"height":24}},"60":{"xOffset":0,"yOffset":6,"xAdvance":17,"rect":{"x":235,"y":343,"width":19,"height":22}},"61":{"xOffset":0,"yOffset":10,"xAdvance":18,"rect":{"x":149,"y":216,"width":20,"height":14}},"62":{"xOffset":0,"yOffset":6,"xAdvance":17,"rect":{"x":255,"y":171,"width":19,"height":22}},"63":{"xOffset":0,"yOffset":2,"xAdvance":14,"rect":{"x":331,"y":70,"width":16,"height":26}},"64":{"xOffset":0,"yOffset":5,"xAdvance":23,"rect":{"x":26,"y":193,"width":25,"height":26}},"65":{"xOffset":0,"yOffset":2,"xAdvance":21,"rect":{"x":78,"y":71,"width":23,"height":26}},"66":{"xOffset":0,"yOffset":2,"xAdvance":18,"rect":{"x":214,"y":196,"width":20,"height":26}},"67":{"xOffset":0,"yOffset":2,"xAdvance":18,"rect":{"x":214,"y":285,"width":20,"height":26}},"68":{"xOffset":0,"yOffset":2,"xAdvance":21,"rect":{"x":105,"y":0,"width":23,"height":26}},"69":{"xOffset":0,"yOffset":2,"xAdvance":16,"rect":{"x":312,"y":198,"width":18,"height":26}},"70":{"xOffset":0,"yOffset":2,"xAdvance":15,"rect":{"x":330,"y":331,"width":17,"height":26}},"71":{"xOffset":0,"yOffset":2,"xAdvance":21,"rect":{"x":102,"y":67,"width":23,"height":26}},"72":{"xOffset":0,"yOffset":2,"xAdvance":20,"rect":{"x":126,"y":60,"width":22,"height":26}},"73":{"xOffset":0,"yOffset":2,"xAdvance":7,"rect":{"x":359,"y":239,"width":9,"height":26}},"74":{"xOffset":0,"yOffset":2,"xAdvance":13,"rect":{"x":331,"y":97,"width":15,"height":26}},"75":{"xOffset":0,"yOffset":2,"xAdvance":19,"rect":{"x":171,"y":301,"width":21,"height":26}},"76":{"xOffset":0,"yOffset":2,"xAdvance":15,"rect":{"x":312,"y":331,"width":17,"height":26}},"77":{"xOffset":0,"yOffset":2,"xAdvance":25,"rect":{"x":0,"y":75,"width":27,"height":26}},"78":{"xOffset":0,"yOffset":2,"xAdvance":20,"rect":{"x":126,"y":87,"width":22,"height":26}},"79":{"xOffset":0,"yOffset":2,"xAdvance":22,"rect":{"x":52,"y":294,"width":24,"height":26}},"80":{"xOffset":0,"yOffset":2,"xAdvance":17,"rect":{"x":255,"y":117,"width":19,"height":26}},"81":{"xOffset":0,"yOffset":2,"xAdvance":22,"rect":{"x":56,"y":0,"width":24,"height":31}},"82":{"xOffset":0,"yOffset":2,"xAdvance":18,"rect":{"x":214,"y":223,"width":20,"height":26}},"83":{"xOffset":0,"yOffset":2,"xAdvance":17,"rect":{"x":255,"y":54,"width":19,"height":26}},"84":{"xOffset":0,"yOffset":2,"xAdvance":18,"rect":{"x":214,"y":169,"width":20,"height":26}},"85":{"xOffset":0,"yOffset":2,"xAdvance":19,"rect":{"x":171,"y":239,"width":21,"height":26}},"86":{"xOffset":0,"yOffset":2,"xAdvance":21,"rect":{"x":77,"y":212,"width":23,"height":26}},"87":{"xOffset":0,"yOffset":2,"xAdvance":28,"rect":{"x":0,"y":27,"width":30,"height":26}},"88":{"xOffset":0,"yOffset":2,"xAdvance":20,"rect":{"x":125,"y":290,"width":22,"height":26}},"89":{"xOffset":0,"yOffset":2,"xAdvance":20,"rect":{"x":125,"y":352,"width":22,"height":26}},"90":{"xOffset":0,"yOffset":2,"xAdvance":18,"rect":{"x":214,"y":0,"width":20,"height":26}},"91":{"xOffset":0,"yOffset":2,"xAdvance":8,"rect":{"x":359,"y":208,"width":10,"height":30}},"92":{"xOffset":0,"yOffset":2,"xAdvance":12,"rect":{"x":331,"y":208,"width":14,"height":28}},"93":{"xOffset":0,"yOffset":2,"xAdvance":9,"rect":{"x":349,"y":0,"width":11,"height":30}},"94":{"xOffset":0,"yOffset":2,"xAdvance":18,"rect":{"x":172,"y":93,"width":20,"height":20}},"95":{"xOffset":0,"yOffset":26,"xAdvance":18,"rect":{"x":31,"y":47,"width":20,"height":6}},"96":{"xOffset":0,"yOffset":1,"xAdvance":9,"rect":{"x":65,"y":101,"width":11,"height":9}},"97":{"xOffset":0,"yOffset":8,"xAdvance":16,"rect":{"x":275,"y":94,"width":18,"height":20}},"98":{"xOffset":0,"yOffset":0,"xAdvance":18,"rect":{"x":214,"y":55,"width":20,"height":28}},"99":{"xOffset":0,"yOffset":8,"xAdvance":15,"rect":{"x":313,"y":69,"width":17,"height":20}},"100":{"xOffset":0,"yOffset":0,"xAdvance":17,"rect":{"x":235,"y":232,"width":19,"height":28}},"101":{"xOffset":0,"yOffset":8,"xAdvance":17,"rect":{"x":193,"y":355,"width":19,"height":20}},"102":{"xOffset":0,"yOffset":0,"xAdvance":13,"rect":{"x":331,"y":124,"width":15,"height":28}},"103":{"xOffset":0,"yOffset":8,"xAdvance":17,"rect":{"x":129,"y":0,"width":19,"height":26}},"104":{"xOffset":0,"yOffset":0,"xAdvance":16,"rect":{"x":294,"y":114,"width":18,"height":28}},"105":{"xOffset":0,"yOffset":1,"xAdvance":7,"rect":{"x":360,"y":350,"width":9,"height":27}},"106":{"xOffset":0,"yOffset":1,"xAdvance":10,"rect":{"x":346,"y":217,"width":12,"height":33}},"107":{"xOffset":0,"yOffset":0,"xAdvance":17,"rect":{"x":235,"y":115,"width":19,"height":28}},"108":{"xOffset":0,"yOffset":0,"xAdvance":7,"rect":{"x":360,"y":95,"width":9,"height":28}},"109":{"xOffset":0,"yOffset":8,"xAdvance":25,"rect":{"x":0,"y":54,"width":27,"height":20}},"110":{"xOffset":0,"yOffset":8,"xAdvance":17,"rect":{"x":235,"y":94,"width":19,"height":20}},"111":{"xOffset":0,"yOffset":8,"xAdvance":18,"rect":{"x":73,"y":356,"width":20,"height":20}},"112":{"xOffset":0,"yOffset":8,"xAdvance":18,"rect":{"x":193,"y":191,"width":20,"height":26}},"113":{"xOffset":0,"yOffset":8,"xAdvance":17,"rect":{"x":235,"y":35,"width":19,"height":26}},"114":{"xOffset":0,"yOffset":8,"xAdvance":12,"rect":{"x":331,"y":237,"width":14,"height":20}},"115":{"xOffset":0,"yOffset":8,"xAdvance":13,"rect":{"x":330,"y":358,"width":15,"height":20}},"116":{"xOffset":0,"yOffset":3,"xAdvance":12,"rect":{"x":331,"y":153,"width":14,"height":25}},"117":{"xOffset":0,"yOffset":8,"xAdvance":16,"rect":{"x":293,"y":328,"width":18,"height":20}},"118":{"xOffset":0,"yOffset":8,"xAdvance":18,"rect":{"x":193,"y":249,"width":20,"height":20}},"119":{"xOffset":0,"yOffset":8,"xAdvance":25,"rect":{"x":0,"y":102,"width":27,"height":20}},"120":{"xOffset":0,"yOffset":8,"xAdvance":18,"rect":{"x":193,"y":270,"width":20,"height":20}},"121":{"xOffset":0,"yOffset":8,"xAdvance":18,"rect":{"x":172,"y":0,"width":20,"height":28}},"122":{"xOffset":0,"yOffset":8,"xAdvance":15,"rect":{"x":312,"y":358,"width":17,"height":20}},"123":{"xOffset":0,"yOffset":2,"xAdvance":11,"rect":{"x":331,"y":258,"width":13,"height":30}},"124":{"xOffset":0,"yOffset":-1,"xAdvance":6,"rect":{"x":369,"y":239,"width":8,"height":37}},"125":{"xOffset":0,"yOffset":2,"xAdvance":10,"rect":{"x":348,"y":319,"width":12,"height":30}},"126":{"xOffset":0,"yOffset":11,"xAdvance":18,"rect":{"x":31,"y":35,"width":20,"height":11}},"192":{"xOffset":0,"yOffset":-3,"xAdvance":21,"rect":{"x":102,"y":94,"width":23,"height":31}},"193":{"xOffset":0,"yOffset":-3,"xAdvance":21,"rect":{"x":101,"y":243,"width":23,"height":31}},"194":{"xOffset":0,"yOffset":-3,"xAdvance":21,"rect":{"x":125,"y":164,"width":23,"height":31}},"195":{"xOffset":0,"yOffset":-4,"xAdvance":22,"rect":{"x":26,"y":322,"width":24,"height":32}},"200":{"xOffset":0,"yOffset":-3,"xAdvance":15,"rect":{"x":313,"y":90,"width":17,"height":31}},"201":{"xOffset":0,"yOffset":-3,"xAdvance":15,"rect":{"x":313,"y":122,"width":17,"height":31}},"202":{"xOffset":0,"yOffset":-3,"xAdvance":15,"rect":{"x":313,"y":37,"width":17,"height":31}},"204":{"xOffset":0,"yOffset":-3,"xAdvance":10,"rect":{"x":346,"y":153,"width":12,"height":31}},"205":{"xOffset":0,"yOffset":-3,"xAdvance":10,"rect":{"x":346,"y":185,"width":12,"height":31}},"210":{"xOffset":0,"yOffset":-3,"xAdvance":22,"rect":{"x":53,"y":69,"width":24,"height":31}},"211":{"xOffset":0,"yOffset":-3,"xAdvance":22,"rect":{"x":52,"y":116,"width":24,"height":31}},"212":{"xOffset":0,"yOffset":-3,"xAdvance":22,"rect":{"x":51,"y":322,"width":24,"height":31}},"213":{"xOffset":0,"yOffset":-4,"xAdvance":22,"rect":{"x":52,"y":188,"width":24,"height":32}},"217":{"xOffset":0,"yOffset":-3,"xAdvance":19,"rect":{"x":171,"y":183,"width":21,"height":31}},"218":{"xOffset":0,"yOffset":-3,"xAdvance":19,"rect":{"x":149,"y":184,"width":21,"height":31}},"221":{"xOffset":0,"yOffset":-3,"xAdvance":21,"rect":{"x":101,"y":346,"width":23,"height":31}},"224":{"xOffset":0,"yOffset":1,"xAdvance":16,"rect":{"x":293,"y":175,"width":18,"height":27}},"225":{"xOffset":0,"yOffset":1,"xAdvance":16,"rect":{"x":255,"y":342,"width":18,"height":27}},"226":{"xOffset":0,"yOffset":1,"xAdvance":16,"rect":{"x":274,"y":227,"width":18,"height":27}},"227":{"xOffset":0,"yOffset":1,"xAdvance":16,"rect":{"x":255,"y":314,"width":18,"height":27}},"232":{"xOffset":0,"yOffset":1,"xAdvance":17,"rect":{"x":235,"y":288,"width":19,"height":27}},"233":{"xOffset":0,"yOffset":1,"xAdvance":16,"rect":{"x":275,"y":147,"width":18,"height":27}},"234":{"xOffset":0,"yOffset":1,"xAdvance":17,"rect":{"x":235,"y":144,"width":19,"height":27}},"236":{"xOffset":0,"yOffset":1,"xAdvance":10,"rect":{"x":347,"y":97,"width":12,"height":27}},"237":{"xOffset":0,"yOffset":1,"xAdvance":9,"rect":{"x":347,"y":125,"width":11,"height":27}},"242":{"xOffset":0,"yOffset":1,"xAdvance":18,"rect":{"x":193,"y":127,"width":20,"height":27}},"243":{"xOffset":0,"yOffset":1,"xAdvance":18,"rect":{"x":214,"y":114,"width":20,"height":27}},"244":{"xOffset":0,"yOffset":1,"xAdvance":18,"rect":{"x":193,"y":0,"width":20,"height":27}},"245":{"xOffset":0,"yOffset":1,"xAdvance":18,"rect":{"x":193,"y":99,"width":20,"height":27}},"249":{"xOffset":0,"yOffset":1,"xAdvance":16,"rect":{"x":293,"y":349,"width":18,"height":27}},"250":{"xOffset":0,"yOffset":1,"xAdvance":16,"rect":{"x":294,"y":58,"width":18,"height":27}},"253":{"xOffset":0,"yOffset":1,"xAdvance":18,"rect":{"x":193,"y":291,"width":20,"height":35}},"258":{"xOffset":0,"yOffset":-4,"xAdvance":21,"rect":{"x":101,"y":176,"width":23,"height":32}},"259":{"xOffset":0,"yOffset":1,"xAdvance":16,"rect":{"x":255,"y":194,"width":18,"height":27}},"272":{"xOffset":0,"yOffset":2,"xAdvance":23,"rect":{"x":0,"y":255,"width":25,"height":26}},"273":{"xOffset":0,"yOffset":0,"xAdvance":20,"rect":{"x":125,"y":261,"width":22,"height":28}},"296":{"xOffset":0,"yOffset":-4,"xAdvance":10,"rect":{"x":345,"y":286,"width":12,"height":32}},"297":{"xOffset":0,"yOffset":1,"xAdvance":11,"rect":{"x":345,"y":258,"width":13,"height":27}},"360":{"xOffset":0,"yOffset":-4,"xAdvance":19,"rect":{"x":149,"y":117,"width":21,"height":32}},"361":{"xOffset":0,"yOffset":1,"xAdvance":16,"rect":{"x":294,"y":30,"width":18,"height":27}},"416":{"xOffset":0,"yOffset":-1,"xAdvance":23,"rect":{"x":0,"y":190,"width":25,"height":29}},"417":{"xOffset":0,"yOffset":5,"xAdvance":20,"rect":{"x":26,"y":355,"width":22,"height":23}},"431":{"xOffset":0,"yOffset":-2,"xAdvance":23,"rect":{"x":0,"y":314,"width":25,"height":30}},"432":{"xOffset":0,"yOffset":4,"xAdvance":19,"rect":{"x":51,"y":354,"width":21,"height":24}},"7840":{"xOffset":0,"yOffset":2,"xAdvance":21,"rect":{"x":101,"y":209,"width":23,"height":33}},"7841":{"xOffset":0,"yOffset":8,"xAdvance":16,"rect":{"x":255,"y":222,"width":18,"height":27}},"7842":{"xOffset":0,"yOffset":-6,"xAdvance":21,"rect":{"x":102,"y":32,"width":23,"height":34}},"7843":{"xOffset":0,"yOffset":-1,"xAdvance":16,"rect":{"x":274,"y":318,"width":18,"height":29}},"7844":{"xOffset":0,"yOffset":-6,"xAdvance":21,"rect":{"x":77,"y":177,"width":23,"height":34}},"7845":{"xOffset":0,"yOffset":-2,"xAdvance":18,"rect":{"x":214,"y":339,"width":20,"height":30}},"7846":{"xOffset":0,"yOffset":-6,"xAdvance":21,"rect":{"x":125,"y":196,"width":23,"height":34}},"7847":{"xOffset":0,"yOffset":-2,"xAdvance":16,"rect":{"x":274,"y":255,"width":18,"height":30}},"7848":{"xOffset":0,"yOffset":-7,"xAdvance":21,"rect":{"x":77,"y":239,"width":23,"height":35}},"7849":{"xOffset":0,"yOffset":-3,"xAdvance":17,"rect":{"x":235,"y":172,"width":19,"height":31}},"7850":{"xOffset":0,"yOffset":-8,"xAdvance":21,"rect":{"x":77,"y":140,"width":23,"height":36}},"7851":{"xOffset":0,"yOffset":-3,"xAdvance":16,"rect":{"x":274,"y":286,"width":18,"height":31}},"7852":{"xOffset":0,"yOffset":-3,"xAdvance":21,"rect":{"x":78,"y":32,"width":23,"height":38}},"7853":{"xOffset":0,"yOffset":1,"xAdvance":16,"rect":{"x":275,"y":32,"width":18,"height":34}},"7854":{"xOffset":0,"yOffset":-7,"xAdvance":21,"rect":{"x":101,"y":140,"width":23,"height":35}},"7855":{"xOffset":0,"yOffset":-3,"xAdvance":16,"rect":{"x":275,"y":0,"width":18,"height":31}},"7856":{"xOffset":0,"yOffset":-7,"xAdvance":21,"rect":{"x":77,"y":275,"width":23,"height":35}},"7857":{"xOffset":0,"yOffset":-3,"xAdvance":16,"rect":{"x":255,"y":282,"width":18,"height":31}},"7858":{"xOffset":0,"yOffset":-9,"xAdvance":21,"rect":{"x":125,"y":126,"width":23,"height":37}},"7859":{"xOffset":0,"yOffset":-4,"xAdvance":16,"rect":{"x":274,"y":194,"width":18,"height":32}},"7860":{"xOffset":0,"yOffset":-8,"xAdvance":21,"rect":{"x":101,"y":275,"width":23,"height":36}},"7861":{"xOffset":0,"yOffset":-3,"xAdvance":16,"rect":{"x":255,"y":250,"width":18,"height":31}},"7862":{"xOffset":0,"yOffset":-4,"xAdvance":22,"rect":{"x":52,"y":148,"width":24,"height":39}},"7863":{"xOffset":0,"yOffset":1,"xAdvance":16,"rect":{"x":293,"y":234,"width":18,"height":34}},"7864":{"xOffset":0,"yOffset":2,"xAdvance":16,"rect":{"x":312,"y":297,"width":18,"height":33}},"7865":{"xOffset":0,"yOffset":8,"xAdvance":17,"rect":{"x":235,"y":204,"width":19,"height":27}},"7866":{"xOffset":0,"yOffset":-6,"xAdvance":15,"rect":{"x":331,"y":0,"width":17,"height":34}},"7867":{"xOffset":0,"yOffset":-1,"xAdvance":16,"rect":{"x":274,"y":348,"width":18,"height":29}},"7868":{"xOffset":0,"yOffset":-4,"xAdvance":16,"rect":{"x":312,"y":225,"width":18,"height":32}},"7869":{"xOffset":0,"yOffset":1,"xAdvance":16,"rect":{"x":312,"y":170,"width":18,"height":27}},"7870":{"xOffset":0,"yOffset":-6,"xAdvance":18,"rect":{"x":214,"y":250,"width":20,"height":34}},"7871":{"xOffset":0,"yOffset":-2,"xAdvance":19,"rect":{"x":171,"y":328,"width":21,"height":30}},"7872":{"xOffset":0,"yOffset":-6,"xAdvance":15,"rect":{"x":331,"y":35,"width":17,"height":34}},"7873":{"xOffset":0,"yOffset":-2,"xAdvance":16,"rect":{"x":293,"y":203,"width":18,"height":30}},"7874":{"xOffset":0,"yOffset":-7,"xAdvance":17,"rect":{"x":255,"y":81,"width":19,"height":35}},"7875":{"xOffset":0,"yOffset":-3,"xAdvance":17,"rect":{"x":235,"y":62,"width":19,"height":31}},"7876":{"xOffset":0,"yOffset":-8,"xAdvance":15,"rect":{"x":313,"y":0,"width":17,"height":36}},"7877":{"xOffset":0,"yOffset":-3,"xAdvance":16,"rect":{"x":293,"y":269,"width":18,"height":31}},"7878":{"xOffset":0,"yOffset":-3,"xAdvance":16,"rect":{"x":312,"y":258,"width":18,"height":38}},"7879":{"xOffset":0,"yOffset":1,"xAdvance":17,"rect":{"x":235,"y":0,"width":19,"height":34}},"7880":{"xOffset":0,"yOffset":-6,"xAdvance":9,"rect":{"x":359,"y":125,"width":11,"height":34}},"7881":{"xOffset":0,"yOffset":-1,"xAdvance":9,"rect":{"x":358,"y":286,"width":11,"height":29}},"7882":{"xOffset":0,"yOffset":2,"xAdvance":7,"rect":{"x":361,"y":35,"width":9,"height":33}},"7883":{"xOffset":0,"yOffset":1,"xAdvance":7,"rect":{"x":361,"y":0,"width":9,"height":34}},"7884":{"xOffset":0,"yOffset":2,"xAdvance":22,"rect":{"x":53,"y":35,"width":24,"height":33}},"7885":{"xOffset":0,"yOffset":8,"xAdvance":18,"rect":{"x":193,"y":327,"width":20,"height":27}},"7886":{"xOffset":0,"yOffset":-6,"xAdvance":22,"rect":{"x":76,"y":321,"width":24,"height":34}},"7887":{"xOffset":0,"yOffset":-1,"xAdvance":18,"rect":{"x":214,"y":84,"width":20,"height":29}},"7888":{"xOffset":0,"yOffset":-6,"xAdvance":22,"rect":{"x":31,"y":0,"width":24,"height":34}},"7889":{"xOffset":0,"yOffset":-2,"xAdvance":20,"rect":{"x":148,"y":259,"width":22,"height":30}},"7890":{"xOffset":0,"yOffset":-6,"xAdvance":22,"rect":{"x":28,"y":54,"width":24,"height":34}},"7891":{"xOffset":0,"yOffset":-2,"xAdvance":18,"rect":{"x":193,"y":218,"width":20,"height":30}},"7892":{"xOffset":0,"yOffset":-7,"xAdvance":22,"rect":{"x":52,"y":258,"width":24,"height":35}},"7893":{"xOffset":0,"yOffset":-3,"xAdvance":18,"rect":{"x":172,"y":61,"width":20,"height":31}},"7894":{"xOffset":0,"yOffset":-8,"xAdvance":22,"rect":{"x":52,"y":221,"width":24,"height":36}},"7895":{"xOffset":0,"yOffset":-3,"xAdvance":18,"rect":{"x":172,"y":29,"width":20,"height":31}},"7896":{"xOffset":0,"yOffset":-3,"xAdvance":22,"rect":{"x":77,"y":101,"width":24,"height":38}},"7897":{"xOffset":0,"yOffset":1,"xAdvance":18,"rect":{"x":193,"y":28,"width":20,"height":34}},"7898":{"xOffset":0,"yOffset":-3,"xAdvance":23,"rect":{"x":26,"y":253,"width":25,"height":31}},"7899":{"xOffset":0,"yOffset":1,"xAdvance":20,"rect":{"x":149,"y":59,"width":22,"height":27}},"7900":{"xOffset":0,"yOffset":-3,"xAdvance":23,"rect":{"x":0,"y":282,"width":25,"height":31}},"7901":{"xOffset":0,"yOffset":1,"xAdvance":20,"rect":{"x":148,"y":290,"width":22,"height":27}},"7902":{"xOffset":0,"yOffset":-6,"xAdvance":23,"rect":{"x":0,"y":220,"width":25,"height":34}},"7903":{"xOffset":0,"yOffset":-1,"xAdvance":20,"rect":{"x":125,"y":231,"width":22,"height":29}},"7904":{"xOffset":0,"yOffset":-4,"xAdvance":23,"rect":{"x":26,"y":220,"width":25,"height":32}},"7905":{"xOffset":0,"yOffset":1,"xAdvance":20,"rect":{"x":149,"y":31,"width":22,"height":27}},"7906":{"xOffset":0,"yOffset":-1,"xAdvance":23,"rect":{"x":26,"y":285,"width":25,"height":36}},"7907":{"xOffset":0,"yOffset":5,"xAdvance":20,"rect":{"x":149,"y":0,"width":22,"height":30}},"7908":{"xOffset":0,"yOffset":2,"xAdvance":19,"rect":{"x":149,"y":150,"width":21,"height":33}},"7909":{"xOffset":0,"yOffset":8,"xAdvance":16,"rect":{"x":294,"y":86,"width":18,"height":27}},"7910":{"xOffset":0,"yOffset":-6,"xAdvance":19,"rect":{"x":171,"y":266,"width":21,"height":34}},"7911":{"xOffset":0,"yOffset":-1,"xAdvance":16,"rect":{"x":294,"y":0,"width":18,"height":29}},"7912":{"xOffset":0,"yOffset":-3,"xAdvance":23,"rect":{"x":26,"y":123,"width":25,"height":31}},"7913":{"xOffset":0,"yOffset":1,"xAdvance":20,"rect":{"x":148,"y":350,"width":22,"height":27}},"7914":{"xOffset":0,"yOffset":-3,"xAdvance":23,"rect":{"x":0,"y":123,"width":25,"height":31}},"7915":{"xOffset":0,"yOffset":1,"xAdvance":19,"rect":{"x":171,"y":155,"width":21,"height":27}},"7916":{"xOffset":0,"yOffset":-6,"xAdvance":23,"rect":{"x":0,"y":155,"width":25,"height":34}},"7917":{"xOffset":0,"yOffset":-1,"xAdvance":20,"rect":{"x":149,"y":87,"width":22,"height":29}},"7918":{"xOffset":0,"yOffset":-4,"xAdvance":23,"rect":{"x":0,"y":345,"width":25,"height":32}},"7919":{"xOffset":0,"yOffset":1,"xAdvance":20,"rect":{"x":148,"y":231,"width":22,"height":27}},"7920":{"xOffset":0,"yOffset":-2,"xAdvance":23,"rect":{"x":26,"y":155,"width":25,"height":37}},"7921":{"xOffset":0,"yOffset":4,"xAdvance":20,"rect":{"x":148,"y":318,"width":22,"height":31}},"7922":{"xOffset":0,"yOffset":-3,"xAdvance":21,"rect":{"x":81,"y":0,"width":23,"height":31}},"7923":{"xOffset":0,"yOffset":1,"xAdvance":18,"rect":{"x":193,"y":63,"width":20,"height":35}},"7924":{"xOffset":0,"yOffset":2,"xAdvance":21,"rect":{"x":101,"y":312,"width":23,"height":33}},"7925":{"xOffset":0,"yOffset":8,"xAdvance":18,"rect":{"x":214,"y":27,"width":20,"height":27}},"7926":{"xOffset":0,"yOffset":-6,"xAdvance":20,"rect":{"x":125,"y":317,"width":22,"height":34}},"7927":{"xOffset":0,"yOffset":-1,"xAdvance":19,"rect":{"x":171,"y":117,"width":21,"height":37}},"7928":{"xOffset":0,"yOffset":-4,"xAdvance":20,"rect":{"x":126,"y":27,"width":22,"height":32}},"7929":{"xOffset":0,"yOffset":1,"xAdvance":18,"rect":{"x":193,"y":155,"width":20,"height":35}}},"kerningDict":{}}]],0,0,[0],[11],[18]],[[{"name":"line","rect":[3,1001,2,250],"offset":[0,0],"originalSize":[2,250],"rotated":1,"capInsets":[0,0,0,0]}],[1],0,[0],[3],[3]],[[{"name":"rollItem","rect":[834,3,842,50],"offset":[0,0],"originalSize":[842,50],"rotated":1,"capInsets":[0,0,0,0]}],[1],0,[0],[3],[3]],[[{"name":"bgHistory","rect":[3,3,992,642],"offset":[0,-0.5],"originalSize":[992,653],"rotated":1,"capInsets":[0,0,0,0]}],[1],0,[0],[3],[3]]]]