{"paths":{"0":["Sound/NoLienTuc",4],"1":["Sound/BonusKhiBet",4],"2":["Sound/CauNoiKhiVeVang",4],"3":["Sound/NhacNenTraDiem",4],"4":["Sound/StartDapChuot",4],"5":["Sound/Gong",4],"6":["Sound/MiOLa",4],"7":["Sound/SoundX7ToNho",4],"8":["Img/JP btn",1],"9":["Img/btn_back",1],"10":["Sound/NextSoXo",4],"11":["Sound/Yabe",4],"12":["Sound/NhacCho1",4],"13":["Sound/NhacNenToNho",4],"14":["Sound/AtOhh",4],"15":["Sound/CuocKhungHoang",4],"16":["Sound/Bip",4],"17":["Sound/CongTien",4],"18":["Sound/TiengNoVaChemKiem",4],"19":["Sound/VuiMung",4],"20":["Sound/Item/ItemChuong",4],"21":["Sound/ChayItem",4],"22":["Img/_xèng_hoa_quả",1],"23":["Sound/NiChieuSangCieu",4],"24":["Sound/NhacCho2",4],"25":["Sound/Item/ItemMangCau",4],"26":["Sound/TiengCuoi",4],"27":["Sound/TuNaiXa`",4],"28":["Sound/SpinSpecial",4],"29":["Sound/CauNoiTraDiem",4],"30":["Sound/SpinNormal",4],"31":["Sound/HieuUngAnTatCaCacCua",4],"32":["Sound/ShowHeSoRandom",4],"33":["Img/thanhdongho_3",1],"34":["Sound/Woa",4],"35":["Sound/CauNoiTraDiemXong",4],"36":["Sound/EndDoiMau",4],"37":["Sound/NhacDoiMau",4],"38":["Sound/NhacNenXtonho",4],"39":["Img/thanhdongho_big",1],"40":["Img/Rectangle 1",1],"41":["Img/dongho_type_3-2 (2)",1],"42":["Sound/NhacVeBar",4],"43":["Font/New/Digital-7MonoItalic",1],"44":["Sound/TiengRandomHesoAnTruocX30",4],"45":["Sound/ThaiKaiSun",4],"46":["Sound/ItemChay1Vong",4],"47":["Sound/MauXanhLa",4],"48":["Sound/DonDap",4],"49":["Sound/MauVang",4],"50":["Sound/RandomSo",4],"51":["Sound/TiengKen2",4],"52":["Img/lucgiac_0",1],"53":["Sound/SangHao",4],"54":["Img/light_1",1],"55":["Sound/Item/ItemSeven",4],"56":["Sound/Item/ItemSao",4],"57":["Sound/XaPe",4],"58":["Sound/CauNoiAnTruoc1CuaX30",4],"59":["Sound/MauDo",4],"60":["Sound/Hu'",4],"61":["Sound/CauNoiDapChuot",4],"62":["Sound/CauNoiX3Luon",4],"63":["Img/bg_all",1],"64":["Sound/Ting",4],"65":["Img/logo_demo",1],"66":["Sound/TingTingDT",4],"67":["Img/bg_location_btn",1],"68":["Sound/Item/ItemBar",4],"69":["Sound/NhacCho4",4],"70":["Sound/CauNoiVeBass",4],"71":["Sound/Ting2",4],"72":["Img/btn_setting",1],"73":["Sound/NhacCho3",4],"74":["Sound/BatDauQuayTraDiem",4],"75":["Sound/TiengNo",4],"76":["Sound/NhacVeVang",4],"77":["Img/thanhdongho_2",1],"78":["Sound/EffectAnRandomItemNhoSau",4],"79":["Sound/XiPe",4],"80":["Sound/Item/ItemTao",4],"81":["Sound/Item/ItemCam",4],"82":["Sound/CauNoiShowResultAnTruocX30",4],"83":["Img/bg_under",1],"84":["Sound/StartXmutilToNho",4],"85":["Sound/Item/ItemDua",4],"86":["Sound/TiengKen1",4],"87":["Img/AutoAtlas/tron_saox3",2,1],"88":["Img/AutoAtlas/number_11",2,1],"89":["Img/AutoAtlas/btn_trang_1-6",2,1],"90":["Img/AutoAtlas/number_9",2,1],"91":["Img/AutoAtlas/number_12",2,1],"92":["Img/AutoAtlas/btn_green_x2-x10",2,1],"94":["Img/AutoAtlas/btn_trang_4",2,1],"95":["Img/AutoAtlas/lucgiac_tiengtrung_1",2,1],"96":["Img/AutoAtlas/tron_saox20",2,1],"97":["Img/AutoAtlas/btn_red_x2-x10",2,1],"98":["Img/AutoAtlas/tron_camx36",2,1],"99":["Img/_xèng_hoa_quả",2,1],"100":["Img/AutoAtlas/btn-red-left-arrow",2,1],"101":["Img/AutoAtlas/lucgiac_tiengtrung_5",2,1],"102":["Img/btn_setting",2,1],"103":["Img/bg_location_btn",2,1],"104":["Img/AutoAtlas/btn_trang_le",2,1],"105":["Img/dongho_type_3-2 (2)",2,1],"106":["Img/AutoAtlas/type_green",2,1],"107":["Img/AutoAtlas/number_7",2,1],"108":["Img/AutoAtlas/number_10",2,1],"109":["Img/AutoAtlas/number_3",2,1],"110":["Img/bg_under",2,1],"111":["Img/AutoAtlas/btn_trang_5",2,1],"112":["Img/AutoAtlas/btn_red_GO",2,1],"113":["Img/AutoAtlas/number_8",2,1],"114":["Img/AutoAtlas/btn_trang_8",2,1],"115":["Img/AutoAtlas/lucgiac_duax3",2,1],"116":["Img/AutoAtlas/btn-red-right",2,1],"117":["Img/AutoAtlas/number_2",2,1],"118":["Font/New/Digital-7MonoItalic",0],"119":["Img/AutoAtlas/lucgiac_camx10",2,1],"120":["Img/AutoAtlas/lucgiac_tiengtrung_2",2,1],"121":["Img/AutoAtlas/type_yellow",2,1],"122":["Img/AutoAtlas/tron_dua_xanhx3",2,1],"123":["Img/btn_back",2,1],"124":["Img/AutoAtlas/btn_trang_2",2,1],"125":["Img/AutoAtlas/tron_camx3",2,1],"126":["Img/AutoAtlas/lucgiac_tiengtrung_3",2,1],"127":["Img/AutoAtlas/trong_tiengtrung_to",2,1],"128":["Img/thanhdongho_2",2,1],"129":["Img/AutoAtlas/btn_trang_8-13",2,1],"130":["Img/AutoAtlas/btn_yellow_chan",2,1],"132":["Img/AutoAtlas/tron_dua_xanhx10",2,1],"133":["Img/thanhdongho_3",2,1],"134":["Img/AutoAtlas/tron_duax46",2,1],"135":["Img/AutoAtlas/tron_barx50",2,1],"137":["Img/AutoAtlas/btn_trang_all+1",2,1],"138":["Img/AutoAtlas/tron_2",2,1],"139":["Img/Rectangle 1",2,1],"140":["Img/AutoAtlas/tron_7x46",2,1],"141":["Img/light_1",2,1],"142":["Img/AutoAtlas/tron_barx56",2,1],"143":["Img/AutoAtlas/tron_chuongx10",2,1],"144":["Img/AutoAtlas/number_5",2,1],"145":["Img/AutoAtlas/btn_yellow_x15-x30",2,1],"146":["Font/New/Digital-7MonoItalic",2,1],"147":["Img/AutoAtlas/lucgiac_taox5",2,1],"148":["Img/AutoAtlas/tron_apple",2,1],"149":["Img/AutoAtlas/number_6",2,1],"150":["Img/AutoAtlas/tron_1",2,1],"151":["Img/AutoAtlas/btn_trang_3",2,1],"152":["Img/AutoAtlas/btn_trang_7",2,1],"153":["Img/AutoAtlas/tron_chuongx3",2,1],"154":["Img/AutoAtlas/AtlasXeng",3],"155":["Img/AutoAtlas/btn_trang_6",2,1],"156":["Img/AutoAtlas/tron_barx100",2,1],"157":["Img/AutoAtlas/number_4",2,1],"158":["Img/AutoAtlas/tron_dua_xanhx36",2,1],"159":["Img/AutoAtlas/tron_chuongx36",2,1],"160":["Img/AutoAtlas/tron_duax20",2,1],"161":["Img/logo_demo",2,1],"162":["Img/AutoAtlas/number_1",2,1],"163":["Img/AutoAtlas/btn_trang_9",2,1],"164":["Img/bg_all",2,1],"165":["Img/AutoAtlas/light_2",2,1],"167":["Img/AutoAtlas/tron_7x3",2,1],"168":["Img/JP btn",2,1],"169":["Img/AutoAtlas/type_red",2,1],"170":["Img/AutoAtlas/lucgiac_tiengtrung_4",2,1],"171":["Img/thanhdongho_big",2,1],"172":["Img/AutoAtlas/btn_trang_1",2,1],"173":["Img/lucgiac_0",2,1],"174":["Img/AutoAtlas/tron_7x20",2,1]},"types":["cc.BitmapFont","cc.Texture2D","cc.SpriteFrame","cc.SpriteAtlas","cc.AudioClip"],"uuids":["04nAOQ+0ZLUo8rq5Bgcjxu","08xmhQEIxPV4oiK3n11aWu","09U3AzoZ1GgYysjrVfC0yW","0dz3sQWtxNJ5MWGN9TtxJq","12dEah5GZHsrT5/jRU7e6J","12oK4WiuVKf7K1bi4M112X","12/8uuY4NDl5FK69qiwpww","15dL2DOb5JG62mswqXvG2i","16Nt1SFOdAGaZJrF/liKFJ","1a7KyDylJMu4T3V/bHAuAL","1dYvdqfWlNQIgdJFs8PXBZ","1fELoD8UFCCYwoRilONv5U","20GCarL5BKlYRDR1ycIf0F","22r4vaHFxHSJiZRm2kJGTn","23TJAeSVtHtL84Qp+nJrQC","24KprMzxdDTIKxKuR7ycvM","25Cwmo0KdDAo5h4st1sJ5/","2622nJz91Huqe9H7VF3cf9","27tStWP7dDzqw96TGxN/fJ","2bEW8/+ChCBY7IGjbyu9Ia","2dM0Ss2kxMUqeCng33RLEL","354X+8+q1IyoCGibqv5oT8","40WQF+ZXVJyqioJYIWAfXL","452Jbes59AxaSfwMPPy74n","46ClYTg2FDiJWn2dLVFy30","46n88RjKJFWLYYWot+CFsm","4aAeGvxUFOYYpaSMQUWzYv","4ae5Y7lGRDObn4tiYsJwwV","4dtLeoLjxIXLv4nT+MRu9X","51Ite4kctCUrONkYjBNEsm","52IhIe+2BFv43kfZPBe5U5","52ZM9/ptJCFIautlerPHLo","534RZ4sPJKubspyQOW6Y6j","578D6zxFNJNYLlIESmdXDZ","58qJ5vT2RKVKjOBfcotQ8Q","59+AuGeX1GeYh35CrGVs3K","68dnxMYeJJNrk2fy3gDZ4W","69J2m86VRJq7QAqo4J8yp6","6eWT9UydlNoI6BNQNk7Yuq","7baUtTUOlAz5Fjy8D08bn9","7b4LNXfm5NzoOpl0LHDt8N","7c2xRaeuVFdq5TzWk8ZYNq","7dzgaB1INONosULjvG517U","81fRId2R5Bh7rbnYocoxy7","82uRFMEQ5D9a63ar5wGIRJ","85S8/mKcdPc5KAu8eSa8Ux","8cJ7bl19ZA5ZBk8g6FqvRM","8cmRZx+NFIELbe8Oprl3pb","8dFv3AEy1M8a+aiVs5ZjPB","8dcMWOb0pLkps+SxZgD7Ot","8d8o3/ls5AJb+IGFJjZn6P","98j/MTvdFLR747AlsojepR","99Zw7VlTVAjIdSaqFymSC9","a0iSdICZZH05raKGlnsy5y","a4aLJY/6BD9rzaNo6O9t+y","a4eGmWqSdIAKCA0Eg2ysMg","a7QrmlI0JLfJ5YPbxY9rne","aaXETQ1ZZJlZUQswCSTDJl","acaLWHufZIiJIr6dbHRIJH","adwdU07klMY7IaXjur2WyC","aeN6jGDllOdbaKXbgWblJ0","b6AFQMvW1HVpfHkHzteumB","b87ShJX0xO0I/Fn3O0FZZj","bbTYZItkFFUIggMnn2393O","bcPcI3d09KvL7xZeysvS9L","bflXqMVDZDVZ8bjx6YGj6b","c1LNTpYWxDAr9jnMVM8Zrr","c1W8uwsZ9LMLu+HNj02m6S","c5h+DLe0BI4JR9FfwTbZY1","c63rbKTv9FkY6uDtMqSm6u","c9r4oI3KpBSYWayGPp+luq","cbykYQzLFEBJ5hTuyWKX4I","cfDjPNnr9MJKUYlw6Wcq+4","d4M5hwL0dP8om3pSOIoEG3","d6Gz8YEJRD7a7bmDgygf9C","e6Q56OpQ5D9LcFi3wYRh9B","e6ytIqMtdKdqKTQPpBpVTH","e8A3EXMOlEcbMrxRsbEB7Y","e9wMf66CRCObtmuWPXEiWs","eccqLdrnVHRaagl/h7dQ4C","edbE1+ruJPUISr0tUAZrX6","efXiFk5QhDwYzybb3qw204","efz52Xm+lGH78HBVleO+mS","f3l+8jM9JOdbPfUrArfQAf","f7oPCOFYVMJ4RoiSghJdDD","f9yh6nW7tOYYly5EqsTGb1","fb22gN5idOy4TKDZDG4ysH","009QMZmW9EN4s+197KM9et","032+e8NkNGbKBF2c1t8IBO","05qmop8gFB+Lz/RZNAU4Fl","06YcjZrj9MaJOJsrF3jvMQ","09gVCOpuNNLL7mn8BD2aTG","0cw808m45FK52fRZJYql0D","135a79d32","13lR+SAPtE0bo8FngxVrtY","15CkLLibZHqJRGEZLAUjET","17KkiGeotHYqLDmbPNmc97","17mu1JsO9KeLuBW4X1Six6","1aFllWRatLdbheEjXgHPb3","1eprF3/ANA8bYPAVhZGH0x","20OTulTk9Ju6yRSPpx9XLC","26rwZEcRBF/I33i6dzyfLu","26whzq2TJIja2noEG4166/","29Mt+/bj5CGq1jmIqpiq5H","29cFjoyiFMLLl3YbwgX6mg","2bk4wNw1xCP7lTZZGS4dAP","2cQ1VWlvlNoZW259sCbq38","2fkxGZ8wZBjKPmMQ+UViol","33wzEexy9NkYxbr2r97Jj3","35KFXRVzxEL57SlptgSjk1","37v1DO4jxCOarOtaWfPUDD","39bJbXMYFHj5l8SBcm/IeT","3at4w798RM7LSk5RjrJ5iA","3bKGjkhF5A857hE1cnJKXB","3cLdSv0pBE0JUiNobsbTYg","41fQGuW2pFEZI3Re2Linvs","46DIBHMWBBIJPp70wX4mJg","46PZ93BaBHJ6Wij9SNISgl","48b+ZIiylH/6dwvKi2elG1","4cM7OJebJFf70cGUhHxmjy","50Lb5/LLdFW5Z3qww1I2fu","51RiiQCzJGEr6kXWfa5t67","57l4sfRB5CiLBK+zvCyeHG","59S/K6Z4NFKLqRjhQUKMDx","59oh3DtKFAZpm2rLJ5djE6","5bKHALMe9PZIgLDqsKYOw1","5d1zfycGRCmISaslcrqC91","63gKhGCLpL1J6zz1uMy/kx","6dIomRhOZNw546HyGSz+8L","6fM+pZ0BdI+YwTazxuR1g3","6fN9N1KyBOhoPDja9WJQMs","72CqIRi2VByZilkaYSCXnq","73RSzQ//BBkYlxPWhl89bC","74I7/GXLhE16IxH/aREnPl","75epcWY0ZFNYCeLGUtim7h","759Gf8QbJKxqeFRRDAcaKL","79X+EPlYBMnLY/diYtGoZM","81bwda79JCg7lmeHLs1zLZ","889eK5NxhHgJRqSuYhP2ct","8dfnV1j5tDAIEKtfkkL08c","8fRRcHZy1LdomWI+oPEwl5","95APAfEvVKxYcdJ65iQrQ3","97dWIYHBhDzoZD6K0u7eg8","99vRNGlKFKwqU6+N9QEN7X","9ckQrUmYxBkYbs4zI+fKwL","9dMOaTFiVJj6X/lZGzOLoo","9eNe5yI+5CFaas/fKNCFgk","9fLpSqoWdLI56GoMwMZzK5","9f1v2lVBlKS7v1G2fHvENQ","a0sAbNiVJGF7YVGyilbzJj","a074UCqiBC6akteVZics0F","a2Vml9eq1EabV+0R4j9QKX","a3nLTJvOtMt6cWZKo0Ow1E","a3y3ZmoPVGR7AIXKwEyLEC","a31Cl7OSZEOol8OM7/FFXN","a5PiZVTIJD1JJeXQKlsORS","a9chn2qA9KpKVut79VSRHY","aaofP+3ylEiJtyUFuxztAy","acRon91iJPva9PiQK7XyP/","advfNvdRdBVbw08tRHNpWY","b2COAGZ8NOFoCQl8ugoLf9","b6zkyrtT5GULmm9RccNlNq","banEAxl/xKzo3lsakaBGw3","c0qJlyrxxJL7Pb7p2VKwIE","c1AXhairlHwJSo1PuGS7ux","c7lsM6s7NCKZ27jp/Sw4eR","ceEmzaZl5NmaO09IwOvRgc","e12kQqcLlDYai0bXjzMdsE","ea6kNjSQxMq4Gte3BB+ElU","f086MHhXhFuL2WUaHQwU0H","f4i02ey1hL64hiBFSm7IQN","f7IkpZuF5DuJj9VR7W9zLg","f8LaFawGNF5rXNu6Dj6lZb","f9RqpDOQ1Lur0XPv5sgJ7O","faSvv0N5BDpIYA4R9c6YYz","29FYIk+N1GYaeWH/q1NxQO","2dOdEixkhKEotFsPtUNC/Q","36DQ59k6RNW4tBO/SMXNTe","477F4t2sFPMJQoeJZazBnm","52SOAedzJA/ZmGMfKncsfL","7atnkm+vtBk6Mvv8DBz46m","871kOpOFhFw7HT9KHHaajH","a2MjXRFdtLlYQ5ouAFv/+R","c9VupEoCxGbIrIXOJwwOth","cb/6UZkaxPSJoanJTLAiNA","e97GVMl6JHh5Ml5qEDdSGa","ecpdLyjvZBwrvm+cedCcQy","f0BIwQ8D5Ml7nTNQbh1YlS","fdLD/bLQhJv6jQB3QwACji"],"scenes":{"db://assets/Bundle/Xeng/XengGame.fire":166},"redirect":[175,0,176,0,178,0,179,0,180,0,182,0,183,0,184,0,185,0,186,1,187,0,188,0],"deps":["resources","internal"],"packs":{"0c4f40579":[87,88,0,89,90,1,2,91,92,3,4,5,6,94,95,7,96,97,98,10,99,11,12,100,13,14,15,16,101,102,17,18,104,19,105,106,20,107,108,109,21,177,111,112,113,114,115,23,24,116,117,25,26,27,119,28,120,29,121,30,31,32,122,34,123,124,35,125,126,127,36,37,128,129,130,132,133,134,135,42,137,44,45,181,138,46,47,48,49,139,50,140,142,51,143,144,145,147,148,53,149,150,151,152,153,55,155,56,156,57,157,158,58,159,59,60,160,61,161,62,162,64,163,164,66,68,69,165,70,71,166,73,74,167,75,76,78,168,79,80,81,82,169,170,171,84,172,173,85,174,86],"0f78cea92":[93,8,9,22,33,131,136,39,40,41,43,52,54,63,65,67,72,77,83],"0fc426ed6":[118,146]},"name":"1","importBase":"import","nativeBase":"native","debug":false,"isZip":false,"encrypted":false,"versions":{"import":["0c4f40579","d7d63","0f78cea92","fb330","0fc426ed6","c1341",103,"28b2f",110,"f1732",38,"fca94",141,"9ad11",154,"db6dd"],"native":[0,"45835",1,"6ec53",2,"b6f2a",3,"a9e7b",4,"a47be",5,"57816",6,"44bec",93,"0a7cd",7,"225a7",8,"7adcc",9,"292bb",10,"39b11",11,"c0e02",12,"91a1f",13,"ac57a",14,"52d2d",15,"aa026",16,"f0021",17,"9ecad",18,"6d386",19,"8893b",20,"a7614",21,"b0fb7",22,"929ab",23,"6552b",24,"e822b",25,"9f8e2",26,"32dfc",27,"4db69",28,"6f71f",29,"6a01e",30,"ccdcb",31,"5ef00",32,"b057e",33,"8a791",34,"306b8",35,"d9dbd",36,"d991c",37,"3aff2",38,"e8d37",131,"5dd1f",136,"1880e",39,"97fdd",40,"4fd23",41,"1a9dc",42,"0cc37",43,"2fa56",44,"8cd82",45,"9f60f",46,"8cf40",47,"7a6b8",48,"2cc88",49,"82c2b",50,"fb161",51,"3573f",52,"57ff0",53,"c396f",54,"a0cb3",55,"df450",56,"af729",57,"cc408",58,"71e3d",59,"b645e",60,"c30af",61,"cdbf4",62,"93ebf",63,"a9a70",64,"03b08",65,"6d8bc",66,"1afde",67,"3bc95",68,"5827c",69,"7419b",70,"012dd",71,"52f12",72,"4e645",73,"46492",74,"fca83",75,"70c52",76,"af60c",77,"8159c",78,"de6fc",79,"b99cc",80,"a3b40",81,"5cbbb",82,"8bf85",83,"e6268",84,"bc6dc",85,"64587",86,"4bbf7"]}}