[1,["ecpdLyjvZBwrvm+cedCcQy","477F4t2sFPMJQoeJZazBnm","b8vJXoeVlNN7QR+Qn0EjuM","7atnkm+vtBk6Mvv8DBz46m","7fsB6m77ZD6bf370WS5n+s","adjfv47bNMGIChZDyE33F1","bdI+aTkYxBjIsdELFyeblV","c3RjtPrNtLj7YzRqLxqbSn","e0gbaAd01GPYuMTjnWCMPq","68xlaf311Bur3t6DCbW/L9","e13Ztna/hN0oqnn6kIP3v7","53LoDtCh1A7KAZQl0KIueo","11t8aAtyZMm60z6hYcWymS","ads6kWOd9IKKUmyVB12NiA","beyaqU51VLoa+3S/jgdPVF","77f3PrbKlMN6vqW5cG97Wz","8etA2Bb7ZMqYFkY/xwRAT5","a1DKl3gklAqbRFCE8oEhK4","dabMArsFhNbLN4yOFCAxHP","c0ykeXddhJWJTTxnFrF/hf","fdhCg0PvJBDbvB0K536nV4","a2MjXRFdtLlYQ5ouAFv/+R","60VaySoxlDrJcKiiupLdfx","871kOpOFhFw7HT9KHHaajH","ddiQylJgZMX7IGaB9N9Z08","b8mJii8z9HB7iPbucLbBbY","fbRwagPNZOrYkh8i04QJE/","baviQC9mxGGaysyi9KnV5q","b3Hf0LzmFFd5apdej8KqRg","48i1u3tydJ54zAqStnKJ33","66yBn6DTVC1o7SSXiwbf0v","5cuogK2QxNz7TG6XbPs0Bx","b0STFah8BO1p9yUBV8L81a","c7nNKSTxhDMY2rKlExth4c","aeWDbuxTlC1oJHfzoo30oj","73Y+CXLNVG/42ctNJ3RHp2","d57OfAA4ZEVIKEtidiIJOo","ccQj1opY9H6oJZ8rOjsBUU","441pj/+RdG/7kXjY3Q84H6","03CYQJPLlCwJsvKzvWZG/l","98RdNsYHVAiIXnwFbGG8Na","2dPYzX8rhLEbrONZL5Iteb","3bQFzcKUZMiqp73b+vUDWt","57h0i92w1OzKxCBOO4rDo2","731GS9FllAyIkGHXQe/iJo","27PZXjQWpATJLy81FyllNa","469Azh6AJAhqjlkJ/vX6tq","e5ucqFfGBIOY6Ah4ObMX0h","fbP3ulmf9CfqrVf1UuXA6M","feFl7eXQRB2ZfOLqegFKNj","c8Dx1xRNlHba9TvrxhsKQo","6dJTQoyFVGPZwyZKgGm7Bb","0dCnWnyBdJVIbSmD0FIQjB","e5eEd1PXhJv6DzXPbxYmUO","c5dmdaZG5HyoK/CXt8MsML","74XYICS1pNArMOnu1rjxKy","0fmPca71BPHLl9IoJvKTFh","9fGX//ZCdNO4AEn+HHMYr5","a1RQEgDfxPrYK/h7KwGp12","9bgAzyC39Bb7RMuDFODn+Q","9cNNqKqV5CV78STBbufNjW","56nZ5JHjlFNLBmzaToHp+f","7d0oLRLS5HOr3t6D/EpIsu","5bmif/UV5EfIZymN6UQzex","a669m6iglJu6HgFO1tdA4m","ba1G6Tp6pPupsjnLDvFd58","00OPfzZFpG7o1U9tbW0zqO","8apr7jwN9EBrg+nL7Q0QOe","34SyzGVYVEBp27LXy9UdG/","3eIumixtJCmqcvV6ali18K","ecCTW49kJJYZX+93y4H/Sv","44KrT7lRVIToWGHpzWcVhE","a1HGKrWS1OMrz1rJnrLuK0","8emnbkNZhJn7R1VIFAu+2G","42MB75zu9Ajqh96Tx+eO3a","8bDBN0fS1Ga7VRtvyPvNY4","6913wXfmxFzKKP/2FkxiMR","a669opaoNMeZj9htCK1HGy","54E5lJ6NVN1qPnG4KJ79wc","52WpvR/W9MXLXNac+I04F9","89PCE2pw1BEYTtXdMDLd/r","6aFvrmaHJHNbcVtjwDcqTP","54j2O+dfFJyLalofI4Poic","65zqIK8uJFg5i76kjiDPNc","a6IMXWoQVHDJnHSSoJ7wdX","d9f0hUGYlGnYrrVGy6OKcT","2facTQSmhNt56ZdqPU5kxZ","ab/elzpI5JyrAw9wpIej2U","f2ojwV95hAjLg10T0kP0vQ","b2Xcry4JhKuIu0wLsSIHBv"],["node","_spriteFrame","_N$file","_textureSetter","_parent","_normalMaterial","root","lbTitle","page","data","_N$indicator","spriteFrame"],["cc.SpriteFrame",["cc.Node",["_name","_opacity","_prefab","_contentSize","_components","_parent","_trs","_children","_anchorPoint","_color","_eulerAngles"],1,4,5,9,1,7,2,5,5,5],["cc.Label",["_string","_isSystemFontUsed","_fontSize","_spacingX","_lineHeight","_N$verticalAlign","node","_materials","_N$file"],-3,1,3,6],["cc.Sprite",["_sizeMode","_type","node","_materials","_spriteFrame"],1,1,3,6],["cc.Node",["_name","_parent","_components","_prefab","_contentSize","_children","_trs"],2,1,2,4,5,2,7],["cc.PrefabInfo",["fileId","root","asset"],2,1,1],["cc.Layout",["_resize","_N$layoutType","_N$spacingY","_N$spacingX","node","_layoutSize"],-1,1,5],["cc.Button",["_N$enableAutoGrayEffect","node","clickEvents","_normalMaterial"],2,1,9,6],["cc.ClickEvent",["_componentId","handler","customEventData","target"],0,1],["cc.Prefab",["_name"],2],["cc.BlockInputEvents",["node"],3,1],["1e06c4OLL9KxbiVqkZUbQeL",["node","page","lbTitle"],3,1,1,1],["c06aeGh69JJKYu1D8xtM1Fn",["node"],3,1],["cc.Mask",["_N$alphaThreshold","node","_materials"],2,1,3],["cc.PageView",["bounceDuration","node","_N$content"],2,1,1],["cc.PageViewIndicator",["spacing","node","_pageView","cellSize"],2,1,1,5]],[[5,0,1,2,2],[1,0,5,4,2,3,6,2],[3,2,3,4,1],[1,0,5,7,4,2,3,6,2],[2,0,2,1,6,7,8,4],[2,0,2,1,3,6,7,8,5],[3,0,2,3,4,2],[3,1,0,2,3,4,3],[1,0,5,4,2,9,3,6,2],[1,0,5,7,2,3,6,2],[1,0,5,4,2,3,6,10,2],[1,0,5,4,2,3,8,6,2],[2,0,2,4,1,5,6,7,8,6],[1,0,7,4,2,3,6,2],[1,0,5,4,2,3,2],[3,1,2,3,4,2],[2,0,1,6,7,8,3],[1,0,7,4,2,3,2],[4,0,1,2,3,4,6,2],[7,0,1,2,3,2],[8,0,1,2,3,4],[9,0,2],[1,0,7,4,2,3,8,6,2],[1,0,1,5,4,2,9,3,3],[1,0,5,7,4,2,3,2],[4,0,1,5,2,3,4,2],[10,0,1],[11,0,1,2,1],[5,1,2,1],[6,0,1,3,2,4,5,5],[6,0,1,2,4,5,4],[12,0,1],[13,0,1,2,2],[14,0,1,2,2],[7,1,2,1],[8,0,1,3,3],[2,0,2,1,6,7,4],[15,0,1,2,3,2]],[[[{"name":"huongdan3","rect":[0,0,791,385],"offset":[0,0],"originalSize":[791,385],"capInsets":[0,0,0,0]}],[0],0,[0],[3],[6]],[[{"name":"17","rect":[2,2,105,105],"offset":[0.5,-0.5],"originalSize":[108,108],"capInsets":[0,0,0,0]}],[0],0,[0],[3],[7]],[[{"name":"huogndan4","rect":[4,1,844,424],"offset":[2,-0.5],"originalSize":[848,425],"capInsets":[0,0,0,0]}],[0],0,[0],[3],[8]],[[{"name":"22","rect":[2,2,103,102],"offset":[0.5,0],"originalSize":[106,106],"capInsets":[0,0,0,0]}],[0],0,[0],[3],[9]],[[{"name":"16","rect":[2,2,87,87],"offset":[0.5,-0.5],"originalSize":[90,90],"capInsets":[0,0,0,0]}],[0],0,[0],[3],[10]],[[{"name":"18","rect":[1,1,96,96],"offset":[0,0],"originalSize":[98,98],"capInsets":[0,0,0,0]}],[0],0,[0],[3],[11]],[[{"name":"15","rect":[1,2,94,90],"offset":[-1,0],"originalSize":[98,94],"capInsets":[0,0,0,0]}],[0],0,[0],[3],[12]],[[{"name":"23","rect":[1,1,111,112],"offset":[-0.5,0],"originalSize":[114,114],"capInsets":[0,0,0,0]}],[0],0,[0],[3],[13]],[[{"name":"5","rect":[1,2,106,107],"offset":[0,-0.5],"originalSize":[108,110],"capInsets":[0,0,0,0]}],[0],0,[0],[3],[14]],[[{"name":"19","rect":[2,1,109,109],"offset":[0.5,0.5],"originalSize":[112,112],"capInsets":[0,0,0,0]}],[0],0,[0],[3],[15]],[[{"name":"7","rect":[1,2,94,82],"offset":[-1,0],"originalSize":[98,86],"capInsets":[0,0,0,0]}],[0],0,[0],[3],[16]],[[{"name":"6","rect":[2,1,87,90],"offset":[0.5,0],"originalSize":[90,92],"capInsets":[0,0,0,0]}],[0],0,[0],[3],[17]],[[{"name":"31","rect":[1,2,106,104],"offset":[-1,0],"originalSize":[110,108],"capInsets":[0,0,0,0]}],[0],0,[0],[3],[18]],[[{"name":"11","rect":[2,2,91,91],"offset":[0.5,-0.5],"originalSize":[94,94],"capInsets":[0,0,0,0]}],[0],0,[0],[3],[19]],[[{"name":"21","rect":[2,3,85,83],"offset":[-0.5,-0.5],"originalSize":[90,88],"capInsets":[0,0,0,0]}],[0],0,[0],[3],[20]],[[[21,"HelpBongDem"],[17,"HelpBongDem",[-6,-7,-8,-9,-10,-11,-12,-13],[[26,-2],[27,-5,-4,-3]],[28,-1,0],[5,1280,720]],[17,"ParentFish",[-15,-16,-17,-18,-19,-20,-21,-22,-23,-24,-25,-26,-27,-28,-29,-30,-31,-32,-33,-34,-35,-36,-37,-38,-39,-40,-41,-42],[[29,1,3,15,15,-14,[5,850,365]]],[0,"8d3j+W6cFMv48sjJ1Xg4mZ",1,0],[5,850,365]],[22,"content",[-44,-45,-46,-47,-48,-49,-50,-51,-52,-53,-54],[[30,1,1,15,-43,[5,9900,350]]],[0,"78It+ear9GsqPio91delXd",1,0],[5,9900,350],[0,0,0.5],[-450,0,0,0,0,0,1,1,1,1]],[9,"page2 copy",3,[-55,-56,-57,-58,-59,-60,-61],[0,"f25EFcaWxM96qPbVWTLVZL",1,0],[5,900,450],[4050,0,0,0,0,0,1,1,1,1]],[9,"page2 copy",3,[-62,-63,-64,-65,-66,-67,-68],[0,"08xbG5ENlEo5E/bVT2y/MP",1,0],[5,900,450],[4950,0,0,0,0,0,1,1,1,1]],[13,"27",[-70,-71,-72],[[2,-69,[183],184]],[0,"7a2odj9rZJyq2CaN9yfzl5",1,0],[5,113,116],[-337.322,121.306,0,0,0,0,1,1,1,1]],[13,"27 copy",[-74,-75,-76],[[2,-73,[191],192]],[0,"15npDnX4FO2r6YdzFC3HHd",1,0],[5,113,116],[-337.322,-13.713,0,0,0,0,1,1,1,1]],[13,"27",[-78,-79,-80],[[2,-77,[205],206]],[0,"c8mTxdzhZCtoVO37V6dDCK",1,0],[5,113,116],[-337.322,121.306,0,0,0,0,1,1,1,1]],[13,"27 copy",[-82,-83,-84],[[2,-81,[213],214]],[0,"29Zn6Y+9VHWL5jzc4nOab5",1,0],[5,113,116],[-337.322,-13.713,0,0,0,0,1,1,1,1]],[25,"pageview",1,[-86,-87],[-85],[0,"31Vbxc4tRArZVG6UNdWnZy",1,0],[5,900,450]],[3,"1",2,[-89,-90],[[6,0,-88,[11],12]],[0,"31TNPHGtVLcqhmsemTP3KH",1,0],[5,108,80],[-371,142.5,0,0,0,0,1,1,1,1]],[3,"2",2,[-92,-93],[[6,0,-91,[17],18]],[0,"4ez5YtSkRNmq7AGlNl/uu1",1,0],[5,108,80],[-248,142.5,0,0,0,0,1,1,1,1]],[3,"3",2,[-95,-96],[[6,0,-94,[23],24]],[0,"9dhpBdqBBJtqirLthYF30q",1,0],[5,108,80],[-125,142.5,0,0,0,0,1,1,1,1]],[3,"4",2,[-98,-99],[[6,0,-97,[29],30]],[0,"b5fdhApHRCMqvCSc/VIx0O",1,0],[5,108,80],[-2,142.5,0,0,0,0,1,1,1,1]],[3,"5",2,[-101,-102],[[6,0,-100,[35],36]],[0,"88r8eGjrpC+ol/JU0SYgVY",1,0],[5,108,80],[121,142.5,0,0,0,0,1,1,1,1]],[3,"6",2,[-104,-105],[[6,0,-103,[41],42]],[0,"88NopagdhJspnqzmhJ7HmA",1,0],[5,108,80],[244,142.5,0,0,0,0,1,1,1,1]],[3,"7",2,[-107,-108],[[6,0,-106,[47],48]],[0,"c4eB8Ir19F44BFt4Qnx9ho",1,0],[5,108,80],[367,142.5,0,0,0,0,1,1,1,1]],[3,"8",2,[-110,-111],[[6,0,-109,[53],54]],[0,"2d/KrBaF9G0KGdJSE5U8Jk",1,0],[5,108,80],[-371,47.5,0,0,0,0,1,1,1,1]],[3,"9",2,[-113,-114],[[6,0,-112,[59],60]],[0,"5b8Fe5409KyKmvYuiIetNw",1,0],[5,108,80],[-248,47.5,0,0,0,0,1,1,1,1]],[3,"10",2,[-116,-117],[[6,0,-115,[65],66]],[0,"09y9X0J+NNpJvcpJLPQjrI",1,0],[5,108,80],[-125,47.5,0,0,0,0,1,1,1,1]],[3,"11",2,[-119,-120],[[6,0,-118,[71],72]],[0,"7arLStmOhISYxwXRlXsRok",1,0],[5,108,80],[-2,47.5,0,0,0,0,1,1,1,1]],[3,"12",2,[-122,-123],[[6,0,-121,[77],78]],[0,"761T/eKxRMaLqMwljK26FU",1,0],[5,108,80],[121,47.5,0,0,0,0,1,1,1,1]],[3,"13",2,[-125,-126],[[6,0,-124,[83],84]],[0,"60O5NefdJI9Zbdb9ajEWEL",1,0],[5,108,80],[244,47.5,0,0,0,0,1,1,1,1]],[3,"14",2,[-128,-129],[[6,0,-127,[89],90]],[0,"f8x3Ug0JNPJpJ2G5UPCY9O",1,0],[5,108,80],[367,47.5,0,0,0,0,1,1,1,1]],[3,"23",2,[-131,-132],[[7,1,0,-130,[95],96]],[0,"f6dLXW4TdBcLuS1ucK5Iu8",1,0],[5,108,80],[-371,-47.5,0,0,0,0,1,1,1,1]],[3,"24",2,[-134,-135],[[7,1,0,-133,[101],102]],[0,"78868F+1xN35W+KNlSBdCt",1,0],[5,108,80],[-248,-47.5,0,0,0,0,1,1,1,1]],[3,"15",2,[-137,-138],[[7,1,0,-136,[107],108]],[0,"b080eXTplLGZawT9QD0Ykq",1,0],[5,108,80],[-125,-47.5,0,0,0,0,1,1,1,1]],[3,"16",2,[-140,-141],[[7,1,0,-139,[113],114]],[0,"0782GMYWtMZrQR8Ret9Z4j",1,0],[5,108,80],[-2,-47.5,0,0,0,0,1,1,1,1]],[3,"17",2,[-143,-144],[[7,1,0,-142,[119],120]],[0,"89wIh0d3FPtpAu2U4zM1sX",1,0],[5,108,80],[121,-47.5,0,0,0,0,1,1,1,1]],[3,"18",2,[-146,-147],[[7,1,0,-145,[125],126]],[0,"19GH7MjS5EcLJr2GBRmabf",1,0],[5,108,80],[244,-47.5,0,0,0,0,1,1,1,1]],[3,"19",2,[-149,-150],[[7,1,0,-148,[131],132]],[0,"64/TWdNVlKM4iPJ82apAQL",1,0],[5,108,80],[367,-47.5,0,0,0,0,1,1,1,1]],[3,"20",2,[-152,-153],[[7,1,0,-151,[137],138]],[0,"f9GAqp3jFCI75kRJPwgAm+",1,0],[5,108,80],[-371,-142.5,0,0,0,0,1,1,1,1]],[3,"21",2,[-155,-156],[[7,1,0,-154,[143],144]],[0,"f260ZHYb1F5ZAB1GtLf062",1,0],[5,108,80],[-248,-142.5,0,0,0,0,1,1,1,1]],[3,"22",2,[-158,-159],[[7,1,0,-157,[149],150]],[0,"19Yo12i/hEiaq3AaYtxeMJ",1,0],[5,108,80],[-125,-142.5,0,0,0,0,1,1,1,1]],[3,"25",2,[-161,-162],[[7,1,0,-160,[155],156]],[0,"deR3mbT0RDRI9fwWZ8CenQ",1,0],[5,108,80],[-2,-142.5,0,0,0,0,1,1,1,1]],[3,"26",2,[-164,-165],[[7,1,0,-163,[161],162]],[0,"d9BZOVn/FHhoEH2Pe2nbUa",1,0],[5,108,80],[121,-142.5,0,0,0,0,1,1,1,1]],[3,"27",2,[-167,-168],[[7,1,0,-166,[167],168]],[0,"b2ecn+8LdD7qkj1ypIA/W6",1,0],[5,108,80],[244,-142.5,0,0,0,0,1,1,1,1]],[3,"28",2,[-170,-171],[[7,1,0,-169,[173],174]],[0,"891Uh4XgRPX7rvo6SHqaRB",1,0],[5,108,80],[367,-142.5,0,0,0,0,1,1,1,1]],[9,"page2 copy",3,[6,7,-172],[0,"87d13v+pZI8omxh7Jpx/8/",1,0],[5,900,450],[2250,0,0,0,0,0,1,1,1,1]],[3,"27 copy",39,[-174,-175],[[2,-173,[197],198]],[0,"7bOhXuxRFC8K0AmpD/J5Ow",1,0],[5,106,96],[-337.322,-152.87,0,0,0,0,1,1,1,1]],[9,"page2 copy",3,[8,9,-176],[0,"fa97Q5fYpIA5ftJUidJyvH",1,0],[5,900,450],[3150,0,0,0,0,0,1,1,1,1]],[9,"27 copy",41,[-177,-178,-179],[0,"62JwGHrbFGibwdhwhuhvYm",1,0],[5,113,116],[-337.322,-163.384,0,0,0,0,1,1,1,1]],[9,"page2 copy",3,[-180,-181,-182],[0,"28TqOacflIPpDnsPtrqhfl",1,0],[5,900,450],[5850,0,0,0,0,0,1,1,1,1]],[9,"page2 copy",3,[-183,-184,-185],[0,"69Ftf1waRCtZrAeD6ywtPL",1,0],[5,900,450],[6750,0,0,0,0,0,1,1,1,1]],[9,"page2 copy",3,[-186,-187,-188],[0,"2aFKEJtTJM+qDaNvxBbN4i",1,0],[5,900,450],[7650,0,0,0,0,0,1,1,1,1]],[23,"sprite_splash",100,1,[[6,0,-189,[0],1],[31,-190]],[0,"570Xz9OY9F1IOhRzcj6WOg",1,0],[4,4278190080],[5,1280,720]],[24,"view",10,[3],[[32,0,-191,[271]]],[0,"c5ydt/Af1Noa8ZuLqMr4Cw",1,0],[5,900,450]],[33,0.5,10,3],[1,"Btn_Close_normal",1,[[2,-192,[272],273],[34,-193,[[35,"1e06c4OLL9KxbiVqkZUbQeL","onClickClose",1]]]],[0,"4cc7DJk6dNNIPDq3MwIEOD",1,0],[5,83,84],[493.577,242.235,0,0,0,0,1,1,1,1]],[1,"pre",1,[[2,-194,[274],275],[19,true,-195,[[20,"1e06c4OLL9KxbiVqkZUbQeL","onClickChangePage","pre",1]],276]],[0,"d6/P4EBuZCbIf+iw9KtFFo",1,0],[5,56,56],[-502.683,0,0,0,0,0,1,1,1,1]],[1,"next",1,[[2,-196,[277],278],[19,true,-197,[[20,"1e06c4OLL9KxbiVqkZUbQeL","onClickChangePage","next",1]],279]],[0,"1aeImLZmxO5LTbxAOe2kBR",1,0],[5,56,56],[503.132,0,0,0,0,0,1,-1,1,1]],[14,"bkgPopup",1,[[7,1,0,-198,[2],3]],[0,"d0EBpMiMBD+KkPstOqYBME",1,0],[5,1000,500]],[1,"KhungTile",1,[[7,1,0,-199,[4],5]],[0,"40TZUT4klN051nVXRRmLyz",1,0],[5,300,65],[0,247.083,0,0,0,0,1,1,1,1]],[18,"lbTitle",1,[-200],[0,"4anbZ3qFdP4Y49HYCUUEni",1,0],[5,159.38,40],[0,243.991,0,0,0,0,1,1,1,1]],[36,"HỆ SỐ CÁ",30,false,54,[6]],[9,"page1",3,[2],[0,"4fRAqgp/JPsqhc7Thv4BQP",1,0],[5,900,450],[450,0,0,0,0,0,1,1,1,1]],[1,"0",11,[[2,-201,[7],8]],[0,"b2lHOUHNlOmLDQM11dAYH9",1,0],[5,70,89],[0,12.17,0,0,0,0,1,0.5,0.5,1]],[1,"ArialB_YO-export",11,[[4,"x2",18,false,-202,[9],10]],[0,"92qNYEnkFLILnao1kpW9EK",1,0],[5,36,40],[0,-32.048,0,0,0,0,1,1,1,1]],[1,"ArialB_YO-export",12,[[4,"x3",18,false,-203,[13],14]],[0,"364xJTnbFNa4aLZWpcpkST",1,0],[5,36,40],[0,-32.048,0,0,0,0,1,1,1,1]],[1,"1",12,[[2,-204,[15],16]],[0,"f7sPw4BDtLNqMOCPsU3KKP",1,0],[5,87,81],[0,11.238,0,0,0,0,1,0.5,0.5,1]],[1,"ArialB_YO-export",13,[[4,"x4",18,false,-205,[19],20]],[0,"71+2kcMplN8ZYA4ACnJxek",1,0],[5,36,40],[0,-32.048,0,0,0,0,1,1,1,1]],[1,"2",13,[[2,-206,[21],22]],[0,"a5S6ZwyopGuIOXD6TYbuWA",1,0],[5,87,87],[0,11.238,0,0,0,0,1,0.5,0.5,1]],[1,"ArialB_YO-export",14,[[4,"x5",18,false,-207,[25],26]],[0,"1f/vypms9O8IdJcmZCAqsk",1,0],[5,36,40],[0,-32.048,0,0,0,0,1,1,1,1]],[1,"3",14,[[2,-208,[27],28]],[0,"7bj9mzuxJFWIJJBHS2eOSO",1,0],[5,82,83],[0,11.238,0,0,0,0,1,0.5,0.5,1]],[1,"ArialB_YO-export",15,[[4,"x6",18,false,-209,[31],32]],[0,"c8WX0HdUxPV4ABAqwdC+dy",1,0],[5,36,40],[0,-32.048,0,0,0,0,1,1,1,1]],[1,"4",15,[[2,-210,[33],34]],[0,"c48Hg07yhEMpi7HNaLT9dQ",1,0],[5,95,76],[0,11.238,0,0,0,0,1,0.5,0.5,1]],[1,"ArialB_YO-export",16,[[4,"x7",18,false,-211,[37],38]],[0,"8cTsvNO/hHbbSj1nLqYjDV",1,0],[5,36,40],[0,-32.048,0,0,0,0,1,1,1,1]],[1,"5",16,[[2,-212,[39],40]],[0,"d9iibJK/RIl7a1Cw8K5Jq5",1,0],[5,106,107],[0,11.238,0,0,0,0,1,0.5,0.5,1]],[1,"ArialB_YO-export",17,[[4,"x8",18,false,-213,[43],44]],[0,"640/BZcaNMn55MYW6R7jni",1,0],[5,36,40],[0,-32.048,0,0,0,0,1,1,1,1]],[1,"6",17,[[2,-214,[45],46]],[0,"b9VOwcwBdMPLa7It/fgbnu",1,0],[5,87,90],[0,11.238,0,0,0,0,1,0.5,0.5,1]],[1,"ArialB_YO-export",18,[[4,"x9",18,false,-215,[49],50]],[0,"c7YJcPdVpArqtOykPsLsHz",1,0],[5,36,40],[0,-32.048,0,0,0,0,1,1,1,1]],[1,"7",18,[[2,-216,[51],52]],[0,"f9TudLM+pLU4l51XiuFCvg",1,0],[5,94,82],[0,11.238,0,0,0,0,1,0.5,0.5,1]],[1,"ArialB_YO-export",19,[[5,"x10",18,false,-2,-217,[55],56]],[0,"18JAoKXRRIlrVUkMQf5hQQ",1,0],[5,50,40],[0,-32.048,0,0,0,0,1,1,1,1]],[1,"8",19,[[2,-218,[57],58]],[0,"88BUToLAFNYquC/uidfyaP",1,0],[5,105,105],[0,11.238,0,0,0,0,1,0.5,0.5,1]],[1,"ArialB_YO-export",20,[[5,"x11",18,false,-2,-219,[61],62]],[0,"e5ruSk5jdPdbyCGR2qJgaJ",1,0],[5,50,40],[0,-32.048,0,0,0,0,1,1,1,1]],[1,"9",20,[[2,-220,[63],64]],[0,"21yxAE7FhB66vulLEuFDmp",1,0],[5,90,84],[0,11.238,0,0,0,0,1,0.5,0.5,1]],[1,"ArialB_YO-export",21,[[5,"x12",18,false,-2,-221,[67],68]],[0,"ff1HSdeZNHSpAkbDTmV65B",1,0],[5,50,40],[0,-32.048,0,0,0,0,1,1,1,1]],[1,"10",21,[[2,-222,[69],70]],[0,"d6BmDdWB5NaLiaxL8YDFJF",1,0],[5,90,90],[0,11.238,0,0,0,0,1,0.5,0.5,1]],[1,"11",22,[[2,-223,[73],74]],[0,"0fzxVgCgtDBJLMrHbkOSLv",1,0],[5,91,91],[0,11.238,0,0,0,0,1,0.5,0.5,1]],[1,"ArialB_YO-export",22,[[5,"x15",18,false,-2,-224,[75],76]],[0,"6fSGUtaalMsL4Ai/9QvUis",1,0],[5,50,40],[0,-32.048,0,0,0,0,1,1,1,1]],[1,"12",23,[[2,-225,[79],80]],[0,"558mPrHzxOga/Z2lBYxCd0",1,0],[5,101,101],[0,11.238,0,0,0,0,1,0.5,0.5,1]],[1,"ArialB_YO-export",23,[[5,"x18",18,false,-2,-226,[81],82]],[0,"b9ilCh99dN8qeNOdjGmvGf",1,0],[5,50,40],[0,-32.048,0,0,0,0,1,1,1,1]],[1,"13",24,[[2,-227,[85],86]],[0,"41FMecErJOYLmV3o6aMbYb",1,0],[5,110,114],[0,11.238,0,0,0,0,1,0.5,0.5,1]],[1,"ArialB_YO-export",24,[[5,"x20",18,false,-2,-228,[87],88]],[0,"edHVvvbEVHYYkJ+5YbBS3C",1,0],[5,50,40],[0,-32.048,0,0,0,0,1,1,1,1]],[1,"15",25,[[2,-229,[91],92]],[0,"73MeJlomhEsbqsHMQetdIY",1,0],[5,94,90],[0,10.114,0,0,0,0,1,0.5,0.5,1]],[1,"ArialB_YO-export",25,[[5,"x5-20",15,false,-2,-230,[93],94]],[0,"082HZnCbFGqLUba+McVWVc",1,0],[5,61.38,40],[0,-36.67,0,0,0,0,1,1,1,1]],[1,"17",26,[[2,-231,[97],98]],[0,"7dfWwxvt1GBpexgJKsXcGu",1,0],[5,105,105],[0,10.114,0,0,0,0,1,0.5,0.5,1]],[1,"ArialB_YO-export",26,[[5,"x5-20",15,false,-2,-232,[99],100]],[0,"c33/tpk3xHIJfYWePViZ7z",1,0],[5,61.38,40],[0,-36.67,0,0,0,0,1,1,1,1]],[1,"14",27,[[2,-233,[103],104]],[0,"9927x13LJOWZWuhqM5v9FZ",1,0],[5,83,82],[0,10.114,0,0,0,0,1,0.5,0.5,1]],[1,"ArialB_YO-export",27,[[5,"x10-30",15,false,-2,-234,[105],106]],[0,"43+iei+qdFSqq365uhp3s9",1,0],[5,74.38,40],[0,-36.67,0,0,0,0,1,1,1,1]],[1,"16",28,[[2,-235,[109],110]],[0,"43xHu/3ddCa7IjFRgvGO6s",1,0],[5,87,87],[0,10.114,0,0,0,0,1,0.5,0.5,1]],[1,"ArialB_YO-export",28,[[5,"x10-30",15,false,-2,-236,[111],112]],[0,"51g38i/jxON4zJGEGqeXYC",1,0],[5,74.38,40],[0,-36.67,0,0,0,0,1,1,1,1]],[1,"18",29,[[2,-237,[115],116]],[0,"37JlQr70lINZ4TQDhDhDIt",1,0],[5,96,96],[0,10.114,0,0,0,0,1,0.5,0.5,1]],[1,"ArialB_YO-export",29,[[5,"x10-30",15,false,-2,-238,[117],118]],[0,"1bR5cjhr9H8I2eZ1DJNDKW",1,0],[5,74.38,40],[0,-36.67,0,0,0,0,1,1,1,1]],[1,"19",30,[[2,-239,[121],122]],[0,"83Sx24wQtIb6MVA5C/BcHR",1,0],[5,109,109],[0,10.114,0,0,0,0,1,0.5,0.5,1]],[1,"ArialB_YO-export",30,[[5,"x20-50",15,false,-2,-240,[123],124]],[0,"0cRtjiaE5GvqMASAcSjlcO",1,0],[5,74.38,40],[0,-36.67,0,0,0,0,1,1,1,1]],[1,"21",31,[[2,-241,[127],128]],[0,"8fi5fm6SpCxp4oVL+el6qV",1,0],[5,85,83],[0,10.114,0,0,0,0,1,0.5,0.5,1]],[1,"ArialB_YO-export",31,[[5,"x20-50",15,false,-2,-242,[129],130]],[0,"ef7xwOEgJNBYu7dlutMOnk",1,0],[5,74.38,40],[0,-36.67,0,0,0,0,1,1,1,1]],[1,"22",32,[[2,-243,[133],134]],[0,"4eatgf7YBI8r5pm6JKn1cJ",1,0],[5,103,102],[0,10.114,0,0,0,0,1,0.5,0.5,1]],[1,"ArialB_YO-export",32,[[5,"x20-60",15,false,-2,-244,[135],136]],[0,"69bH+4d4tMarbAgTsnHK1F",1,0],[5,74.38,40],[0,-36.67,0,0,0,0,1,1,1,1]],[1,"23",33,[[2,-245,[139],140]],[0,"9edhof+vRAuJyu4jKGqsi2",1,0],[5,111,112],[0,10.114,0,0,0,0,1,0.5,0.5,1]],[1,"ArialB_YO-export",33,[[5,"x30-70",15,false,-2,-246,[141],142]],[0,"80dLE39YRIBLeOqLriIi3c",1,0],[5,74.38,40],[0,-36.67,0,0,0,0,1,1,1,1]],[1,"25",34,[[2,-247,[145],146]],[0,"63IpJU9UlHXpgjWTAAxxUK",1,0],[5,113,114],[0,10.114,0,0,0,0,1,0.5,0.5,1]],[1,"ArialB_YO-export",34,[[5,"x30-80",15,false,-2,-248,[147],148]],[0,"bdiHtcePVNsIKepTOKP6eU",1,0],[5,74.38,40],[0,-36.67,0,0,0,0,1,1,1,1]],[1,"20",35,[[2,-249,[151],152]],[0,"15PMwWKuFAHpgPvZb+aAhq",1,0],[5,109,109],[0,10.114,0,0,0,0,1,0.5,0.5,1]],[1,"ArialB_YO-export",35,[[5,"x30-90",15,false,-2,-250,[153],154]],[0,"ebxaT8wXlH8LmXbhL8XjJi",1,0],[5,74.38,40],[0,-36.67,0,0,0,0,1,1,1,1]],[1,"24",36,[[2,-251,[157],158]],[0,"73ZgI8UQ1LiIo3a4rXhQ8H",1,0],[5,134,119],[0,10.114,0,0,0,0,1,0.5,0.5,1]],[1,"ArialB_YO-export",36,[[5,"x30-100",15,false,-2,-252,[159],160]],[0,"5caQE1VcZA44Vf2ObyugSv",1,0],[5,87.38,40],[0,-36.67,0,0,0,0,1,1,1,1]],[10,"30",37,[[2,-253,[163],164]],[0,"22Ez69xKBF44YkEK15tUUi",1,0],[5,134,133],[0,10.114,0,0,0,-0.18223552549214747,0.9832549075639546,0.6,0.6,1],[1,0,0,-21]],[1,"ArialB_YO-export",37,[[5,"x80-150",15,false,-2,-254,[165],166]],[0,"03y22N045GsbzHDVPvfY03",1,0],[5,87.38,40],[0,-36.67,0,0,0,0,1,1,1,1]],[1,"31",38,[[2,-255,[169],170]],[0,"ecMr8aOv1G+pPC4vILMb2o",1,0],[5,106,104],[0,10.114,0,0,0,0,1,0.6,0.6,1]],[1,"ArialB_YO-export",38,[[5,"x100-200",15,false,-2,-256,[171],172]],[0,"6dqfeIr+5LIrQ2ShApsG2n",1,0],[5,100.38,40],[0,-36.67,0,0,0,0,1,1,1,1]],[9,"page2",3,[-257],[0,"693C+UuoVKbalj+W41QwoO",1,0],[5,900,450],[1350,0,0,0,0,0,1,1,1,1]],[14,"page_2",113,[[15,1,-258,[175],176]],[0,"eesMXoIt1COa9mILbmE/d2",1,0],[5,844,424]],[10,"gun204idle3",6,[[6,0,-259,[177],178]],[0,"1fLbTJw1JFNow37sKaYaff",1,0],[5,54.08,156.52],[31.435,65.354,0,0,0,-0.3255681544571567,0.9455185755993168,1,1,1],[1,0,0,-38]],[8,"font_SFUI901",6,[[4,"Mũi khoan",25,false,-260,[179],180]],[0,"f5gu2sNxNJa6XlsoQgKj+g",1,0],[4,4278255615],[5,109.38,40],[137.164,17.148,0,0,0,0,1,1,1,1]],[11,"font_SFUI901 copy",6,[[12,"Tiêu diệt được cua Mũi Khoan sẽ nhận được súng khoan,tấn công cá trong\nphạm vị , tính điểm sau khi kết thúc",20,22,false,1,-261,[181],182]],[0,"397QyZPOVDtLvM3OLxgl+H",1,0],[5,664.38,44],[0,0,0.5],[82.242,-20.977,0,0,0,0,1,1,1,1]],[10,"gun204idle3",7,[[2,-262,[185],186]],[0,"b6A5932wZEaaHSHpSMw3Ek",1,0],[5,63,107],[14.84,32.798,0,0,0,-0.3255681544571567,0.9455185755993168,0.8,0.8,1],[1,0,0,-38]],[8,"font_SFUI901",7,[[4,"Sóng Âm",25,false,-263,[187],188]],[0,"cbDMX3JWBA/LC/3AwEDtdM",1,0],[4,4278255615],[5,99.22,40],[134.43,17.148,0,0,0,0,1,1,1,1]],[11,"font_SFUI901 copy",7,[[12,"Tiêu diệt được cua Sóng Âm sẽ nhận được súng Sóng Âm,tấn công cá trong\nphạm vị , tính điểm sau khi kết thúc",20,22,false,1,-264,[189],190]],[0,"59ROsXg0BEC4sZ49s3fICt",1,0],[5,680.63,44],[0,0,0.5],[82.242,-20.977,0,0,0,0,1,1,1,1]],[8,"font_SFUI901",40,[[4,"Súng Sét",25,false,-265,[193],194]],[0,"fe1hl+SPNPvKLHizPS6odH",1,0],[4,4278255615],[5,101.56,40],[134.43,17.148,0,0,0,0,1,1,1,1]],[11,"font_SFUI901 copy",40,[[12,"Súng sét khóa mục tiêu, tăng tốc độ bắn 20%, có tỉ lệ làm choáng cá 1 giây\n(thích hợp săn BOSS)",20,22,false,1,-266,[195],196]],[0,"f6QW9MuAlAIqT2fbb1yyH6",1,0],[5,663.75,44],[0,0,0.5],[82.242,-14.521,0,0,0,0,1,1,1,1]],[10,"gun204idle3",8,[[2,-267,[199],200]],[0,"e2XxgXpyxLvqMNSEU5RnSN",1,0],[5,135,144],[0.579,21.273,0,0,0,-0.3255681544571567,0.9455185755993168,0.7,0.7,1],[1,0,0,-38]],[8,"font_SFUI901",8,[[4,"Cua Rồng",25,false,-268,[201],202]],[0,"e0/yd+0HNJPqspmy9PBuCc",1,0],[4,4278255615],[5,104.69,40],[137.164,17.148,0,0,0,0,1,1,1,1]],[11,"font_SFUI901 copy",8,[[12,"Tiêu diệt được cua Rồng sẽ nhận được súng Rồng bắn lan và\n không mất vàng trong vòng 30s",20,22,false,1,-269,[203],204]],[0,"2a4/jAclFNe4AlIK/xCrGs",1,0],[5,541.88,44],[0,0,0.5],[82.242,-20.977,0,0,0,0,1,1,1,1]],[10,"gun204idle3",9,[[2,-270,[207],208]],[0,"a2Odm0TLxEJ4xjifruZsBG",1,0],[5,150,202],[7.375,29.999,0,0,0,-0.3255681544571567,0.9455185755993168,0.6,0.6,1],[1,0,0,-38]],[8,"font_SFUI901",9,[[4,"Cua Quay",25,false,-271,[209],210]],[0,"97bkpi2OtEu7HhYwWvvCRA",1,0],[4,4278255615],[5,104.69,40],[134.43,17.148,0,0,0,0,1,1,1,1]],[11,"font_SFUI901 copy",9,[[12,"Tiêu diệt được cua Quay sẽ nhận được vòng quay may mắn\n có giá trị tối đa x400",20,22,false,1,-272,[211],212]],[0,"ceYJypEP1DcK9RZUKFAPLB",1,0],[5,531.88,44],[0,0,0.5],[82.242,-20.977,0,0,0,0,1,1,1,1]],[10,"gun204idle3",42,[[2,-273,[215],216]],[0,"f1l0GWd4hE6LkV6RRwPE5B",1,0],[5,363,166],[-27.496,-6.78,0,0,0,1,6.123233995736766e-17,0.6,0.6,1],[1,0,0,180]],[8,"font_SFUI901",42,[[4,"Rồng Điện",25,false,-274,[217],218]],[0,"86dLHoLXhItr/0VK3OC9NV",1,0],[4,4278255615],[5,112.5,40],[140.705,17.148,0,0,0,0,1,1,1,1]],[11,"font_SFUI901 copy",42,[[12,"Tiêu diệt được Rồng Điện sẽ phát ra luồng điện tiêu diệt cá xung quanh",20,22,false,1,-275,[219],220]],[0,"29h4z4JDRJvIxpsmsbH3ux",1,0],[5,631.88,22],[0,0,0.5],[82.027,-20.977,0,0,0,0,1,1,1,1]],[1,"fish_1305_01",4,[[2,-276,[221],222]],[0,"01++YJ8tNK8ow2qB4JQ8P3",1,0],[5,294,502],[-248.228,-4.327,0,0,0,0,1,-1,1,1]],[1,"fish_1304_01",4,[[2,-277,[223],224]],[0,"c1lBB7oz9BIbkldcVaJL/i",1,0],[5,616,706],[170.892,-30.66,0,0,0,0,1,-0.9,0.9,1]],[8,"font_SFUI901",4,[[4,"Mãnh sư",35,false,-278,[225],226]],[0,"34EPYqYWdNG4xTorPWwftR",1,0],[4,4278255615],[5,130.16,40],[-218.302,194.122,0,0,0,0,1,1,1,1.25]],[8,"font_SFUI901 copy",4,[[4,"* tiêu diệt có thể nhận được vật phẩm đặc biệt !",25,false,-279,[227],228]],[0,"0du7DaOJVA6aSgFoUYQAAP",1,0],[4,4278190335],[5,531.25,40],[-30.614,-196.766,0,0,0,0,1,1,1,1.25]],[8,"font_SFUI901 copy",4,[[4,"Phượng Hoàng",35,false,-280,[229],230]],[0,"e07DSGL+lKu63lAT6R2qLQ",1,0],[4,4278255615],[5,227.5,40],[194.138,194.122,0,0,0,0,1,1,1,1.25]],[1,"ArialB_YO-export",4,[[4,"X30-130",30,false,-281,[231],232]],[0,"47OX1U7aNHbrhTFFFOjw15",1,0],[5,204.38,40],[-212.608,-139.238,0,0,0,0,1,1,1,1.25]],[1,"ArialB_YO-export copy",4,[[4,"X50-150",30,false,-282,[233],234]],[0,"a7WiDJnhRORbxDxlzQYuGP",1,0],[5,204.38,40],[188.575,-139.238,0,0,0,0,1,1,1,1.25]],[1,"fish_1305_01",5,[[2,-283,[235],236]],[0,"94n8ySxjlIuqY/w8kcH6Uq",1,0],[5,477,436],[-218.019,21.941,0,0,0,0,1,-0.8,0.8,1]],[1,"fish_1304_01",5,[[2,-284,[237],238]],[0,"3bSK7LeSJMc6gzm1C+a1/b",1,0],[5,371,371],[203.344,29.916,0,0,0,0,1,-0.8,0.8,1]],[8,"font_SFUI901",5,[[4,"Ác quỉ",35,false,-285,[239],240]],[0,"beBm5GNClJkYsXiGZjRee+",1,0],[4,4278255615],[5,96.25,40],[-218.302,194.122,0,0,0,0,1,1,1,1.25]],[8,"font_SFUI901 copy",5,[[4,"* tiêu diệt có thể nhận được vật phẩm đặc biệt !",25,false,-286,[241],242]],[0,"22BuQJoKBCjK+AJFS7llbC",1,0],[4,4278190335],[5,531.25,40],[-30.614,-196.766,0,0,0,0,1,1,1,1.25]],[8,"font_SFUI901 copy",5,[[4,"Thiên thần",35,false,-287,[243],244]],[0,"bcaDmxeMFAYYM/BjapOaYD",1,0],[4,4278255615],[5,162.97,40],[194.138,194.122,0,0,0,0,1,1,1,1.25]],[1,"ArialB_YO-export",5,[[4,"X70-170",30,false,-288,[245],246]],[0,"1bogLD6kVAWamWokH3HNmS",1,0],[5,204.38,40],[-212.608,-139.238,0,0,0,0,1,1,1,1.25]],[1,"ArialB_YO-export copy",5,[[4,"X70-170",30,false,-289,[247],248]],[0,"41cm8SA6dFm5mYeg4WLiM7",1,0],[5,204.38,40],[188.575,-139.238,0,0,0,0,1,1,1,1.25]],[10,"LeftMonster",43,[[2,-290,[249],250]],[0,"809NHvOXVCCbFqoaMW5mlH",1,0],[5,462,481],[-28.93499836104138,7.8769997299034795,0,0,0,-0.9537169507482269,0.30070579950427306,0.8,0.8,1],[1,0,0,-145]],[8,"font_SFUI901",43,[[16,"Quái vật bóng đêm",false,-291,[251],252]],[0,"99txXZ93ZHALvOTs6eVtdR",1,0],[4,4278255615],[5,333.75,40],[-4.486998361041515,181.7129997299035,0,0,0,0,1,1,1,1.25]],[1,"ArialB_YO-export",43,[[4,"X1000-1200",35,false,-292,[253],254]],[0,"65bUnT51tFbKi/0DW89GUU",1,0],[5,343.44,40],[0,-161.221,0,0,0,0,1,1,1,1.25]],[10,"LeftMonster",44,[[2,-293,[255],256]],[0,"1fQ1ifm4xDFqhyEjJGel3B",1,0],[5,340,447],[-28.93499836104138,7.8769997299034795,0,0,0,-0.8734834719839715,0.48685380163949277,1,1,1],[1,0,0,-121.732]],[8,"font_SFUI901",44,[[16,"Hỏa Long Qui",false,-294,[257],258]],[0,"easzJqtqVPw4VK2LdCRIp/",1,0],[4,4278255615],[5,228.75,40],[-4.486998361041515,181.7129997299035,0,0,0,0,1,1,1,1.25]],[1,"ArialB_YO-export",44,[[4,"X600-800",35,false,-295,[259],260]],[0,"82UMRWAvFOpImnU6CavLSB",1,0],[5,273.44,40],[0,-161.221,0,0,0,0,1,1,1,1.25]],[1,"LeftMonster",45,[[2,-296,[261],262]],[0,"40m8wpO/RHy7Spbylf7W0y",1,0],[5,782,215],[-28.935,7.877,0,0,0,0,1,0.8,0.8,1]],[8,"font_SFUI901",45,[[16,"Cá xấu cổ đại",false,-297,[263],264]],[0,"33doTwBh5Co4MWVY5Wzvd5",1,0],[4,4278255615],[5,241.25,40],[-4.487,181.713,0,0,0,0,1,1,1,1]],[1,"ArialB_YO-export",45,[[4,"X600-800",35,false,-298,[265],266]],[0,"6b9OY65uRFYZAEHf6iWnXq",1,0],[5,273.44,40],[0,-161.221,0,0,0,0,1,1,1,1]],[9,"page3",3,[-299],[0,"d8famLk5lApJnL90dwU0tS",1,0],[5,900,450],[8550,0,0,0,0,0,1,1,1,1]],[14,"page_3",155,[[15,1,-300,[267],268]],[0,"63qmrm7MdIRrFJ2hi1T2D0",1,0],[5,791,385]],[9,"page4",3,[-301],[0,"26yK9pILJBW56efGBwHZFe",1,0],[5,900,450],[9450,0,0,0,0,0,1,1,1,1]],[14,"page_4",157,[[15,1,-302,[269],270]],[0,"fb8/RVPw5ABp2G7bMaD3ZG",1,0],[5,792,405]],[18,"indicator",10,[-303],[0,"11GZYJuHNB6pIpRMZQTX4b",1,0],[5,100,27],[0,-227.425,0,0,0,0,1,1,1,1]],[37,25,159,48,[5,25,25]]],0,[0,6,1,0,0,1,0,7,55,0,8,48,0,0,1,0,-1,46,0,-2,52,0,-3,53,0,-4,54,0,-5,10,0,-6,49,0,-7,50,0,-8,51,0,0,2,0,-1,11,0,-2,12,0,-3,13,0,-4,14,0,-5,15,0,-6,16,0,-7,17,0,-8,18,0,-9,19,0,-10,20,0,-11,21,0,-12,22,0,-13,23,0,-14,24,0,-15,25,0,-16,26,0,-17,27,0,-18,28,0,-19,29,0,-20,30,0,-21,31,0,-22,32,0,-23,33,0,-24,34,0,-25,35,0,-26,36,0,-27,37,0,-28,38,0,0,3,0,-1,56,0,-2,113,0,-3,39,0,-4,41,0,-5,4,0,-6,5,0,-7,43,0,-8,44,0,-9,45,0,-10,155,0,-11,157,0,-1,132,0,-2,133,0,-3,134,0,-4,135,0,-5,136,0,-6,137,0,-7,138,0,-1,139,0,-2,140,0,-3,141,0,-4,142,0,-5,143,0,-6,144,0,-7,145,0,0,6,0,-1,115,0,-2,116,0,-3,117,0,0,7,0,-1,118,0,-2,119,0,-3,120,0,0,8,0,-1,123,0,-2,124,0,-3,125,0,0,9,0,-1,126,0,-2,127,0,-3,128,0,-1,48,0,-1,47,0,-2,159,0,0,11,0,-1,57,0,-2,58,0,0,12,0,-1,59,0,-2,60,0,0,13,0,-1,61,0,-2,62,0,0,14,0,-1,63,0,-2,64,0,0,15,0,-1,65,0,-2,66,0,0,16,0,-1,67,0,-2,68,0,0,17,0,-1,69,0,-2,70,0,0,18,0,-1,71,0,-2,72,0,0,19,0,-1,73,0,-2,74,0,0,20,0,-1,75,0,-2,76,0,0,21,0,-1,77,0,-2,78,0,0,22,0,-1,79,0,-2,80,0,0,23,0,-1,81,0,-2,82,0,0,24,0,-1,83,0,-2,84,0,0,25,0,-1,85,0,-2,86,0,0,26,0,-1,87,0,-2,88,0,0,27,0,-1,89,0,-2,90,0,0,28,0,-1,91,0,-2,92,0,0,29,0,-1,93,0,-2,94,0,0,30,0,-1,95,0,-2,96,0,0,31,0,-1,97,0,-2,98,0,0,32,0,-1,99,0,-2,100,0,0,33,0,-1,101,0,-2,102,0,0,34,0,-1,103,0,-2,104,0,0,35,0,-1,105,0,-2,106,0,0,36,0,-1,107,0,-2,108,0,0,37,0,-1,109,0,-2,110,0,0,38,0,-1,111,0,-2,112,0,-3,40,0,0,40,0,-1,121,0,-2,122,0,-3,42,0,-1,129,0,-2,130,0,-3,131,0,-1,146,0,-2,147,0,-3,148,0,-1,149,0,-2,150,0,-3,151,0,-1,152,0,-2,153,0,-3,154,0,0,46,0,0,46,0,0,47,0,0,49,0,0,49,0,0,50,0,0,50,0,0,51,0,0,51,0,0,52,0,0,53,0,-1,55,0,0,57,0,0,58,0,0,59,0,0,60,0,0,61,0,0,62,0,0,63,0,0,64,0,0,65,0,0,66,0,0,67,0,0,68,0,0,69,0,0,70,0,0,71,0,0,72,0,0,73,0,0,74,0,0,75,0,0,76,0,0,77,0,0,78,0,0,79,0,0,80,0,0,81,0,0,82,0,0,83,0,0,84,0,0,85,0,0,86,0,0,87,0,0,88,0,0,89,0,0,90,0,0,91,0,0,92,0,0,93,0,0,94,0,0,95,0,0,96,0,0,97,0,0,98,0,0,99,0,0,100,0,0,101,0,0,102,0,0,103,0,0,104,0,0,105,0,0,106,0,0,107,0,0,108,0,0,109,0,0,110,0,0,111,0,0,112,0,-1,114,0,0,114,0,0,115,0,0,116,0,0,117,0,0,118,0,0,119,0,0,120,0,0,121,0,0,122,0,0,123,0,0,124,0,0,125,0,0,126,0,0,127,0,0,128,0,0,129,0,0,130,0,0,131,0,0,132,0,0,133,0,0,134,0,0,135,0,0,136,0,0,137,0,0,138,0,0,139,0,0,140,0,0,141,0,0,142,0,0,143,0,0,144,0,0,145,0,0,146,0,0,147,0,0,148,0,0,149,0,0,150,0,0,151,0,0,152,0,0,153,0,0,154,0,-1,156,0,0,156,0,-1,158,0,0,158,0,-1,160,0,9,1,2,4,56,3,4,47,6,4,39,7,4,39,8,4,41,9,4,41,48,10,160,303],[0,0,0,0,0,0,0,0,0,0,0,0,0,0,0,0,0,0,0,0,0,0,0,0,0,0,0,0,0,0,0,0,0,0,0,0,0,0,0,0,0,0,0,0,0,0,0,0,0,0,0,0,0,0,0,0,0,0,0,0,0,0,0,0,0,0,0,0,0,0,0,0,0,0,0,0,0,0,0,0,0,0,0,0,0,0,0,0,0,0,0,0,0,0,0,0,0,0,0,0,0,0,0,0,0,0,0,0,0,0,0,0,0,0,0,0,0,0,0,0,0,0,0,0,0,0,0,0,0,0,0,0,0,0,0,0,0,0,0,0,0,0,0,0,0,0,0,0,0,0,0,0,0,0,0,0,0,0,0,0,0,0,0,0,0,0,0,0,0,0,0,0,0,0,0,0,0,0,0,0,0,0,0,0,0,0,0,0,0,0,0,0,0,0,0,0,0,0,0,0,0,0,0,0,0,0,0,0,0,0,0,0,0,0,0,0,0,0,0,0,0,0,0,0,0,0,0,0,0,0,0,0,0,0,0,0,0,0,0,0,0,0,0,0,0,0,0,0,0,0,0,0,0,0,0,0,0,0,0,0,0,0,0,0,0,0,0,0,0,0,0,0,0,0,0,0,0,0,0,0,55,160],[-1,1,-1,1,-1,1,-1,-1,1,-1,2,-1,1,-1,2,-1,1,-1,1,-1,2,-1,1,-1,1,-1,2,-1,1,-1,1,-1,2,-1,1,-1,1,-1,2,-1,1,-1,1,-1,2,-1,1,-1,1,-1,2,-1,1,-1,1,-1,2,-1,1,-1,1,-1,2,-1,1,-1,1,-1,2,-1,1,-1,1,-1,1,-1,2,-1,1,-1,1,-1,2,-1,1,-1,1,-1,2,-1,1,-1,1,-1,2,-1,1,-1,1,-1,2,-1,1,-1,1,-1,2,-1,1,-1,1,-1,2,-1,1,-1,1,-1,2,-1,1,-1,1,-1,2,-1,1,-1,1,-1,2,-1,1,-1,1,-1,2,-1,1,-1,1,-1,2,-1,1,-1,1,-1,2,-1,1,-1,1,-1,2,-1,1,-1,1,-1,2,-1,1,-1,1,-1,2,-1,1,-1,1,-1,2,-1,1,-1,1,-1,1,-1,2,-1,2,-1,1,-1,1,-1,2,-1,2,-1,1,-1,2,-1,2,-1,1,-1,1,-1,2,-1,2,-1,1,-1,1,-1,2,-1,2,-1,1,-1,1,-1,2,-1,2,-1,1,-1,1,-1,2,-1,2,-1,2,-1,2,-1,2,-1,1,-1,1,-1,2,-1,2,-1,2,-1,2,-1,2,-1,1,-1,2,-1,2,-1,1,-1,2,-1,2,-1,1,-1,2,-1,2,-1,1,-1,1,-1,-1,1,-1,1,5,-1,1,5,2,11],[0,21,0,22,0,23,0,0,24,0,1,0,2,0,1,0,25,0,2,0,1,0,26,0,2,0,1,0,27,0,2,0,1,0,28,0,2,0,1,0,29,0,2,0,1,0,30,0,2,0,1,0,31,0,2,0,1,0,32,0,2,0,1,0,33,0,2,0,1,0,34,0,2,0,35,0,1,0,2,0,36,0,1,0,2,0,37,0,1,0,2,0,38,0,1,0,2,0,39,0,1,0,2,0,40,0,1,0,2,0,41,0,1,0,2,0,42,0,1,0,2,0,43,0,1,0,2,0,44,0,1,0,2,0,45,0,1,0,2,0,46,0,1,0,2,0,47,0,1,0,2,0,48,0,1,0,2,0,49,0,1,0,2,0,50,0,1,0,2,0,51,0,1,0,2,0,52,0,53,0,3,0,3,0,4,0,54,0,3,0,3,0,4,0,3,0,3,0,55,0,56,0,3,0,3,0,4,0,57,0,3,0,3,0,4,0,58,0,3,0,3,0,59,0,60,0,3,0,3,0,3,0,1,0,1,0,61,0,62,0,3,0,3,0,3,0,1,0,1,0,63,0,3,0,1,0,64,0,3,0,1,0,65,0,3,0,1,0,66,0,67,0,0,68,0,5,0,0,5,0,69,70]],[[{"name":"27","rect":[2,2,113,116],"offset":[-0.5,0],"originalSize":[118,120],"capInsets":[0,0,0,0]}],[0],0,[0],[3],[71]],[[{"name":"huogndan5","rect":[0,1,792,405],"offset":[0,-0.5],"originalSize":[792,406],"capInsets":[0,0,0,0]}],[0],0,[0],[3],[72]],[[{"name":"14","rect":[2,2,83,82],"offset":[-0.5,0],"originalSize":[88,86],"capInsets":[0,0,0,0]}],[0],0,[0],[3],[73]],[[{"name":"10","rect":[1,1,90,90],"offset":[0,0],"originalSize":[92,92],"capInsets":[0,0,0,0]}],[0],0,[0],[3],[74]],[[{"name":"8","rect":[2,2,105,105],"offset":[0.5,-0.5],"originalSize":[108,108],"capInsets":[0,0,0,0]}],[0],0,[0],[3],[75]],[[{"name":"4","rect":[2,2,95,76],"offset":[-0.5,0],"originalSize":[100,80],"capInsets":[0,0,0,0]}],[0],0,[0],[3],[76]],[[{"name":"1","rect":[2,3,87,81],"offset":[-0.5,-0.5],"originalSize":[92,86],"capInsets":[0,0,0,0]}],[0],0,[0],[3],[77]],[[{"name":"Frame_Info_Yellow","rect":[0,0,64,64],"offset":[0,0],"originalSize":[64,64],"capInsets":[7,0,7,0]}],[0],0,[0],[3],[78]],[[{"name":"3","rect":[1,2,82,83],"offset":[0,-0.5],"originalSize":[84,86],"capInsets":[0,0,0,0]}],[0],0,[0],[3],[79]],[[{"name":"casauHelp","rect":[0,18,782,215],"offset":[0,5],"originalSize":[782,261],"capInsets":[0,0,0,0]}],[0],0,[0],[3],[80]],[[{"name":"9","rect":[2,4,90,84],"offset":[-1,-1],"originalSize":[96,90],"capInsets":[0,0,0,0]}],[0],0,[0],[3],[81]],[[{"name":"30","rect":[0,1,134,133],"offset":[0,-0.5],"originalSize":[134,134],"capInsets":[0,0,0,0]}],[0],0,[0],[3],[82]],[[{"name":"13","rect":[1,1,110,114],"offset":[0,0],"originalSize":[112,116],"capInsets":[0,0,0,0]}],[0],0,[0],[3],[83]],[[{"name":"12","rect":[2,2,101,101],"offset":[0.5,-0.5],"originalSize":[104,104],"capInsets":[0,0,0,0]}],[0],0,[0],[3],[84]],[[{"name":"0","rect":[0,0,70,89],"offset":[-1,0.5],"originalSize":[72,90],"capInsets":[0,0,0,0]}],[0],0,[0],[3],[85]],[[{"name":"25","rect":[2,1,113,114],"offset":[0.5,0],"originalSize":[116,116],"capInsets":[0,0,0,0]}],[0],0,[0],[3],[86]],[[{"name":"20","rect":[2,1,109,109],"offset":[0.5,0.5],"originalSize":[112,112],"capInsets":[0,0,0,0]}],[0],0,[0],[3],[87]],[[{"name":"2","rect":[2,2,87,87],"offset":[0.5,-0.5],"originalSize":[90,90],"capInsets":[0,0,0,0]}],[0],0,[0],[3],[88]],[[{"name":"24","rect":[0,3,134,119],"offset":[-1,-0.5],"originalSize":[136,124],"capInsets":[0,0,0,0]}],[0],0,[0],[3],[89]]]]