[1,["2a+a/BfUtD7bnA+3TS0rjJ"],0,[["sp.SkeletonData",["_name","_atlasText","textureNames","_skeletonJson","textures"],-1,3]],[[0,0,1,2,3,4,5]],[[0,"pao_FrostFighter","\r\npao_FrostFighter.png\r\nsize: 878,520\r\nformat: RGBA8888\r\nfilter: Linear,Linear\r\nrepeat: none\r\npao/FrostFighter\r\n  rotate: false\r\n  xy: 1, 9\r\n  size: 134, 142\r\n  orig: 134, 142\r\n  offset: 0, 0\r\n  index: -1\r\npao/炮6/4\r\n  rotate: false\r\n  xy: 136, 54\r\n  size: 62, 97\r\n  orig: 62, 97\r\n  offset: 0, 0\r\n  index: -1\r\npao/炮6/sg_00000\r\n  rotate: false\r\n  xy: 239, 66\r\n  size: 14, 16\r\n  orig: 80, 64\r\n  offset: 5, 4\r\n  index: -1\r\npao/炮6/sg_00001\r\n  rotate: true\r\n  xy: 199, 60\r\n  size: 22, 39\r\n  orig: 80, 64\r\n  offset: 4, 4\r\n  index: -1\r\npao/炮6/sg_00002\r\n  rotate: false\r\n  xy: 136, 2\r\n  size: 65, 51\r\n  orig: 80, 64\r\n  offset: 4, 4\r\n  index: -1\r\npao/炮6/sg_00003\r\n  rotate: true\r\n  xy: 199, 83\r\n  size: 72, 57\r\n  orig: 80, 64\r\n  offset: 4, 5\r\n  index: -1\r\npao/炮6/sg_00004\r\n  rotate: false\r\n  xy: 202, 1\r\n  size: 67, 58\r\n  orig: 80, 64\r\n  offset: 9, 5\r\n  index: -1\r\npao/炮6/sg_00005\r\n  rotate: false\r\n  xy: 257, 100\r\n  size: 54, 55\r\n  orig: 80, 64\r\n  offset: 22, 8\r\n  index: -1\r\npao/炮6/sg_00006\r\n  rotate: false\r\n  xy: 257, 65\r\n  size: 30, 34\r\n  orig: 80, 64\r\n  offset: 46, 29\r\n  index: -1\r\npao/炮6/shandain_00000\r\n  rotate: false\r\n  xy: 1, 152\r\n  size: 170, 181\r\n  orig: 170, 193\r\n  offset: 0, 0\r\n  index: -1\r\npao/炮6/shandain_00001\r\n  rotate: false\r\n  xy: 172, 338\r\n  size: 170, 181\r\n  orig: 170, 193\r\n  offset: 0, 0\r\n  index: -1\r\npao/炮6/shandain_00002\r\n  rotate: false\r\n  xy: 1, 334\r\n  size: 170, 185\r\n  orig: 170, 193\r\n  offset: 0, 0\r\n  index: -1\r\npao/炮6/shandain_00003\r\n  rotate: false\r\n  xy: 172, 156\r\n  size: 170, 181\r\n  orig: 170, 193\r\n  offset: 0, 0\r\n  index: -1\r\npao/炮6/shandain_00004\r\n  rotate: false\r\n  xy: 343, 338\r\n  size: 170, 181\r\n  orig: 170, 193\r\n  offset: 0, 0\r\n  index: -1\r\npao/炮6/shandain_00005\r\n  rotate: false\r\n  xy: 343, 156\r\n  size: 170, 181\r\n  orig: 170, 193\r\n  offset: 0, 0\r\n  index: -1\r\npao/炮6/shandain_00006\r\n  rotate: true\r\n  xy: 514, 349\r\n  size: 170, 181\r\n  orig: 170, 193\r\n  offset: 0, 0\r\n  index: -1\r\npao/炮6/shandain_00007\r\n  rotate: true\r\n  xy: 696, 349\r\n  size: 170, 181\r\n  orig: 170, 193\r\n  offset: 0, 0\r\n  index: -1\r\npao/炮6/shandain_00008\r\n  rotate: false\r\n  xy: 514, 167\r\n  size: 170, 181\r\n  orig: 170, 193\r\n  offset: 0, 0\r\n  index: -1\r\npao/炮6/shandain_00009\r\n  rotate: true\r\n  xy: 685, 178\r\n  size: 170, 181\r\n  orig: 170, 193\r\n  offset: 0, 0\r\n  index: -1\r\npao/炮6/shandain_00010\r\n  rotate: true\r\n  xy: 685, 7\r\n  size: 170, 181\r\n  orig: 170, 193\r\n  offset: 0, 0\r\n  index: -1\r\n",["pao_FrostFighter.png"],{"skeleton":{"hash":"08Rx8WufUK91v6rPkvSyti2pq9c","spine":"3.6.53","width":135.68,"height":154.24},"bones":[{"name":"root","scaleX":0.8,"scaleY":0.8},{"name":"bone","parent":"root","length":61.86,"rotation":90,"x":-0.59,"y":-84.8},{"name":"bone2","parent":"bone","length":69.68,"x":86.08},{"name":"pao","parent":"root","y":95.37,"scaleX":0.7,"scaleY":0.7},{"name":"sg","parent":"root","y":-5.3,"scaleX":0.73,"scaleY":0.8},{"name":"shandain","parent":"bone","x":21.96,"scaleX":0.8,"scaleY":0.8}],"slots":[{"name":"pao","bone":"pao"},{"name":"pao/FrostFighter","bone":"root","attachment":"pao/FrostFighter"},{"name":"pao/炮6/shandain_00000","bone":"shandain","attachment":"pao/炮6/shandain_00004","blend":"additive"},{"name":"sg","bone":"sg","attachment":"pao/炮6/sg_00003","blend":"additive"}],"skins":{"default":{"pao":{"pao/炮6/4":{"width":77,"height":121}},"pao/FrostFighter":{"pao/FrostFighter":{"type":"mesh","hull":12,"uvs":[0,0,0.33333,0,0.66667,0,1,0,1,0.33333,1,0.66667,1,1,0.66667,1,0.33333,1,0,1,0,0.66667,0,0.33333,0.33333,0.33333,0.33333,0.66667,0.66667,0.33333,0.66667,0.66667],"triangles":[11,0,1,12,1,2,11,1,12,14,2,3,12,2,14,14,3,4,10,11,12,13,12,14,15,14,4,10,12,13,13,14,15,15,4,5,9,10,13,8,13,15,9,13,8,7,15,5,8,15,7,7,5,6],"vertices":[1,2,87.72,82.91,1,1,2,87.72,27.24,1,1,2,87.72,-28.43,1,1,2,87.72,-84.09,1,2,1,114.46,-84.09,0.14569,2,28.38,-84.09,0.85431,2,1,55.13,-84.09,0.69878,2,-30.95,-84.09,0.30122,2,1,-4.2,-84.09,0.97767,2,-90.28,-84.09,0.02233,1,1,-4.2,-28.43,1,1,1,-4.2,27.24,1,2,1,-4.2,82.91,0.97578,2,-90.28,82.91,0.02422,2,1,55.13,82.91,0.69084,2,-30.95,82.91,0.30916,2,1,114.46,82.91,0.13922,2,28.38,82.91,0.86078,2,1,114.46,27.24,0.05188,2,28.38,27.24,0.94812,2,1,55.13,27.24,0.85171,2,-30.95,27.24,0.14829,2,1,114.46,-28.43,0.06336,2,28.38,-28.43,0.93664,2,1,55.13,-28.43,0.86681,2,-30.95,-28.43,0.13319]}},"pao/炮6/shandain_00000":{"pao/炮6/shandain_00000":{"x":84.8,"y":-0.59,"rotation":-90,"width":212,"height":241},"pao/炮6/shandain_00001":{"x":84.8,"y":-0.59,"rotation":-90,"width":212,"height":241},"pao/炮6/shandain_00002":{"x":84.8,"y":-0.59,"rotation":-90,"width":212,"height":241},"pao/炮6/shandain_00003":{"x":84.8,"y":-0.59,"rotation":-90,"width":212,"height":241},"pao/炮6/shandain_00004":{"x":84.8,"y":-0.59,"rotation":-90,"width":212,"height":241},"pao/炮6/shandain_00005":{"x":84.8,"y":-0.59,"rotation":-90,"width":212,"height":241},"pao/炮6/shandain_00006":{"x":84.8,"y":-0.59,"rotation":-90,"width":212,"height":241},"pao/炮6/shandain_00007":{"x":84.8,"y":-0.59,"rotation":-90,"width":212,"height":241},"pao/炮6/shandain_00008":{"x":84.8,"y":-0.59,"rotation":-90,"width":212,"height":241},"pao/炮6/shandain_00009":{"x":84.8,"y":-0.59,"rotation":-90,"width":212,"height":241},"pao/炮6/shandain_00010":{"x":84.8,"y":-0.59,"rotation":-90,"width":212,"height":241}},"sg":{"pao/炮6/sg_00000":{"width":100,"height":80},"pao/炮6/sg_00001":{"width":100,"height":80},"pao/炮6/sg_00002":{"width":100,"height":80},"pao/炮6/sg_00003":{"width":100,"height":80},"pao/炮6/sg_00004":{"width":100,"height":80},"pao/炮6/sg_00005":{"width":100,"height":80},"pao/炮6/sg_00006":{"width":100,"height":80}}}},"animations":{"animation1":{"slots":{"pao":{"attachment":[{"time":0,"name":null},{"time":0.1667,"name":"pao/炮6/4"},{"time":0.2667,"name":null}]},"pao/炮6/shandain_00000":{"attachment":[{"time":0,"name":null}]},"sg":{"attachment":[{"time":0,"name":null}]}},"bones":{"bone2":{"scale":[{"time":0,"x":1,"y":1},{"time":0.1,"x":0.85,"y":1},{"time":0.2,"x":1,"y":1}]},"bone":{"translate":[{"time":0,"x":0,"y":0},{"time":0.1,"x":0,"y":-9.24},{"time":0.2,"x":0,"y":0}]}}},"animation2":{"slots":{"pao":{"attachment":[{"time":0,"name":null}]},"pao/炮6/shandain_00000":{"attachment":[{"time":0,"name":"pao/炮6/shandain_00000"},{"time":0.0667,"name":"pao/炮6/shandain_00001"},{"time":0.1333,"name":"pao/炮6/shandain_00002"},{"time":0.2,"name":"pao/炮6/shandain_00003"},{"time":0.2667,"name":"pao/炮6/shandain_00004"},{"time":0.3333,"name":"pao/炮6/shandain_00005"},{"time":0.4,"name":"pao/炮6/shandain_00006"},{"time":0.4667,"name":"pao/炮6/shandain_00007"},{"time":0.5333,"name":"pao/炮6/shandain_00008"},{"time":0.6,"name":"pao/炮6/shandain_00009"},{"time":0.6667,"name":"pao/炮6/shandain_00010"}]},"sg":{"attachment":[{"time":0,"name":null},{"time":0.0333,"name":"pao/炮6/sg_00000"},{"time":0.0667,"name":"pao/炮6/sg_00001"},{"time":0.1,"name":"pao/炮6/sg_00002"},{"time":0.1333,"name":"pao/炮6/sg_00003"},{"time":0.1667,"name":"pao/炮6/sg_00004"},{"time":0.2,"name":"pao/炮6/sg_00005"},{"time":0.2333,"name":"pao/炮6/sg_00006"},{"time":0.2667,"name":null}]}}}}},[0]]],0,0,[0],[-1],[0]]