[1,["fbXBtpnetCTKOZfM8VkICu"],0,[["sp.SkeletonData",["_name","_atlasText","textureNames","_skeletonJson","textures"],-1,3]],[[0,0,1,2,3,4,5]],[[0,"bomb","\nbomb.png\nsize: 1024,512\nformat: RGBA8888\nfilter: Linear,Linear\nrepeat: none\nLayer-1\n  rotate: false\n  xy: 2, 248\n  size: 248, 244\n  orig: 248, 244\n  offset: 0, 0\n  index: -1\nLayer-2\n  rotate: false\n  xy: 2, 2\n  size: 248, 244\n  orig: 248, 244\n  offset: 0, 0\n  index: -1\nLayer-3\n  rotate: false\n  xy: 252, 248\n  size: 248, 244\n  orig: 248, 244\n  offset: 0, 0\n  index: -1\nLayer-4\n  rotate: false\n  xy: 252, 2\n  size: 248, 244\n  orig: 248, 244\n  offset: 0, 0\n  index: -1\nLayer-5\n  rotate: false\n  xy: 502, 248\n  size: 248, 244\n  orig: 248, 244\n  offset: 0, 0\n  index: -1\nLayer-6\n  rotate: false\n  xy: 502, 2\n  size: 248, 244\n  orig: 248, 244\n  offset: 0, 0\n  index: -1\nLayer7\n  rotate: false\n  xy: 752, 391\n  size: 208, 101\n  orig: 208, 101\n  offset: 0, 0\n  index: -1\n",["bomb.png"],{"skeleton":{"hash":"1Nb8i2YrLwDU0QyHoH8/Xzvzow8","spine":"3.6.46","width":248,"height":244,"images":""},"bones":[{"name":"root"},{"name":"bone","parent":"root"},{"name":"bone2","parent":"root","y":-65.5}],"slots":[{"name":"Layer-1","bone":"bone"},{"name":"Layer7","bone":"bone2","attachment":"Layer7"},{"name":"Layer-2","bone":"bone","attachment":"Layer-2"},{"name":"Layer-3","bone":"bone","attachment":"Layer-3"},{"name":"Layer-4","bone":"bone","attachment":"Layer-4"},{"name":"Layer-5","bone":"bone","attachment":"Layer-5"},{"name":"Layer-6","bone":"bone","attachment":"Layer-6"}],"skins":{"default":{"Layer-1":{"Layer-1":{"width":248,"height":244}},"Layer-2":{"Layer-2":{"width":248,"height":244}},"Layer-3":{"Layer-3":{"width":248,"height":244}},"Layer-4":{"Layer-4":{"width":248,"height":244}},"Layer-5":{"Layer-5":{"width":248,"height":244}},"Layer-6":{"Layer-6":{"width":248,"height":244}},"Layer7":{"Layer7":{"y":17,"width":208,"height":101}}}},"animations":{"animation":{"slots":{"Layer7":{"color":[{"time":0,"color":"ffffff00"},{"time":0.1667,"color":"ffffffff"},{"time":0.3333,"color":"ffffff04"}]},"Layer-1":{"color":[{"time":0,"color":"ffffffff","curve":"stepped"},{"time":0.0333,"color":"ffffffff"},{"time":0.1667,"color":"ffffff00"}],"attachment":[{"time":0,"name":"Layer-1"}]},"Layer-2":{"color":[{"time":0,"color":"ffffff00","curve":"stepped"},{"time":0.0333,"color":"ffffff00"},{"time":0.1,"color":"ffffffff"},{"time":0.2333,"color":"ffffff00"}]},"Layer-3":{"color":[{"time":0,"color":"ffffff00","curve":"stepped"},{"time":0.1667,"color":"ffffff00"},{"time":0.2333,"color":"ffffffff"},{"time":0.3667,"color":"ffffff00"}]},"Layer-4":{"color":[{"time":0,"color":"ffffff00","curve":"stepped"},{"time":0.2333,"color":"ffffff00"},{"time":0.3,"color":"ffffffff"},{"time":0.4667,"color":"ffffff00"}]},"Layer-5":{"color":[{"time":0,"color":"ffffff00","curve":"stepped"},{"time":0.3,"color":"ffffff00"},{"time":0.3667,"color":"ffffffff"},{"time":0.5333,"color":"ffffff00"}]},"Layer-6":{"color":[{"time":0,"color":"ffffff00","curve":"stepped"},{"time":0.3667,"color":"ffffff00"},{"time":0.4333,"color":"ffffffff"},{"time":0.6,"color":"ffffff00"}]}},"bones":{"bone2":{"translate":[{"time":0,"x":0,"y":-49}],"scale":[{"time":0,"x":0,"y":0},{"time":0.1667,"x":1,"y":1}]}}}}},[0]]],0,0,[0],[-1],[0]]