[1,["f1L1PfLl1LJpycnDKJb2/H","6fsatc21BCBYmwGDZFJdQa","c6BVwHDflD6ptU72jUCZch","c6up764lZJcbl5n4w7+Y02","3dmbKZRAJFNb4Wgzn0dID0","6dwy+iOWBDvJs1wGmyXKLP","40zKGqD/RMypgTf9stSox6","34zVssidhFh7Qt2Rwej/28","49xget1uVBYbjTvRrO1eps","41tSbxTEpPmLMh/CXjjtsH","dcOBZgNxFLmpkf+hQfNwc2","4d9dIbsvhGxIVdvNJyV3O9","9fJgrBf9xGvIP4IWIgdiG/","e15h3lNBFEgao2n7wrqtRz","c3083Y4jhNAI4SaXuWmpuH","c71UiCYGdMY40pVFEt20UE","e5HlWk+TFMqJLeW7ddXwSU","adaRZyVeJLELS1O9V5sEGQ","44SBQPnMJBnZeT8UudgsAp","adFMxkQqlKL5K5R8lBBx+Y","84Zr2U2+5HuIe9bORutbF0","ceQrD9InRCboPCFir1yMZW","d4uoxkvKNCeIDPQ6OyA6Bh","91iG9ZxbJFJojbzc5UBbyJ","b5SSdxTwhCmZIMJsMkGS6R","511t77h5dGfbEmfrANmA0I","0eshVUdTlD6bnNOVlEfU5V","0834pM3NJKKKKKB67sJ75F","5bn5V2oABJC5m1TC07ccEz","e9+dsV5FJPlbmLIDn7Rv2A","55yEBQIjBIdprWf9sT5D7x","5aqJ8/TGlJLZJtfEYUgQ9m","0dZ5O0EntId40+rYH6Xnm2","91EHZ9wtJGe5XkFRyifgUO","79nsJvbEtHeqdDe/4uIkp7","f9wUUD/W5DDoNk1jCNWPFp","1eL5C89phF6K+IfbKYEpia","83rA6mepxC8oZ2bNs4Sc6K","88pWL/y/hPhLXrlmp/Sv/Q","64hm/ml49EzrFf121cC3kU","79HAOHpB9BebQ67IQ6Y3qI","e17CIhjZRAzYZiSI8zl0TD","1agnTWuclLDIg93srIJoC4","4dLTU27GlEvpGwQMT1D93I","73yqI8v+NAqIBuT16Adsvc","4feWTvvPVNopXPoFxF3xXn","33HpgtIpJDCa2pd8k0Tboh","d0aRSi4nVDApmTGiqsZKNM","95HfPUMPJEu57gQ40G0sTI","97rD1gcq1NvZHlEUfh7To6"],["_textureSetter","4_bw","3_bw","8_bw","7_bw","0_bw","5_bw","6_bw","1_bw","2_bw","9_bw","2_blue","1_blue","8_blue","7_blue","0_blue","decimal_blue","9_blue","decimal_bw","comma_bw","decimal_yellow","comma_yellow","x_yellow","5_blue","3_blue","4_blue","6_blue","payout_window","3_yellow","8_yellow","2_yellow","0_yellow","1_yellow","7_yellow","6_yellow","9_yellow","4_yellow","5_yellow","button","4_mult","8_mult","0_mult","5_mult","1_mult","6_mult","x_mult","9_mult","2_mult","7_mult","3_mult"],["cc.SpriteFrame",["cc.SpriteAtlas",["_name","_spriteFrames"],2,11]],[[1,0,1,2]],[[[{"name":"payout_window","rect":[1,123,307,146],"offset":[0,0],"originalSize":[307,146],"capInsets":[0,0,0,0]}],[0],0,[0],[0],[0]],[[{"name":"1_yellow","rect":[714,432,23,45],"offset":[0,0],"originalSize":[23,45],"capInsets":[0,0,0,0]}],[0],0,[0],[0],[0]],[[{"name":"6_blue","rect":[631,398,32,46],"offset":[0,0],"originalSize":[32,46],"rotated":1,"capInsets":[0,0,0,0]}],[0],0,[0],[0],[0]],[[{"name":"5_mult","rect":[720,1,77,110],"offset":[0,0],"originalSize":[77,110],"capInsets":[0,0,0,0]}],[0],0,[0],[0],[0]],[[{"name":"4_yellow","rect":[754,363,34,46],"offset":[0,0],"originalSize":[34,46],"capInsets":[0,0,0,0]}],[0],0,[0],[0],[0]],[[{"name":"9_mult","rect":[185,368,80,110],"offset":[0,0],"originalSize":[80,110],"capInsets":[0,0,0,0]}],[0],0,[0],[0],[0]],[[{"name":"6_bw","rect":[240,271,95,134],"offset":[0,0],"originalSize":[95,134],"rotated":1,"capInsets":[0,0,0,0]}],[0],0,[0],[0],[0]],[[{"name":"7_bw","rect":[103,271,95,135],"offset":[0,0],"originalSize":[95,135],"rotated":1,"capInsets":[0,0,0,0]}],[0],0,[0],[0],[0]],[[{"name":"5_bw","rect":[575,192,91,134],"offset":[0,0],"originalSize":[91,134],"rotated":1,"capInsets":[0,0,0,0]}],[0],0,[0],[0],[0]],[[{"name":"2_bw","rect":[584,100,90,134],"offset":[0,0],"originalSize":[90,134],"rotated":1,"capInsets":[0,0,0,0]}],[0],0,[0],[0],[0]],[[{"name":"decimal_bw","rect":[46,407,46,53],"offset":[0,0],"originalSize":[46,53],"capInsets":[0,0,0,0]}],[0],0,[0],[0],[0]],[[{"name":"1_bw","rect":[411,123,64,136],"offset":[0,0],"originalSize":[64,136],"capInsets":[0,0,0,0]}],[0],0,[0],[0],[0]],[[{"name":"1_mult","rect":[466,261,50,112],"offset":[0,0],"originalSize":[50,112],"capInsets":[0,0,0,0]}],[0],0,[0],[0],[0]],[[{"name":"2_blue","rect":[461,424,34,46],"offset":[0,0],"originalSize":[34,46],"rotated":1,"capInsets":[0,0,0,0]}],[0],0,[0],[0],[0]],[[{"name":"4_blue","rect":[570,366,34,46],"offset":[0,0],"originalSize":[34,46],"capInsets":[0,0,0,0]}],[0],0,[0],[0],[0]],[[{"name":"2_yellow","rect":[706,365,34,46],"offset":[0,0],"originalSize":[34,46],"rotated":1,"capInsets":[0,0,0,0]}],[0],0,[0],[0],[0]],[[{"name":"0_yellow","rect":[706,316,35,47],"offset":[0,0],"originalSize":[35,47],"capInsets":[0,0,0,0]}],[0],0,[0],[0],[0]],[[{"name":"3_yellow","rect":[534,366,34,46],"offset":[0,0],"originalSize":[34,46],"capInsets":[0,0,0,0]}],[0],0,[0],[0],[0]],[[{"name":"4_mult","rect":[711,203,84,111],"offset":[0,0],"originalSize":[84,111],"capInsets":[0,0,0,0]}],[0],0,[0],[0],[0]],[[{"name":"4_bw","rect":[1,271,100,134],"offset":[0,0],"originalSize":[100,134],"capInsets":[0,0,0,0]}],[0],0,[0],[0],[0]],[[{"name":"6_mult","rect":[348,374,81,111],"offset":[0,0],"originalSize":[81,111],"rotated":1,"capInsets":[0,0,0,0]}],[0],0,[0],[0],[0]],[[{"name":"8_mult","rect":[103,368,80,110],"offset":[0,0],"originalSize":[80,110],"capInsets":[0,0,0,0]}],[0],0,[0],[0],[0]],[[{"name":"6_yellow","rect":[581,432,32,46],"offset":[0,0],"originalSize":[32,46],"capInsets":[0,0,0,0]}],[0],0,[0],[0],[0]],[[{"name":"5_yellow","rect":[743,316,36,45],"offset":[0,0],"originalSize":[36,45],"capInsets":[0,0,0,0]}],[0],0,[0],[0],[0]],[[{"name":"decimal_yellow","rect":[781,316,15,13],"offset":[0,0],"originalSize":[15,13],"rotated":1,"capInsets":[0,0,0,0]}],[0],0,[0],[0],[0]],[[{"name":"7_yellow","rect":[683,432,29,45],"offset":[0,0],"originalSize":[29,45],"capInsets":[0,0,0,0]}],[0],0,[0],[0],[0]],[[{"name":"5_blue","rect":[518,247,36,45],"offset":[0,0],"originalSize":[36,45],"rotated":1,"capInsets":[0,0,0,0]}],[0],0,[0],[0],[0]],[[{"name":"7_mult","rect":[518,285,79,111],"offset":[0,0],"originalSize":[79,111],"rotated":1,"capInsets":[0,0,0,0]}],[0],0,[0],[0],[0]],[[{"name":"3_mult","rect":[267,368,79,110],"offset":[0,0],"originalSize":[79,110],"capInsets":[0,0,0,0]}],[0],0,[0],[0],[0]],[[{"name":"1_blue","rect":[606,366,23,45],"offset":[0,0],"originalSize":[23,45],"capInsets":[0,0,0,0]}],[0],0,[0],[0],[0]],[[{"name":"comma_bw","rect":[1,407,43,69],"offset":[0,0],"originalSize":[43,69],"capInsets":[0,0,0,0]}],[0],0,[0],[0],[0]],[[{"name":"9_blue","rect":[615,432,32,46],"offset":[0,0],"originalSize":[32,46],"capInsets":[0,0,0,0]}],[0],0,[0],[0],[0]],[[{"name":"3_blue","rect":[498,375,34,46],"offset":[0,0],"originalSize":[34,46],"capInsets":[0,0,0,0]}],[0],0,[0],[0],[0]],[[{"name":"7_blue","rect":[679,401,29,45],"offset":[0,0],"originalSize":[29,45],"rotated":1,"capInsets":[0,0,0,0]}],[0],0,[0],[0],[0]],[[{"name":"3_bw","rect":[477,112,96,133],"offset":[0,0],"originalSize":[96,133],"capInsets":[0,0,0,0]}],[0],0,[0],[0],[0]],[[{"name":"8_bw","rect":[584,1,97,134],"offset":[0,0],"originalSize":[97,134],"rotated":1,"capInsets":[0,0,0,0]}],[0],0,[0],[0],[0]],[[{"name":"0_blue","rect":[461,375,35,47],"offset":[0,0],"originalSize":[35,47],"capInsets":[0,0,0,0]}],[0],0,[0],[0],[0]],[[{"name":"comma_yellow","rect":[63,462,15,16],"offset":[0,0],"originalSize":[15,16],"capInsets":[0,0,0,0]}],[0],0,[0],[0],[0]],[[{"name":"x_yellow","rect":[739,411,34,35],"offset":[0,0],"originalSize":[34,35],"capInsets":[0,0,0,0]}],[0],0,[0],[0],[0]],[[{"name":"9_bw","rect":[310,123,99,134],"offset":[0,0],"originalSize":[99,134],"capInsets":[0,0,0,0]}],[0],0,[0],[0],[0]],[[[0,"Alats9.plist",[{},"4_bw",6,0,"3_bw",6,1,"8_bw",6,2,"7_bw",6,3,"0_bw",6,4,"5_bw",6,5,"6_bw",6,6,"1_bw",6,7,"2_bw",6,8,"9_bw",6,9,"2_blue",6,10,"1_blue",6,11,"8_blue",6,12,"7_blue",6,13,"0_blue",6,14,"decimal_blue",6,15,"9_blue",6,16,"decimal_bw",6,17,"comma_bw",6,18,"decimal_yellow",6,19,"comma_yellow",6,20,"x_yellow",6,21,"5_blue",6,22,"3_blue",6,23,"4_blue",6,24,"6_blue",6,25,"payout_window",6,26,"3_yellow",6,27,"8_yellow",6,28,"2_yellow",6,29,"0_yellow",6,30,"1_yellow",6,31,"7_yellow",6,32,"6_yellow",6,33,"9_yellow",6,34,"4_yellow",6,35,"5_yellow",6,36,"button",6,37,"4_mult",6,38,"8_mult",6,39,"0_mult",6,40,"5_mult",6,41,"1_mult",6,42,"6_mult",6,43,"x_mult",6,44,"9_mult",6,45,"2_mult",6,46,"7_mult",6,47,"3_mult",6,48]]],0,0,[0,0,0,0,0,0,0,0,0,0,0,0,0,0,0,0,0,0,0,0,0,0,0,0,0,0,0,0,0,0,0,0,0,0,0,0,0,0,0,0,0,0,0,0,0,0,0,0,0],[1,2,3,4,5,6,7,8,9,10,11,12,13,14,15,16,17,18,19,20,21,22,23,24,25,26,27,28,29,30,31,32,33,34,35,36,37,38,39,40,41,42,43,44,45,46,47,48,49],[1,2,3,4,5,6,7,8,9,10,11,12,13,14,15,16,17,18,19,20,21,22,23,24,25,26,27,28,29,30,31,32,33,34,35,36,37,38,39,40,41,42,43,44,45,46,47,48,49]],[[{"name":"8_blue","rect":[509,432,34,46],"offset":[0,0],"originalSize":[34,46],"capInsets":[0,0,0,0]}],[0],0,[0],[0],[0]],[[{"name":"decimal_blue","rect":[348,457,15,13],"offset":[0,0],"originalSize":[15,13],"capInsets":[0,0,0,0]}],[0],0,[0],[0],[0]],[[{"name":"8_yellow","rect":[545,432,34,46],"offset":[0,0],"originalSize":[34,46],"capInsets":[0,0,0,0]}],[0],0,[0],[0],[0]],[[{"name":"9_yellow","rect":[649,432,32,46],"offset":[0,0],"originalSize":[32,46],"capInsets":[0,0,0,0]}],[0],0,[0],[0],[0]]]]