{"paths":{"0":["Sprites/Base_Reel_SpeedUp_SS/8",2],"1":["Sound/SE_Spinstop",4],"2":["Sprites/game2/Free_Item_06_2/10",2],"3":["Sprites/common/winboard/BigWin_SS/9",2],"4":["Sprites/Base_Reel_SpeedUp_SS_1/10",2],"5":["Sprites/Base_Reel_SpeedUp_SS_1/17",2],"6":["Sprites/common/winboard/BigWin_SS/30",2],"7":["Sprites/common/JP_SS/4",2],"8":["Spine/Aquarius_ske/Aquarius_tex",2],"9":["Sprites/Payline/line_1",2],"10":["Font/JP_FNT/9",2],"11":["Sprites/controlpanel_common_0/UI_Menu_BTN_01_1_png",2],"12":["Sprites/game2/Free_Xer/6X",2],"13":["Sprites/controlpanel_common_0/UI_BTN_01_2_png",2],"14":["Sprites/game2/Free_Item_06_2/12",2],"15":["Sprites/Payline/line_3",2],"16":["Font/Free_MSG_FNT/3",2],"17":["Sprites/game_vn_0/TS_MSG03_vn_png",2],"18":["Sprites/Base_Reel_SpeedUp_SS_1/9",2],"19":["Sprites/game_vn_0/TS_MSG04_vn_png",2],"20":["Sprites/common/winboard/BigWin_SS/5",2],"21":["Sprites/controlpanel_common_0/UI_Menu_BTN_01_2_png",2],"22":["Sprites/Payline/payline",2],"23":["Sprites/game_vn_0/BigWin_MSG03_FX_vn_png",2],"24":["Sound/SE_Base_BG",4],"25":["Sprites/game2_0/Free_Reel_png",2],"26":["Sprites/controlpanel_common_0/Menu_OtherGames_png",2],"27":["Sprites/common/JP_SS/1",2],"28":["Sprites/game2/Free_Item_06_3/1",2],"29":["Font/Free_MSG_FNT/5",2],"30":["Sprites/controlpanel_vn_0/UI_BTN_02_1_vn_png",2],"31":["Sprites/game_vn_0/TS_MSG02_vn",2],"32":["Sprites/common/winboard/BigWin_SS/25",2],"33":["Sound/SE_BonusAlarm",4],"34":["Sprites/common/JP_SS/15",2],"35":["Sound/SE_Free_Item_03",4],"36":["Sprites/Payline/line_2",2],"37":["Sprites/common/JP_SS/6",2],"38":["Font/BigWin_FNT/0",2],"39":["Font/JP_FNT/comma",2],"40":["Spine/Symbol_1_ske/Symbol_1_ske_tex",2],"41":["Spine/EffectWin/mayanohu",2],"42":["Sprites/game2/Free_Item_06_2/7",2],"43":["Font/Free_MSG_FNT/7",2],"44":["Sprites/game2/Free_Item_06_2/0",2],"45":["Sprites/controlpanel_common_0/UI_BTN_05_1_png",2],"46":["Sprites/controlpanel_common_0/UI_Menu_BTN_MSG_1_5_png",2],"47":["Sound/SE_Scoring_01",4],"48":["Sound/SE_Aquarius_Collect",4],"49":["Sprites/controlpanel_common_0/Menu_OtherGames_FX_png",2],"50":["Sprites/controlpanel_common_0/Menu_User_png",2],"51":["Sprites/Payline/line_5",2],"52":["Sprites/controlpanel_common_0/UI_03_png",2],"53":["Sprites/controlpanel_vn_0/UI_Menu_MSG_02_vn_png",2],"54":["Sprites/controlpanel_common_0/UI_01_png",2],"55":["Sprites/controlpanel_common_0/Menu_Home_png",2],"56":["Sprites/Symbol/2",2],"57":["Sprites/common/winboard/BigWin_SS/17",2],"58":["Sprites/common/winboard/BigWin_SS/3",2],"59":["Font/BigWin_FNT/-",2],"60":["Font/JP_FNT/3",2],"61":["Font/UI_BTN_02_FNT/UI_BTN_02_FNT",2],"62":["Sprites/game1_0/Base_Reel_png",2],"63":["Sprites/game2/Free_Item_06_2/3",2],"64":["Sprites/controlpanel_common_0/UI_Menu_BTN_MSG_2_2_png",2],"65":["Sprites/Base_Reel_SpeedUp_SS/7",2],"66":["Sprites/Symbol/10",2],"67":["Spine/Volcano_ske/Volcano_tex_0",2],"68":["Sprites/controlpanel_vn_0/UI_Credit_vn_png",2],"69":["Sound/SE_Base_Hit_02",4],"70":["Sprites/common/winboard/BigWin_SS/24",2],"71":["Sprites/game2/Free_Item_06_2/13",2],"72":["Sprites/preload_group_0/LoadingBar_01_png",2],"73":["Spine/EffectWin/mayanohu",7],"74":["Sprites/common/JP_SS/2",2],"75":["Sprites/game2/Free_Item_06_2/16",2],"76":["Sprites/Payline/line_14",2],"77":["Sprites/controlpanel_common_0/UI_Menu_Item01_1_png",2],"78":["Sprites/BigWin_FX",2],"79":["Sprites/common/winboard/BigWin_SS/31",2],"80":["Sprites/Base_Reel_SpeedUp_SS_1/14",2],"81":["Sound/SE_FreeSpinEnd_02",4],"82":["Sprites/controlpanel_common_0/UI_Menu_BTN_MSG_1_2_png",2],"83":["Sprites/game2/Free_Item_06_3/2",2],"84":["Font/JP_FNT/1",2],"85":["Font/JP_FNT/dot",2],"86":["Sprites/game2/Free_Item_06_3/3",2],"87":["Sprites/game2_0/Free_MSG_Board_png",2],"88":["Sprites/common/winboard/BigWin_SS/15",2],"89":["Sprites/Payline/line_17",2],"90":["Sprites/controlpanel_common_0/UI_Menu_BTN_03_2_png",2],"91":["Font/JP_FNT/7",2],"92":["Sprites/Symbol/3",2],"93":["Sprites/game2_0/Free_Item_06_1_png",2],"94":["Sound/SE_FreeSpinEnd",4],"95":["Font/Free_MSG_FNT/2",2],"96":["Sprites/common/winboard/BigWin_SS/23",2],"97":["Font/JP_FNT/0",2],"98":["Sprites/game2/Free_Item_06_2/18",2],"99":["Sound/SE_Jackpot",4],"100":["Sprites/Symbol/symbolTest",2],"101":["Sprites/Base_Reel_SpeedUp_SS_1/13",2],"102":["Sprites/Base_Reel_SpeedUp_SS_1/5",2],"103":["Sprites/common/JP_SS/14",2],"104":["Sprites/Base_Reel_SpeedUp_SS/1",2],"105":["Font/TS_FNT02/TS_FNT02",2],"106":["Sound/SE_UltraWin",4],"107":["Spine/Symbol_0_ske/Symbol_0_ske_tex",2],"108":["Sprites/Symbol/4",2],"109":["Sprites/Payline/line_8",2],"110":["Sprites/game2_0/Free_Item02_png",2],"111":["Sprites/Base_BG",2],"112":["Sprites/game_vn_0/BigWin_MSG02_FX_vn_png",2],"113":["Sound/SE_Aquarius_KingKong2_changeC1",4],"114":["Sprites/common/JP_SS/11",2],"115":["Sprites/controlpanel_common_0/UI_Menu_Board_01_png",2],"116":["Sprites/Payline/line_20",2],"117":["Sprites/common/winboard/BigWin_SS/2",2],"118":["Sound/SE_Base_Hit_01",4],"119":["Sound/SE_Aquarius_ReelSpeedUp",4],"120":["Sprites/game2_0/Free_Item01_png",2],"121":["Sprites/common/winboard/BigWin_SS/21",2],"122":["Font/BigWin_FNT/7",2],"123":["Sprites/common/winboard/BigWin_SS/6",2],"124":["Sprites/Base_Reel_SpeedUp_SS/9",2],"125":["Sprites/preload_group_0/Dark_Mask_png",2],"126":["Sprites/game_vn_0/BigWin_MSG01_vn_png",2],"127":["Sprites/controlpanel_common_0/btn_detail",2],"128":["Sprites/game1_0/JP_FX02_png",2],"129":["Sprites/controlpanel_vn_0/UI_Win_vn_png",2],"130":["Sound/SE_Free_Item_02",4],"131":["Sprites/controlpanel_common_0/UI_BTN_05_2_png",2],"132":["Sprites/Symbol/0",2],"133":["Sprites/common/winboard/BigWin_SS/13",2],"134":["Sprites/Payline/line_12",2],"135":["Sprites/Base_Reel_SpeedUp_SS_1/18",2],"136":["Sound/SE_Aquarius_KingKong1_reel",4],"137":["Sprites/common/winboard/BigWin_SS/22",2],"138":["Sprites/Payline/line_10",2],"139":["Sprites/controlpanel_common_0/UI_BTN_03_02_png",2],"140":["Sprites/common/winboard/BigWin_SS/14",2],"141":["Sound/SE_Aquarius_In",4],"142":["Font/Free_MSG_FNT/8",2],"143":["Sprites/controlpanel_vn_0/UI_Menu_MSG_03_vn_png",2],"144":["Sprites/Payline/line_19",2],"145":["Sprites/game_vn_0/Free_MSG_vn_png",2],"146":["Sprites/controlpanel_common_0/Menu_Report_png",2],"147":["Sprites/game2/Free_Item_06_3/5",2],"148":["Font/JP_FNT/6",2],"149":["Sprites/Base_Reel_SpeedUp_SS/4",2],"150":["Sprites/common/winboard/BigWin_SS/16",2],"151":["Sprites/controlpanel_vn_0/UI_BTN_01_4_vn_png",2],"152":["Sprites/controlpanel_common_0/UI_Menu_BTN_03_1_png",2],"153":["Sound/SE_Aquarius_LevelUp",4],"154":["Sprites/controlpanel_common_0/UI_BTN_01_1_png",2],"155":["Sprites/game2/Free_Item_06_2/9",2],"156":["Sprites/controlpanel_common_0/UI_Menu_BTN_02_2_png",2],"157":["Sprites/game2/Free_Xer/18X",2],"158":["Sound/SE_MegaWin",4],"159":["Font/BigWin_FNT/comma",2],"160":["Sprites/common/winboard/BigWin_SS/20",2],"161":["Sprites/game_vn_0/UI_Road_vn_png",2],"162":["Font/JP_FNT/2",2],"163":["Font/TS_FNT03/TS_FNT03",2],"164":["Spine/Symbol_3_ske/Symbol_3_tex",2],"165":["Sprites/Symbol/symbol",2],"166":["Sprites/common/winboard/BigWin_SS/7",2],"167":["Sprites/controlpanel_common_0/UI_BTN_03_01_png",2],"168":["Sprites/game1_0/JP_FX01_png",2],"169":["Sprites/controlpanel_vn_0/UI_Menu_BTN_MSG_3_vn_png",2],"170":["Sprites/game2/Free_Item_06_2/11",2],"171":["Sprites/controlpanel_common_0/UI_BTN_01_3_png",2],"172":["Sprites/Base_Reel_SpeedUp_SS_1/1",2],"173":["Sprites/common/winboard/BigWin_SS/12",2],"174":["Sprites/controlpanel_common_0/Menu_Help_png",2],"175":["Spine/Symbol_1_FX_ske/Symbol_1_FX_tex",2],"176":["Font/BigWin_FNT/4",2],"177":["Sprites/common/JP_SS/10",2],"178":["Sprites/common/JP_SS/5",2],"179":["Sprites/controlpanel_vn_0/UI_Menu_BTN_MSG_4_vn_png",2],"180":["Font/Free_MSG_FNT/9",2],"181":["Sound/SE_ButtonPress",4],"182":["Sprites/Base_Reel_SpeedUp_SS_1/4",2],"183":["Sprites/controlpanel_common_0/UI_Menu_Item01_2_png",2],"184":["Sprites/button",2],"185":["Sprites/Base_Reel_SpeedUp_SS/10",2],"186":["Sprites/controlpanel_common_0/UI_BTN_03_01_FX_png",2],"187":["Sprites/game2/Free_Item_06_2/1",2],"188":["Sprites/preload_group_0/preload_group_0",2],"189":["Font/BigWin_FNT/+",2],"190":["Sprites/game2/Free_Xer/3X",2],"191":["Sprites/game2/Free_Item_06_2/5",2],"192":["Sound/SE_Aquarius_KingKong1_hit",4],"193":["Sprites/Symbol/7",2],"194":["Sprites/Symbol/icon_5",2],"195":["Sprites/Base_Reel_SpeedUp_SS_1/16",2],"196":["Sprites/Base_Reel_SpeedUp_SS_1/15",2],"197":["Sprites/controlpanel_common_0/UI_BTN_02_png",2],"198":["Spine/Symbol_2_ske/Symbol_2_tex",2],"199":["Sprites/common/winboard/BigWin_SS/27",2],"200":["Sprites/game2/Free_Item_06_2/6",2],"201":["Sprites/controlpanel_common_0/Menu_Home_FX_png",2],"202":["Font/Free_MSG_FNT/0",2],"203":["Sprites/controlpanel_common_0/btn_back",2],"204":["Sprites/Base_Reel_SpeedUp_SS/11",2],"205":["Sprites/controlpanel_common_0/UI_Menu_BTN_MSG_1_1_png",2],"206":["Sprites/controlpanel_common_0/UI_BTN_02_FX_png",2],"207":["Sprites/Symbol/8",2],"208":["Font/BigWin_FNT/3",2],"209":["Font/Free_MSG_FNT/1",2],"210":["Sound/SE_Free_Item_01",4],"211":["Font/JP_FNT/4",2],"212":["Sprites/game2/Free_Item_06_2/2",2],"213":["Sprites/Payline/line_6",2],"214":["Sprites/common/JP_SS/7",2],"215":["Sprites/bgGame",2],"216":["Sprites/common/winboard/BigWin_SS/28",2],"217":["Sprites/controlpanel_common_0/UI_BTN_03_03_png",2],"218":["Sprites/common/winboard/BigWin_SS/29",2],"219":["Sprites/Payline/line_18",2],"220":["Sprites/controlpanel_common_0/Menu_Help_FX_png",2],"221":["Sprites/controlpanel_common_0/UI_Menu_Item_png",2],"222":["Sprites/common/winboard/BigWin_SS/4",2],"223":["Sprites/Base_Reel_SpeedUp_SS/12",2],"224":["Sprites/controlpanel_common_0/Menu_voice_02_png",2],"225":["Sound/SE_Base_Hit_03",4],"226":["Sprites/common/winboard/BigWin_SS/8",2],"227":["Font/Free_MSG_FNT/Free_MSG_FNT",2],"228":["Sprites/common/winboard/BigWin_SS/11",2],"229":["Sprites/Base_Reel_SpeedUp_SS/6",2],"230":["Sprites/Payline/line_13",2],"231":["Sprites/Base_Reel_SpeedUp_SS/2",2],"232":["Font/BigWin_FNT/dot",2],"233":["Font/BigWin_FNT/2",2],"234":["Sprites/Symbol/11",2],"235":["Sprites/controlpanel_common_0/UI_Menu_BTN_01_3_png",2],"236":["Sprites/controlpanel_common_0/UI_Menu_Board_png",2],"237":["Sound/SE_Base_Hit_05",4],"238":["Sprites/controlpanel_common_0/Menu_Report_FX_png",2],"239":["Sprites/common/JP_SS/12",2],"240":["Sprites/Base_Reel_SpeedUp_SS_1/8",2],"241":["Sprites/game2/Free_Item_06_2/15",2],"242":["Sprites/game2/Free_Item_06_2/20",2],"243":["Sprites/common/JP_SS/13",2],"244":["Sprites/common/JP_SS/3",2],"245":["Sound/SE_Free_BG",4],"246":["Sprites/game2/Free_Xer/9X",2],"247":["Sprites/common/winboard/BigWin_SS/19",2],"248":["Sprites/Loading_vn",2],"249":["Sprites/Payline/line_9",2],"250":["Sound/SE_Base_Hit_04",4],"251":["Sprites/controlpanel_vn_0/UI_Menu_MSG_01_vn_png",2],"252":["Spine/EffectWin/mayathanglon",7],"253":["Sprites/controlpanel_common_0/UI_BTN_04_png",2],"254":["Font/BigWin_FNT/6",2],"255":["Sprites/game_vn_0/BigWin_MSG03_vn_png",2],"256":["Sprites/game_vn_0/BigWin_MSG02_vn_png",2],"257":["Sprites/02",2],"258":["Font/BigWin_FNT/5",2],"259":["Sprites/Symbol/5",2],"260":["Sprites/game2/Free_Item_06_2/17",2],"261":["Sprites/game2/Free_Item_06_2/4",2],"262":["Sprites/controlpanel_common_0/Menu_voice_01_png",2],"263":["Sprites/Payline/line_11",2],"264":["Sprites/Symbol/9",2],"265":["Sprites/Payline/line_15",2],"266":["Sprites/game_vn_0/JP_MSG_vn_png",2],"267":["Sound/SE_ReelSpeedUp",4],"268":["Sprites/Symbol/icon_4",2],"269":["Font/BigWin_FNT/8",2],"270":["Sprites/Base_Reel_SpeedUp_SS_1/7",2],"271":["Spine/Volcano_ske/Volcano_tex_1",2],"272":["Sprites/controlpanel_common_0/UI_Menu_BTN_02_1_png",2],"273":["Sprites/common/JP_SS/9",2],"274":["Font/JP_FNT/5",2],"275":["Sprites/controlpanel_vn_0/UI_Menu_MSG_04_vn_png",2],"276":["Sound/SE_Free_Item_04",4],"277":["Font/Free_MSG_FNT/6",2],"278":["Sprites/controlpanel_common_0/UI_Menu_BTN_MSG_1_4_png",2],"279":["Sprites/game2/Free_Item_06_3/4",2],"280":["Font/Free_MSG_FNT/4",2],"281":["Sprites/Payline/line_16",2],"282":["Sprites/Symbol/icon_6",2],"283":["Sprites/Symbol/1",2],"284":["Sprites/common/winboard/BigWin_SS/26",2],"285":["Sprites/Base_Reel_SpeedUp_SS_1/3",2],"286":["Sprites/common/JP_SS/8",2],"287":["Sprites/Base_Reel_SpeedUp_SS_1/6",2],"288":["Sprites/Payline/line_7",2],"289":["Sprites/Base_Reel_SpeedUp_SS_1/2",2],"290":["Sprites/Base_Reel_SpeedUp_SS_1/11",2],"291":["Sprites/TS_MSG02_vn",2],"292":["Sprites/controlpanel_common_0/UI_Menu_BTN_MSG_1_3_png",2],"293":["Sprites/Base_Reel_SpeedUp_SS/3",2],"294":["Sprites/game2/Free_Item_06_2/8",2],"295":["Sprites/Symbol/6",2],"296":["Sprites/game2/Free_Xer/72X",2],"297":["Sprites/common/winboard/BigWin_SS/1",2],"298":["Sprites/common/winboard/BigWin_SS/18",2],"299":["Sprites/game2/Free_Item_06_2/19",2],"300":["Sprites/Symbol/12",2],"301":["Sprites/game1_0/Base_Item_008_png",2],"302":["Sprites/common/winboard/BigWin_SS/10",2],"303":["Sprites/game2/Free_Item_06_2/14",2],"304":["Sprites/Payline/line_4",2],"305":["Sprites/controlpanel_common_0/UI_Menu_BTN_MSG_2_1_png",2],"306":["Spine/EffectWin/mayathanglon",2],"307":["Sprites/Base_Reel_SpeedUp_SS_1/12",2],"308":["Font/BigWin_FNT/1",2],"309":["Font/BigWin_FNT/9",2],"310":["Sprites/preload_group_0/LoadingBar_02_png",2],"311":["Sound/SE_Aquarius_KingKong2_throw",4],"312":["Sound/SE_TS",4],"313":["Sprites/controlpanel_common_0/Confirm_item_01_png",2],"314":["Sound/SE_ScoringEnd",4],"315":["Sprites/controlpanel_vn_0/UI_Menu_MSG_05_vn_png",2],"316":["Font/BigWin_FNT/$",2],"317":["Sound/SE_BigWin",4],"318":["Sprites/game_vn_0/UI_Max_vn_png",2],"319":["Font/JP_FNT/8",2],"320":["Spine/EventBall_ske/EventBall_ske_tex",2],"321":["Sprites/game_vn_0/TS_MSG01_vn_png",2],"322":["Sprites/Base_Reel_SpeedUp_SS/5",2],"323":["Sprites/game2/Free_Xer/36X",2],"324":["Sprites/controlpanel_common_0/UI_BTN_03_01_png",1,1],"325":["Sprites/02",1,1],"326":["Sprites/game2_0/Free_Item02_png",1,1],"327":["Sprites/game2/Free_Item_06_3/2",1,1],"328":["Font/Free_MSG_FNT/5",1,1],"329":["Sprites/controlpanel_vn_0/UI_BTN_01_4_vn_png",1,1],"330":["Spine/Volcano_ske/Volcano_tex_0",1,1],"331":["Sprites/Symbol/11",1,1],"332":["Spine/Symbol_1_ske/Symbol_1_ske_tex",1,1],"333":["Sprites/controlpanel_common_0/UI_Menu_Item01_1_png",1,1],"334":["Spine/Symbol_2_ske/Symbol_2_tex",1,1],"335":["Sprites/common/winboard/BigWin_SS/19",1,1],"337":["Sprites/game2/Free_Item_06_3/4",1,1],"338":["Sprites/Payline/line_2",1,1],"339":["Sprites/game_vn_0/BigWin_MSG03_vn_png",1,1],"340":["Sprites/game_vn_0/Free_MSG_vn_png",1,1],"341":["Sprites/controlpanel_common_0/UI_Menu_BTN_01_1_png",1,1],"342":["Spine/Symbol_2_ske/Symbol_2_tex",6],"343":["Sprites/Base_Reel_SpeedUp_SS/6",1,1],"344":["Spine/Symbol_3_ske/Symbol_3_tex",6],"345":["Sprites/Payline/line_8",1,1],"346":["Sprites/common/winboard/BigWin_SS/8",1,1],"347":["Sprites/Payline/line_6",1,1],"348":["Sprites/common/winboard/BigWin_SS/18",1,1],"349":["Sprites/common/winboard/BigWin_SS/3",1,1],"350":["Sprites/game2/Free_Item_06_2/13",1,1],"351":["Spine/Symbol_3_ske/Symbol_3_ske",5],"352":["Font/JP_FNT/0",1,1],"353":["Sprites/common/JP_SS/13",1,1],"354":["Sprites/common/winboard/BigWin_SS/28",1,1],"355":["Sprites/game2/Free_Item_06_3/3",1,1],"356":["Sprites/common/JP_SS/9",1,1],"357":["Sprites/common/winboard/BigWin_SS/6",1,1],"358":["Sprites/game2/Free_Item_06_2/20",1,1],"359":["Sprites/game_vn_0/TS_MSG03_vn_png",1,1],"360":["Sprites/Base_Reel_SpeedUp_SS_1/8",1,1],"361":["Sprites/common/winboard/BigWin_SS/30",1,1],"362":["Sprites/controlpanel_common_0/UI_BTN_04_png",1,1],"363":["Font/Free_MSG_FNT/7",1,1],"364":["Sprites/Payline/line_4",1,1],"365":["Sprites/game_vn_0/BigWin_MSG03_FX_vn_png",1,1],"366":["Sprites/game2_0/Free_Item01_png",1,1],"367":["Font/Free_MSG_FNT/4",1,1],"368":["Spine/Aquarius_ske/Aquarius_ske",5],"369":["Font/JP_FNT/5",1,1],"370":["Spine/Symbol_3_ske/Symbol_3_tex",1,1],"371":["Font/BigWin_FNT/9",1,1],"372":["Sprites/common/JP_SS/8",1,1],"373":["Sprites/controlpanel_common_0/Menu_Report_png",1,1],"374":["Sprites/common/winboard/BigWin_SS/12",1,1],"375":["Font/BigWin_FNT/1",1,1],"376":["Sprites/Base_Reel_SpeedUp_SS_1/7",1,1],"377":["Font/JP_FNT/4",1,1],"378":["Sprites/controlpanel_common_0/Menu_Home_FX_png",1,1],"379":["Font/Free_MSG_FNT/6",1,1],"380":["Sprites/common/winboard/BigWin_SS/25",1,1],"381":["Sprites/game2/Free_Item_06_2/16",1,1],"382":["Sprites/game2/Free_Xer/6X",1,1],"383":["Sprites/Base_Reel_SpeedUp_SS/5",1,1],"384":["Sprites/game2/Free_Item_06_2/5",1,1],"385":["Sprites/common/JP_SS/6",1,1],"386":["Sprites/game2/Free_Item_06_2/18",1,1],"387":["Sprites/common/winboard/BigWin_SS/16",1,1],"388":["Font/BigWin_FNT/+",1,1],"389":["Spine/Symbol_1_ske/Symbol_1_ske_ske",5],"390":["Sprites/controlpanel_common_0/Menu_Help_png",1,1],"391":["Sprites/controlpanel_common_0/UI_Menu_BTN_02_1_png",1,1],"392":["Sprites/common/winboard/BigWin_SS/29",1,1],"393":["Sprites/common/winboard/BigWin_SS/23",1,1],"394":["Sprites/game2/Free_Item_06_2/9",1,1],"395":["Font/BigWin_FNT/5",1,1],"396":["Sprites/common/winboard/BigWin_SS/7",1,1],"397":["Sprites/game2/Free_Item_06_2/11",1,1],"398":["Sprites/controlpanel_common_0/UI_01_png",1,1],"399":["Font/UI_BTN_02_FNT/UI_BTN_02_FNT",3],"401":["Sprites/game2/Free_Xer/9X",1,1],"402":["Sprites/Symbol/8",1,1],"403":["Sprites/Symbol/1",1,1],"404":["Sprites/Base_Reel_SpeedUp_SS/1",1,1],"405":["Sprites/Payline/line_3",1,1],"406":["Spine/Volcano_ske/Volcano_ske",5],"407":["Sprites/game2_0/Free_Item_06_1_png",1,1],"408":["Spine/EffectWin/mayathanglon",8],"409":["Sprites/common/winboard/BigWin_SS/11",1,1],"410":["Sprites/game2/Free_Item_06_2/8",1,1],"411":["Sprites/controlpanel_common_0/UI_BTN_05_1_png",1,1],"412":["Spine/EffectWin/mayathanglon",1,1],"413":["Sprites/Base_Reel_SpeedUp_SS_1/2",1,1],"414":["Sprites/game2/Free_Item_06_3/1",1,1],"415":["Sprites/game2/Free_Item_06_2/19",1,1],"416":["Sprites/controlpanel_common_0/Menu_User_png",1,1],"417":["Sprites/controlpanel_vn_0/UI_Win_vn_png",1,1],"418":["Sprites/controlpanel_common_0/Confirm_item_01_png",1,1],"419":["Sprites/game1_0/Base_Reel_png",1,1],"420":["Font/BigWin_FNT/-",1,1],"421":["Sprites/Symbol/icon_6",1,1],"422":["Spine/Symbol_1_ske/Symbol_1_ske_tex",6],"423":["Sprites/controlpanel_common_0/UI_03_png",1,1],"424":["Sprites/game2/Free_Item_06_2/6",1,1],"425":["Sprites/Payline/line_14",1,1],"426":["Sprites/controlpanel_common_0/UI_BTN_02_png",1,1],"427":["Sprites/game_vn_0/BigWin_MSG02_FX_vn_png",1,1],"428":["Sprites/controlpanel_common_0/UI_BTN_03_03_png",1,1],"429":["Spine/Symbol_1_FX_ske/Symbol_1_FX_ske",5],"430":["Sprites/Base_Reel_SpeedUp_SS/8",1,1],"431":["Sprites/Payline/line_5",1,1],"432":["Sprites/Symbol/4",1,1],"433":["Sprites/controlpanel_common_0/UI_Menu_BTN_03_2_png",1,1],"434":["Font/BigWin_FNT/3",1,1],"435":["Spine/Symbol_1_FX_ske/Symbol_1_FX_tex",6],"436":["Sprites/common/winboard/BigWin_SS/24",1,1],"437":["Spine/Volcano_ske/Volcano_tex_0",6],"438":["Sprites/controlpanel_common_0/UI_Menu_BTN_MSG_1_5_png",1,1],"439":["Font/TS_FNT02/TS_FNT02",3],"440":["Sprites/common/winboard/BigWin_SS/31",1,1],"441":["Sprites/Base_Reel_SpeedUp_SS/9",1,1],"442":["Sprites/common/JP_SS/15",1,1],"443":["Font/Free_MSG_FNT/9",1,1],"444":["Sprites/Symbol/3",1,1],"445":["Sprites/game2/Free_Item_06_2/1",1,1],"446":["Sprites/Symbol/5",1,1],"447":["Animation/NearFreeSpin",0],"448":["Spine/Symbol_1_FX_ske/Symbol_1_FX_tex",1,1],"449":["Sprites/button",1,1],"450":["Sprites/controlpanel_common_0/UI_Menu_BTN_MSG_1_1_png",1,1],"451":["Sprites/common/winboard/BigWin_SS/22",1,1],"452":["Sprites/controlpanel_vn_0/UI_BTN_02_1_vn_png",1,1],"453":["Font/Free_MSG_FNT/0",1,1],"454":["Sprites/common/winboard/BigWin_SS/15",1,1],"455":["Sprites/controlpanel_vn_0/UI_Menu_MSG_05_vn_png",1,1],"456":["Sprites/controlpanel_common_0/UI_BTN_01_2_png",1,1],"457":["Sprites/Base_Reel_SpeedUp_SS_1/13",1,1],"458":["Font/BigWin_FNT/0",1,1],"459":["Sprites/Symbol/12",1,1],"460":["Font/JP_FNT/2",1,1],"461":["Sprites/controlpanel_common_0/UI_Menu_BTN_MSG_2_1_png",1,1],"462":["Spine/Symbol_0_ske/Symbol_0_ske_tex",1,1],"463":["Font/JP_FNT/comma",1,1],"464":["Sprites/preload_group_0/Dark_Mask_png",1,1],"465":["Sprites/controlpanel_common_0/Menu_OtherGames_FX_png",1,1],"466":["Sprites/common/winboard/BigWin_SS/21",1,1],"467":["Font/BigWin_FNT/4",1,1],"468":["Spine/Volcano_ske/Volcano_tex_1",1,1],"469":["Sprites/controlpanel_common_0/UI_Menu_BTN_03_1_png",1,1],"470":["Sprites/game2/Free_Item_06_2/15",1,1],"471":["Sprites/game2/Free_Item_06_2/12",1,1],"472":["Sprites/Payline/payline",3],"473":["Font/BigWin_FNT/2",1,1],"474":["Sprites/Base_BG",1,1],"475":["Sprites/controlpanel_common_0/Menu_voice_02_png",1,1],"476":["Sprites/game2/Free_Xer/3X",1,1],"477":["Sprites/common/JP_SS/12",1,1],"478":["Sprites/Base_Reel_SpeedUp_SS_1/5",1,1],"479":["Sprites/Base_Reel_SpeedUp_SS/3",1,1],"480":["Sprites/Base_Reel_SpeedUp_SS_1/11",1,1],"481":["Sprites/controlpanel_common_0/UI_BTN_01_1_png",1,1],"482":["Sprites/game_vn_0/TS_MSG01_vn_png",1,1],"483":["Sprites/common/winboard/BigWin_SS/10",1,1],"484":["Sprites/controlpanel_common_0/UI_Menu_BTN_MSG_1_2_png",1,1],"485":["Sprites/Payline/line_15",1,1],"486":["Font/Free_MSG_FNT/Free_MSG_FNT",3],"487":["Sprites/common/JP_SS/5",1,1],"488":["Sprites/game_vn_0/BigWin_MSG02_vn_png",1,1],"489":["Sprites/common/JP_SS/14",1,1],"490":["Sprites/Base_Reel_SpeedUp_SS_1/10",1,1],"491":["Font/BigWin_FNT/dot",1,1],"492":["Sprites/controlpanel_vn_0/UI_Menu_MSG_04_vn_png",1,1],"493":["Sprites/controlpanel_common_0/Menu_Report_FX_png",1,1],"494":["Sprites/controlpanel_vn_0/UI_Menu_MSG_01_vn_png",1,1],"495":["Sprites/controlpanel_vn_0/UI_Credit_vn_png",1,1],"496":["Spine/EventBall_ske/EventBall_ske_tex",1,1],"497":["Spine/Aquarius_ske/Aquarius_tex",1,1],"498":["Sprites/Symbol/9",1,1],"499":["Sprites/common/JP_SS/1",1,1],"500":["Sprites/Payline/line_19",1,1],"501":["Sprites/common/winboard/BigWin_SS/17",1,1],"502":["Sprites/Base_Reel_SpeedUp_SS_1/1",1,1],"503":["Sprites/common/winboard/BigWin_SS/4",1,1],"504":["Sprites/game_vn_0/Base_Item_vn_png",1,1],"505":["Sprites/controlpanel_common_0/Menu_voice_01_png",1,1],"506":["Sprites/controlpanel_common_0/UI_Menu_BTN_MSG_1_3_png",1,1],"507":["Sprites/game_vn_0/BigWin_MSG01_vn_png",1,1],"508":["Font/BigWin_FNT/6",1,1],"509":["Sprites/Base_Reel_SpeedUp_SS_1/4",1,1],"510":["Sprites/common/JP_SS/4",1,1],"511":["Sprites/Base_Reel_SpeedUp_SS/4",1,1],"512":["Sprites/controlpanel_common_0/Menu_Home_png",1,1],"513":["Sprites/Base_Reel_SpeedUp_SS_1/16",1,1],"514":["Sprites/Symbol/icon_4",1,1],"515":["Sprites/Base_Reel_SpeedUp_SS_1/14",1,1],"516":["Sprites/controlpanel_common_0/UI_Menu_BTN_01_3_png",1,1],"518":["Sprites/Symbol/2",1,1],"519":["Sprites/controlpanel_common_0/UI_BTN_01_3_png",1,1],"520":["Sprites/Payline/line_18",1,1],"521":["Sprites/game2/Free_Item_06_2/17",1,1],"522":["Animation/SymbolWin",0],"523":["Sprites/Base_Reel_SpeedUp_SS_1/9",1,1],"524":["Sprites/game2/Free_Item_06_2/3",1,1],"525":["Sprites/Base_Reel_SpeedUp_SS_1/17",1,1],"526":["Sprites/game2/Free_Item_06_2/10",1,1],"527":["Sprites/Payline/line_20",1,1],"528":["Font/Free_MSG_FNT/2",1,1],"529":["Font/Free_MSG_FNT/3",1,1],"530":["Sprites/controlpanel_common_0/UI_Menu_BTN_MSG_2_2_png",1,1],"531":["Sprites/Payline/line_7",1,1],"532":["Sprites/controlpanel_common_0/UI_Menu_BTN_MSG_1_4_png",1,1],"533":["Sprites/game2/Free_Item_06_3/5",1,1],"534":["Sprites/game_vn_0/Base_Item_vn_png",2],"535":["Spine/EffectWin/mayanohu",1,1],"536":["Sprites/common/winboard/BigWin_SS/2",1,1],"537":["Sprites/Symbol/0",1,1],"538":["Sprites/controlpanel_common_0/UI_Menu_Item01_2_png",1,1],"539":["Spine/EventBall_ske/EventBall_ske_ske",5],"540":["Sprites/controlpanel_common_0/UI_BTN_05_2_png",1,1],"541":["Sprites/game1_0/JP_FX02_png",1,1],"542":["Sprites/controlpanel_common_0/btn_detail",1,1],"543":["Sprites/Base_Reel_SpeedUp_SS/11",1,1],"544":["Sprites/Symbol/10",1,1],"545":["Sprites/game2/Free_Item_06_2/7",1,1],"546":["Font/JP_FNT/7",1,1],"547":["Sprites/common/JP_SS/11",1,1],"548":["Sprites/common/JP_SS/10",1,1],"549":["Font/BigWin_FNT/8",1,1],"550":["Sprites/Base_Reel_SpeedUp_SS_1/12",1,1],"551":["Sprites/controlpanel_common_0/UI_Menu_BTN_01_2_png",1,1],"552":["Sprites/Payline/line_12",1,1],"553":["Sprites/game1_0/JP_FX01_png",1,1],"554":["Sprites/controlpanel_vn_0/UI_Menu_MSG_02_vn_png",1,1],"555":["Sprites/Symbol/symbol",3],"556":["Sprites/Base_Reel_SpeedUp_SS/2",1,1],"557":["Sprites/TS_MSG02_vn",1,1],"558":["Font/JP_FNT/1",1,1],"559":["Sprites/game1_0/Base_Item_008_png",1,1],"560":["Sprites/controlpanel_common_0/UI_BTN_02_FX_png",1,1],"561":["Spine/EventBall_ske/EventBall_ske_tex",6],"562":["Sprites/controlpanel_common_0/Menu_OtherGames_png",1,1],"563":["Sprites/controlpanel_vn_0/UI_Menu_BTN_MSG_4_vn_png",1,1],"564":["Sprites/Payline/line_1",1,1],"565":["Sprites/controlpanel_vn_0/UI_Menu_MSG_03_vn_png",1,1],"566":["Sprites/BigWin_FX",1,1],"567":["Sprites/Payline/line_17",1,1],"568":["Sprites/game2_0/Free_Reel_png",1,1],"569":["Font/TS_FNT03/TS_FNT03",3],"570":["Sprites/common/winboard/BigWin_SS/26",1,1],"571":["Spine/Volcano_ske/Volcano_tex_1",6],"572":["Sprites/Symbol/6",1,1],"573":["Animation/NearFreeSpin2",0],"574":["Sprites/common/JP_SS/3",1,1],"575":["Sprites/preload_group_0/LoadingBar_01_png",1,1],"576":["Sprites/game2/Free_Item_06_2/4",1,1],"577":["Sprites/common/winboard/BigWin_SS/20",1,1],"578":["Font/Free_MSG_FNT/8",1,1],"579":["Sprites/Symbol/symbolTest",1,1],"580":["Sprites/game2/Free_Item_06_2/0",1,1],"581":["Sprites/preload_group_0/preload_group_0",1,1],"582":["Sprites/Base_Reel_SpeedUp_SS_1/15",1,1],"583":["Sprites/controlpanel_common_0/UI_Menu_Item_png",1,1],"584":["Sprites/controlpanel_common_0/Menu_Help_FX_png",1,1],"585":["Sprites/Base_Reel_SpeedUp_SS/12",1,1],"586":["Sprites/Payline/line_10",1,1],"587":["Sprites/Payline/line_13",1,1],"588":["Sprites/common/winboard/BigWin_SS/9",1,1],"589":["Sprites/controlpanel_common_0/btn_back",1,1],"590":["Sprites/Base_Reel_SpeedUp_SS_1/6",1,1],"591":["Sprites/common/winboard/BigWin_SS/5",1,1],"592":["Sprites/common/winboard/BigWin_SS/13",1,1],"593":["Sprites/common/JP_SS/JP_CSS",0],"594":["Sprites/game2/Free_Xer/18X",1,1],"595":["Sprites/Loading_vn",1,1],"596":["Font/BigWin_FNT/7",1,1],"597":["Sprites/game_vn_0/TS_MSG04_vn_png",1,1],"598":["Sprites/common/JP_SS/2",1,1],"599":["Sprites/game_vn_0/JP_MSG_vn_png",1,1],"600":["Font/JP_FNT/9",1,1],"601":["Spine/Symbol_0_ske/Symbol_0_ske_ske",5],"602":["Sprites/game2/Free_Item_06_2/14",1,1],"603":["Sprites/game2/Free_Xer/36X",1,1],"604":["Sprites/preload_group_0/LoadingBar_02_png",1,1],"605":["Spine/Symbol_0_ske/Symbol_0_ske_tex",6],"606":["Spine/Aquarius_ske/Aquarius_tex",6],"607":["Sprites/Base_Reel_SpeedUp_SS_1/18",1,1],"609":["Font/JP_FNT/dot",1,1],"610":["Sprites/bgGame",1,1],"611":["Font/JP_FNT/8",1,1],"612":["Sprites/game_vn_0/UI_Road_vn_png",1,1],"613":["Font/Free_MSG_FNT/1",1,1],"614":["Font/JP_FNT/6",1,1],"615":["Spine/Symbol_2_ske/Symbol_2_ske",5],"616":["Sprites/game_vn_0/TS_MSG02_vn",1,1],"617":["Font/BigWin_FNT/comma",1,1],"618":["Sprites/Base_Reel_SpeedUp_SS/7",1,1],"619":["Font/JP_FNT/3",1,1],"620":["Sprites/Payline/line_11",1,1],"621":["Sprites/controlpanel_common_0/UI_Menu_Board_01_png",1,1],"622":["Sprites/common/JP_SS/7",1,1],"623":["Sprites/game2/Free_Xer/72X",1,1],"624":["Sprites/game2_0/Free_MSG_Board_png",1,1],"625":["Sprites/controlpanel_common_0/UI_BTN_03_02_png",1,1],"626":["Sprites/Payline/line_16",1,1],"627":["Sprites/common/winboard/BigWin_SS/27",1,1],"628":["Sprites/Payline/line_9",1,1],"629":["Sprites/controlpanel_common_0/UI_Menu_Board_png",1,1],"630":["Font/BigWin_FNT/$",1,1],"631":["Sprites/common/winboard/BigWin_SS/chipbay",0],"632":["Sprites/common/winboard/BigWin_SS/14",1,1],"633":["Sprites/controlpanel_common_0/UI_BTN_03_01_FX_png",1,1],"634":["Sprites/Base_Reel_SpeedUp_SS_1/3",1,1],"635":["Sprites/game_vn_0/UI_Max_vn_png",1,1],"636":["Sprites/Symbol/7",1,1],"637":["Sprites/Base_Reel_SpeedUp_SS/10",1,1],"638":["Sprites/common/winboard/BigWin_SS/1",1,1],"639":["Sprites/game2/Free_Item_06_2/2",1,1],"640":["Spine/EffectWin/mayanohu",8],"641":["Sprites/controlpanel_common_0/UI_Menu_BTN_02_2_png",1,1],"642":["Sprites/Symbol/icon_5",1,1],"643":["Sprites/controlpanel_vn_0/UI_Menu_BTN_MSG_3_vn_png",1,1]},"types":["cc.AnimationClip","cc.SpriteFrame","cc.Texture2D","cc.SpriteAtlas","cc.AudioClip","dragonBones.DragonBonesAsset","dragonBones.DragonBonesAtlasAsset","cc.Asset","sp.SkeletonData"],"uuids":["019ciEeEtGx4bSSh8s7fSU","03Qt9HuFhKqKW7aIpOUZGx","04nvYFrYhEGo92FeyqAEpW","04q1+pWH5CvojVok4SzTw9","058FYlaaxOz6d7CbTkRaaK","06G2M3WRlFQbwjn/ImEcCS","06zagBfaJOQLgWdxGGA4lT","07P1FkzBRN950QjceRfnrl","079++h1eNFSL64BSGNoREA","08QEC6Uz1K0oQBgI4LotPc","0bP3IboPhKtYc1MfUieOU0","0b5vgjPVJKxZJJ8Xy6520R","0c5oC5i2ZH8LRQdhKmYDuC","0dd+VisvlCvbFD38u7m/gT","0eA1CnZytC0IInlhjRDxgN","0eOt5/vjNH0IVNdSrXO4I3","0eg08hDXlH96IxDFVyjZJ2","0e+NwYBQBPrrmsZK68cKli","0f4uvuQqpFj6Ze8ZqSrMSS","0f9Cpt5C1AWo4RpTYwoid/","11xGUMsERNFKr7KEel83da","11y8/ov+REZJOl50xpy+RD","12G4IpEvRPVIacLk76NJ2a","12QeVJ2qxOi4sba2khf7Zc","12aO2CjolO0LHFMPiGc/km","122Mig4AlJXKGb8wN83oSB","13gO23s5RK/orrmlKAkdW8","14hYNp9S1LYaDoOIY7kS2g","16gE2peV9Db7ut4z6rIYy7","17qR44F+JBKakpoKB3gV4+","193ARKlw5OY4iHw9/tcZs0","193KZUAAZFS75+8FDB2LSO","1apRFP1e9Bi6Iheh2Ntglq","1d0Cy3C7ZNpaVgOHNuje/l","1d7yXn7PdHOrpZGOLl6GH7","1eWG6omqVHDKSYPkxQLzhX","1fWUgrZCREH7uEgV7j0egD","1fmqt3O1ZB67O29itb6Pi6","20StFtRS5EDqc7gRTm2Dbs","20Vp6Z+JRAAIwQXSHuOXbD","20nroUx3lL5q9dxy/56anb","22G2xewcBEY6HBBf8sO37C","23YJX+fZpAQJZgsgtuHRZk","24mj6lngtGp40GIts5EROL","25Alu5541DlqPUf3sAdVo4","25VF/SZzFBEZy3cPyzDvKR","25jwnIXvZEMpqeLBxgGhz3","25m9WRoixFT5OBaZuqH3tw","25yMwtP3xCvLYnnq/fwTsT","252D1INq1BI7ZbhylxXVNM","26cnYBVeBGsbTGOWGHGiej","27KKD2wohNBaBOy7qrh324","29kFuOfcZInJtboaq1tn1V","2aNFKPJaFAnKDrM3N9sF6Q","2auXG6tzFIR4GFnplsYMG7","2cluZ5XaRCsbnfN1dojLNb","2dvzPUtgBImrERBQDeXCN8","2eU+Bz1o1BY5M/0H2hKpyr","2eWlAYUfhG4KmxANxTHB20","2e0w+uX05JWJpMbfdiwb8G","2fqp7Vv1lKeKy19/40lV8K","30wlmbcnVH852OGDipVltx","32EtHxeE1OZIh7CYg77uYb","320pAHvcFPxpW6hZQI2EaF","33Q7vXEH9JpY7P6AQMDn2s","33t3QQeAtGqZjODNInzztW","332lqosr9ELqAyODbFEFzX","34ELiVg0FNSanOYQ1xl4Bd","34ebfOolZO279pnrVa9WNl","34y4cohzRCj6owWElGuLbH","341HZy3WJFiZHJAfvVt32e","344iE+bIJGFbdcIKpaifsh","35KDsbpg9ASLEyqT/DADXn","37mC+WvyNCqY/DpOTL14ei","382+b0+C9AJJ33HCSlpRJZ","3dbHmcDCZPjYzEWQABgujp","3easu1paVNG5xYX94wKXih","3e/U/Fd+RIaaO4N/GwdnVg","41WZMuL35BvIhG52uzWf7H","41c9NnQxdETLJ5wTa7Ua0J","41yrdO0GZJgZTX3UVtiDAk","416pyQ70ZJYb9oXh+e/g1w","43R5zXgP9C65xkoKYUU24l","435ADQk+lJV6wg7c7GUcyp","44IGjXYadJYIIE6fyAZBCr","44SKykhtRC6IpP1cSUbPG1","44kbG1wvxI5ZNN4IFBwqfX","45HCrrjjBHvJBXQ+YKAE3A","45LnFIZuZMXKkJa3R9jWOY","456VeiOU9Cya3wkF7O5uuF","46eBqrrWlDw7t+FCFTgQj0","47XcqpfcRA7Kd/8pU+uaz0","47clRUtB9FIand6ONRnzqQ","47mEiaGY9JaIQj3txxrNL1","48IXTfYzVNUZ+vS0TId42D","49UzOW5ClLBrZk1e4qB2ib","4bgC8SO9RA4LSNjiTKaMMo","4boabFj0xLZ7aVNNNDKSG2","4b5Lk2+n1MF6sqnFs4+1xZ","4cM4ITDAVAwI0/U+IDeRG8","4dFFHM/51IH6cqQY8LYwVt","4eUcxjhElAOJJV+dRfxsEP","4ekvCw4flJ1Yo/iK0XH49R","4eoDNk8CRK+rZDHhD+mk5R","4fphHQDBZMRovCl8+/Kc91","50c1DJv6BA/5fWLtzbcKY5","50v8EfNpdH8ZYe+HBFB1r0","52MRtpmKFPgZf6fSE0J30q","53hPk4ZvJGw5oBaS8zTPXZ","53lAHx9UlO0JgH1+vx6dd1","54cROJPW1HboQS4FCem+os","54rPu1ZBdJPogOg7LKI8CQ","54wiCIJWZDebgqzJetU1lU","55SyRwTAFPUZTtL6M1nnJU","55XaEtdPpFuL+9Od0kGqN0","55elBUu01EV4prHdz2D3q/","55/x1jgLpP3Y3JtNrYliSg","56vDi+zNlD05nGwskSso7G","58COZ3dwhCjJWS+j4GW55H","590SYtCTBI9ZnY+JhvVsqo","5cOb1hZ/VEqZ7fbZcWdMfo","5cbyRhFsRLH7Qt1sr0GNpP","60BCBWqYdHjJ/39F1sA7IO","60W0nydcFIG7va64Whd/SG","60cPUZ2WxA1IuUk8kbH2pW","61h6PK5Y9Ncb7c/ODw5Y6g","62skhiXrNOL77/W7u7xmTs","64d/vHycNJE4dcTLqbtT9O","6468Kljk5KfbzekFkek7KZ","653FNhsUJNgLpHB0Cf4FYR","66d4I0QE1OxJ1pMjYgSoYr","67oYKEEhdGLY3zIMHBx3To","68XXG2hRxB2budn07xOO4/","68/iKH3RFI8JISQSf5u7XE","69AAYN1DZMK4QsUok1RbRU","69hY0pqkFEsKxITo9eS8IY","6aXJ1sjklHjpi+4ZqVPTiG","6acijp6I1FcInIFKkF3cSf","6apjkVP/5KQbsYT9xR60kD","6dL3+2YYNLOr/x6ah+DI0D","6e0lTLbP1FmaHd7Y+BbPxr","6e8uaVrRtARpA42a4N+xP1","6f6Vw9r/1KKpnIEw96AFj0","70ISufLLZHjJfOnmaGgQNy","70M588KPxDqIBmKDHHtyGS","716qadoYxHp763GOaXj4Q3","72slpfZSZK/oUpI6Z3Jmbr","74xE3mjoFBkYa8jhnxyP8A","748A2WmQ1GlaH336zk5UM4","76XLFupFdFTIB14kylRetk","79nK3MKuJAd5G+FVFINEFR","7bX+ZR50JC+7sTBJDUlaFj","7bjCsKNdJCVo7pFm31DJyR","7cVlcskVNAc4vbZNjzW4jK","7c88303DVOUpucP47ADdlC","7d2A8ppU1OR4N6gUJmk77/","7fMp/hOZdJ1K77IDk5WVOf","80KVuhZaBIX6kwiccm4kyI","80uWSE2HhBsazGqC5eAc0I","81CGKq4ktNtKRYq2e57OA2","81P7Uz8+1AS5BIs6vjjxo0","81woWF+f5J3ZrO4tPjLdEM","82QIl9MMRFbazZnwxvoSIV","82QTUGzGlOI5Fk/fYUosOh","83MOrCyXNHpJHKKRkBpzGj","86aUYUqq5MRK0OPaNSr3JU","86gwarEPtGAowCvjDF1Xb2","87CvgTBlJGV7dvrR7sqjIj","87jaYUPYZM35y1smBAxLbx","88K1z4kp5NKJFpJk8pgePz","88etO+mxJKUrM0SprdZqnL","88h7T6WLNEO5IkaKZhEXrX","89Ie50lOVPC7wd2hIG5wZR","8aJFYgVPpIpLkefeNEUt0i","8aLfPPMw1ONbaytfwZ8Fnu","8bmbqpNzNEspMiRvh+2jFI","8bxOOEkM5ApoCTCm1iIWSa","8b9qkKLp5HT659azvE9js7","8cP2erQtBLJLQETING77oM","8dse6GweBO7JEiDUVt0vIz","8d/sMaUERDsqCkFsjfGXnz","8eKv1HI3ROgrULCdRXHuHe","8f8FjZxhdIgrf9sNK7o/Au","90Mq+QtddFKZehJFspSPFE","90qqwbZH5P6JFO1m3Jeac5","90xL91C6pHwo7tco6Vlikh","916VFGshRGx7IVmPdPpkux","92RW5UOOBBXYKp2TKAR+6Y","92l2GK+DZN4pQjDtm29vCx","92pJEvtEJALLvGcNVNtuVJ","934MSwBTdDSYCPyJy/tLGG","94VjSMamVDY668qHPTBR7h","94ufwz3YlOSrmpXqzU6Uu1","9427yobihA1pq+Wh7JQt4D","96IjdpzE5B5rh8Y2AUziCf","96RMdHh2lEOKJ8O1S++xzL","98RnpAVhdBPLUkfAH5Hhee","98gtuFVAdEKbW0x0iUIBFm","983ipBkL9NmoRAtg9Ayai+","99FUtDuO1PsJBkj3G9fvb9","99F5CUewdL8pJ9IUZzY38l","99Gs/EqxNFqKiQhQNwzd2V","99XRge9HlJZIAXnERfKxfx","9aY8Nbm3dDsbiDJH4xLSZU","9bh2XLaZlIZa5gBNlNumaB","9cuOmTyH5AKbegTqbVJPWf","9dElQYPwNDUYIfZp4Hwgae","9dR/F1Ot9BUJtNHkam0sw3","9dWe2DbupCA57cPf1j9xUC","9di0sodqpEtowP+WVQAaNs","9fdEtasv9CkaC6FLzicGZf","9f4A4fUZ5K/KeEFpwbnAL3","a0p9xQWBVDPKo/hvSXoB7S","a02Xu9BbREz7NtMSqHyEAK","a1IshFHu1AvabWNYbe8zhw","a1ZrHwSoNLcLqzfIkxX8ix","a2Z6PyufpNRIQR1KH6RPV7","a2krJqPYhEabw+J38Knir2","a3l8LvKiNINobnGZ6Ogivn","a5d93DLItLrZ6dWLa9tzWN","a6cmsgJRpGHZ9sCyVDdmHU","a696UaZudCipPPpftr6orn","a74mtWQnVIx7fyyeNRkF07","a8O95GSqlGF5j72t7vPvQl","a8dx/eXBtLuIHXDx+Fbu6y","a8yh6DWIhK46oCPufhHEFn","a9RysB0pFDPbErkNwHmOqA","acARtxAKdPvaYCMCGjFlz3","ad29/GR3lPUYmi6V2PedkR","aeDgEtHzhImqHD9ohauwFd","aezp37MjlJVKpl0+oQRa+j","b2EKcrCUdJSpeKsGkAPfIZ","b2HWDLB9ZMTpUn2oMsbwRM","b2Ms1crNJIC6R+2Nfcx6jT","b2gxpz5ZRL5b7JmZQA5jVr","b3ir28kuVFNLD/p7dJKRI8","b46k0uS/tFHKNQ2JgPGE4K","b4/x+pY+NCl4dQUh5sJ3Q5","b5Lg1aL9hGHpy1OXdOOOAm","b58MUsNHNIja+E28mHY3JM","b6+j3gPMpONrFCZmpT4NAE","b7LwO13SxFvashyb1y/n8G","b8R9nh7LdLqKpgWwxDrviA","b8o7HL8zRG2rwZ5Au29GsL","b9TphasaFECbFTawaq07gL","b9k4gaqs9C2Jj0ONWZb7HS","baG81jvNJFCo5v5hdQWV7G","baG86FZy9Ecr39CMYWfNbd","baPc1SF0dG3I1iKgkiFp8E","bai5Mw5QhBLJi1/guiS6Ny","ba2gW9sYtFYqxpajI3uY44","bbROMDXzpPZrTTOZ6Cffuo","bceK/ii+RJFpSjuQ6SDqOG","bdJkyLMM1NNZXjyCYARDgs","c0nElCYOJKELurIWdNPq8Z","c2XmMU5KZMu7R8HZHD5zb9","c2seH6MwlEwbUav7HViccN","c6cjbTjmFOxYgCBu1SNmsh","c7BybRqkhDka4h9zfRI4l6","c8DctIDM1DuI1qq74c2sDm","c8Em63Fk9GFJW8slKQhQhV","c9OJUKqvFKiJz4UQMvqJIJ","c9X5raLnpMCbKtK38k7V2D","c95R3xn5BCgpAkzV1A86cG","calThFehdKDbjooDlrRAqI","ca1z9cdX9LZZHVGx1g8qvI","ceC6HK5C5CgZ28wVyX00ms","celAcHp4ZB94RFda0+F5Zs","cfMbmsZNlF9aGgH/T2PLCR","cfWodaYWRFFKUm/+G0wv9f","cfdCPi7npPZ7qU0Pdpm81m","d2KcQccGxOO7VccLnAhE/0","d23iRszzhClbnjXIBkOVEJ","d3O5UqhDRC7Ycr7jZv2cBz","d5KU+8o09DzY9XeN06ypo7","d5P8EGkoBGSJG3lgUmpTYO","d5ScSY+bJJmoJcgL+GOqTJ","d5vOk9HuJKW4Peeuka9hCH","d7LwwXZIZENJuJnhN0TBaS","d8hjl1vKZHpowzdOwsVXQX","d8lYk0/A5HdqB8u/uqyN/9","d8rXRuDQRA76efiWW4sir3","d9g4+WzEBFXrzbzEke7QGi","daEiBJRnRBw5Zc+NxNQpo4","daV59p9Z1E7I81Es84LFj4","dbSg3TYdNI47tVrjEqxiVL","dcSXxwVbxEO6GsiR0lrjlm","ddPadT3GhHd7BhK4Z/1Up/","ddyznzSf5NlKgRJ8CrDRlc","dd7FMiQJNKfbP5BuMBuxPk","dfkKra9H5BUYkR4j/KNBgs","e2xuIj8DlN56slIGWgHI1G","e60PJP1RxHrKTQNEOjq8zz","e7roxMrnlC/pymnmoqf90A","e79q25ZNxN1oh7fuhUoU5n","e8UlEIKyJHQYojWCFSM7wC","eaDggmcmRMGq2tSUaYyorh","eadkfcbstGVZnTNvD2sQdh","ebH2PI6HZA+71SE0hrXYEW","edJ+Orf61CZIlkF3nqR1eB","edliMjdHxGdrnEi0vu3hGQ","eeqdm3aJ9Lj6qpkRMBoda8","ee424SwcVDdrc509QHB6ZF","ef1gJOCfRCS6dMy/QwxCQE","ef7qC2fjlCmaDTDfCFsOZS","f0FjXq21pM7aWnTtMPYaGr","f0F+pswABAgraMRdGINY0S","f210YNT9VNwb3ymC8iOnMy","f4NEJZ/lVDg5fSMS2MaKpG","f4n52513RG3orjoOTJEqdE","f5SWwlYwlBn5n3Z6eXuDI/","f6/Ly7qL5FGpkejRZ7rK06","f7Dk5g4wFCf6lK4z2skafH","f8lgo4qodN8q+QecgL2lYV","f8o7uXdERPoK7kN/NjrsnL","f9chU2jNVIQ41b/+vKHQZe","f9hpGAa6lLIZkH16BDA5Ht","f9+/jrX8VOK7RUZSuCcrZg","faFf85ej1Ix5OF2afxnwnO","faoYCvwsFFn5bzzOXjLpaA","fbSSSKZ8ZLKpN7g2u3j3jL","fdwO7YMRVLi4lGCrdYt0XD","feyi+BgclI+b6xEz5b3VpF","ffaPRPb0pFeKpAt0ddDbM5","00n9vtlSBE7ahQ1d0MEEnu","01OptS2YhPvYCcQvc8k4vt","02HTDydulGB5rLDq8KSgPq","02MjS0kulFXq3pHwhS+Hno","03Z5EnlGJOKKyYEmhMR7fi","03w/8lw8hK0qEOhoUfRDl2","04EtWI6T5Dp68x6vITCvbN","06FYc1sU9EcLnrg0M04uHJ","0856Vhy+ZPY41iiIDpybgM","09xiHIEdpDDKnRAOLTYa8K","093Yu05gdEb6/23uZUCxaZ","0aUUyRQyRCFKPI2G/eAVgP","0amKMobiBOyrwUEJ+W8Jaf","0bRI62SDpDQ5rzi8C785v2","0dUl72/uhEUYESrHXbuqLc","0d6z9B+uNAcKzQw3OfnOpf","101b02PYZHpqGYm44cSjSS","11Unc0tPBLV7TBequDrLqd","11zXlIt2RMjqQFfXaQTr3R","12+zWKs29NOqCjwqtbR1Gv","13SNBo06VHD5VAlMSeFf31","13xbpk+o9OCJWeApg07Qi9","139m0n3rNJ1Z5S8yW4gkma","13+Dr4VBFIvKVQt5JrfZLo","15DNNbpyhIKKJgh8ozqZp3","16mczKMpNPrplz0y/4RkY0","17AGudz8xF7r50xsJ1L0/g","17LXGrWchOMKEeE+ROX0u+","17We/u3XxOWZTv1yx01DOp","18gmPDpelEopnumD9n2zBC","188rkv1DhGfITXDS8Dm28d","19GNhTpD9DlJgsBgqhgh2O","19Pkc8ThZFL5MxAWEBwUQq","1aM9im/HZOcK35ea23zsMz","1a9tPMjqpBg7uLnV0Nr8Z3","1cjLt/KhtGr65KkIFXXZDJ","1e8lL+07xCUqWFLS/4+DDs","20OzwVDctPLJnX/uutuzmI","20P+SBkp1L4IzAxxd8a+dq","202yDr2s5FE7uzzKwFSABZ","22TfaRgGpJNbjAkS0U3CcE","23RZ/vMoFAn5Rd3nJmU+ol","23hJaZeQdEPYFUKDvyqrwW","25KUEOqG5KuL/8ZXfz8Y2b","25fiXv6zRJs6wgK+BOqudi","259GLyNyVF9YY4KOpf9CTP","262EHdDCVPw75Mlhn4j0Xv","28PlfDbK1AUZtCXhm/3oiF","28rRBanhxNzJXzseCLf4UU","28vDiIHj1ClIoUDN7q/3JY","29oIx+QNNOwocbCRjLwtLX","2abPHEK/lJWIappp0ffwq0","2bMBPswetE0rPbqsyQYI+l","2cJJV9l9dH6IgdhqKLEvr4","2cuh6Y91VEJoUw70gc2ejj","2dHtv+9p9J35KAbzVFXlJx","2d4yXF4TZEv4BjBEqRrrfE","2evXAcJ2VKZpNYPy3zSB42","2fTxQPt1pFIJaHV5C7JcO0","30eCm9yklHL6jwhb5ab1fy","302sd2ZYtLmo/TUlLOTBwj","31dQ+hwa1HFLrmxJmDuyc+","312BR5B/FGBYcBSW58TYfM","32MgSjmxNCWa0tU+/Vsfny","33IAsr+a9DUaD5h0IVhKju","33J3F3xCZNzqgJVOZPyyQH","33gI0jYJxJ3IniGZwFxjDQ","3302R0ZhlM4KqetikcHyhk","34F9hebnNJ0oBiAmA1F99C","36KJ2sGTVEjqxTGcnnxqjL","37GvWnDRFDOqmDSsq52Czl","39NrkXCMdLs62jSkQ2X1Iq","39eg23E+tBJ7O9bWrBVjG0","3aRjM2yEdAAadun+nRbSyN","3bX6ezPjdPdIfOGKROTqcA","3bZkZ/AzVAWIhVRbX3BEy3","3bjwsw6LtFzpu1nGop18j8","3b+Rtx3sNPuItsvj8VaTBV","3ccJvVU/NHabitDpYqkGPU","3dz1Mlz61GLobDn7Kyqe/m","3d7wQgJ+JD/422Ac7kzycJ","3ev/+bjJhLPZdBQtLdGjfJ","3fU+xpdgZHCaeJq5uYxlfk","40Yaxf77dH9LNNBfXSE6yU","40i3dcYwNLWonOMTfsVAyF","41pzUDtoVOoqCoHivY3+Ir","43DTaJp6xF5YPVrcOyVHs7","43aEUd5pxOq6ojTB4GhXys","44MusI8IFGqZO9dVyDNWst","44b529c11LJJFa2cdBPVx3","44qWJwj3FMFYW01qQZpGqF","45DWjKXGtCUbv4L497e1Bp","45QURynCdNkqztLeZifyQq","48Xn7arF5P16LDB3mNw7qs","49FpiAXMRAdZivsIz21Tcd","49PEZZQElIn7ZYJ7EqPnDD","4aM+sF/31IJIMSBi1LaCwL","4a0R8SXONNvppGhnmN2Hhf","4cdlCOjYFPc6ZwiydKzK+D","4cnsexWyFGRar+55KhmcrB","4dHyaNILJKtYIRVzr8cSOV","4eC6l+xXBCFprluHzndWBt","4eh7Wo70VAuo9DmDFJbKO7","4fkskp5Z1FM4KP6g01ipHw","4fmHbsWudLa4lyInCuIqsI","52eN6eQrlBRYPmAx1tJmEH","52oydDUq9KAZPlQWo9I4f9","52wgCtwLVB2Z/j0C7bENYf","53Jvs4sudBvasVJTi+AGPJ","55Ua9mvg9Gxo0H3FjGNQeQ","55b9gmN4tCjLXcVU/6cLXe","562Sd1IehEHKkMRg2dqPjm","57tvkeR7pCsqYa0AMrkGtC","58aky6TdJJq64rj6IdtM11","58fVUEGoVBNb6x/ZdSXDPy","59wXqb+KZDIbFCfKmGSIER","5atlgKaBdKdpVEDOaVAd6/","5a27R9Fm1JlI7deWDfj337","5ck1GSlspDa6YNs+P+qkTU","5crOQzw/dC4JXqmNciC1Kn","5eUWP13cJNvb92EXZ96c5c","5fYtv9mkhECK/rkZvwibkp","60GiNF3jhDz6TDLHJBR0yV","60en8noBpNmKzUzh8xZBOW","62b6El01ZPf4g432wF/r5n","62zwNGfuNM964jf0N88psw","6286kKBgtFXKOJ40+OVkWq","63IZFY7+FKeqyHkH4j9PCy","63udeaNv1EgacqhcX5fsFV","64EdbL4+NOZKyEVG7nurBm","64w6TWQ5VO74J8/xlXWkep","66KNuEg8RCwKYwJFFMqqyH","66Y9535qBOsbG6tmTGRKwW","67r1gQCtRIEZzrcn/ytNwh","68Cmk5ttFCkpkoYXhRr/bL","68aNRRxlpEdI+JBM4S8MOF","68kpyL19FLBLXVswDItcZT","68rRYT225NDrwPTYaYnN0k","69BfHF0spLxaBo5kkHjYM4","6aYuVM/lFCD4ki6uVW8Zb0","6auaTVDXhPR5Ockn13F8Ap","6cg0uQcRtEZJ2fHWsiHBNd","6drxrob9tDxbJEAm/CZagI","6fheNijIFG+peqZwM65yIU","70hTuKiepKg5zpfsm139p+","7072GveRpDAbwrxc6KKBA+","71CQiY0ghIIL2M2VvmI4UE","73E4y6cn1O1o3NfTSnndCv","73GIDCvMdEb4R+OzqZrl1v","734Rmhy6ZE+pnc/OXX0VTD","74cQ0pbqxFBLqz2Pl+ia6N","766B7GNfVBL6n0MKRr4yrs","76+qLVlQhDzaWzd5ipYtha","78tMuoMppB9bQo4gHLA7T1","794MZvAjBBRpok9lXct4bD","7aNq+HWOlLxZIma/MsdDok","7bbGBX/H9GYoEUxzegJLkt","7bprJ/xelEqKPlaOo/gWqW","7cO8yMCX5JIJoqSVM6pb6E","7dqNrBDbRHM6khT2rXRw5s","7d1GmT0j1H0bV0cyKgJjTB","7e2vDN75hLLqk7WCsETD9k","7e5eKWICtK/L3MXDcNcAMt","7e/WBTZUJLv5T81k4mLM5T","80oJL36QNJ9ZXFnYeIzWjE","808fkKQGpNXJ9MzQyW1yMr","816IZd6vpKo7Nrjx7v61+C","82QETygotFQJDXmhDDivGN","83FcIkuUNDP4FgAd2r19Iv","84X7+9LIhBU4N33sl8af6M","85Mz0Twj9PzJWpryzERTY1","85ZUIJ6OFAS6bnk4tJOQvJ","85bo6PVXpIRa6W0KKja/te","86Zu2w0LBHBZOlY/8wMKWU","86tpbCi91LIoKf6GjTBkAL","87+9+0PW9MzJU660NkkclB","8asVFx/vtBTLPSntRZI5fC","8bknC+p0tJOKQ7ht1if7BD","8cIq8k1KFJnKCBVMbwJKgT","8cUcE0DH9FSpj37wDJ0dMK","8d3RmbLkpLxaOIUBb4xkdV","924vbctu9KSq0x+WMwAp+0","93OO9CHO9LLLqwVVrgVMaC","93ULItVEFI3KSzHHuZM/pc","93zJQUA3pLIKf1nhoW6uFV","95UwmzueVI5ZxpQZ01Ahdj","95d88+pslE97nX4dL4H0SR","9517FyCR5Pu5Gi7iLg4ZJK","96hErMI3tGZqKiY+F2VYd/","97wXDYB3tBUrMfI27EOotp","99JYNJb1FPGb3y+CuFfVKs","99Qz6sO7xDqYvf46D1g8SD","9aWRCaSbFMeJO3GPSzhx+o","9dOJhfRmhAWYX+4Uwo+nos","9dYUxzgCNHrqsTYcY/0pLE","9e+Dvvk4lOQotiOO1H6w4t","9fTjxshmFOAI2GhpGNX1LV","a0WcbK+QtFmqo/vPjUlsyg","a0yxDxbPBLCoi1BWyEquA7","a2FPcJLwZLuI/D26TY8BHw","a36Ax/YO1NZ6XV9Da2oyGr","a5ibMbbMlCya7q9nS7n8es","a53uxMf75Ee6zw0TeRK5/V","a6MbI4ag1E0pLw3aGbIbi1","a6mDVbyzNM7pEOsBG4XuR1","a74gFBH75B24TW89Ezvt3V","a8s9fZiHRFBoE0Pk8V7D0x","a82ldxPjpOv4Nlp1X5LAH5","a9V9v2eghENLLvgxk6qY/w","aa1vfbBoVGj7mfXKs9mh8O","abpjLGSlNPSKN+UtVRrSN5","accUmQ4+BADrMJF/EBxoNx","adEcdO5JNMSbIkvQ88I2rm","adwca8LAtDG7OAbD3GYPyB","afAqp7PJ5Kr5WcR+HBbpa8","afeh0v/nJLz7C5NuKxwBsO","b0Pb0OpbRN6I6iwZCWa1rh","b2xY5QO/ZMsr7hC8nCEQ94","b209dmIqpFspPiAtnsUwDD","b3jA/J4UhNj7k7hGGq+iMo","b4P5SLG8JJfJsAkGE+7yD3","b5NUQrbuBD+4aFB9pQqF0V","b5x22iR55C5aiq2md0zh3/","b8wRhGZMZMp5/H6KHlkdjt","b9r8LUW1tA2ZH5FvRfhFwE","baOYcv+DtGRJ7aU6NLcSMI","baVnbT+5NDC6vO95ONeos0","bbbO8wG55DJ7bn7/nm1LBB","bcxb0q2OVGcbU/tA92X8FL","bdda7rZzdN8J303LAf8vWk","bdiXtUHPtD/IrG4ahAilDH","beYhtvaQpIG4BWCxCbH1ZM","c0opDzQP9O+IQ6zmjmI+dT","c2WGyDuWtFQqyytVoHUcxW","c2kBVXopBOeZGmB1L8PTsl","c3BMnju0BI4IcELqOlZ20t","c3m2+S8r5KGqxYnk08rQZA","c4O51TGp9C0bs4FpflgYmM","c45K8rWFJH85O37RHXmZrJ","c5ZS3PJthMaII5hVUz7vlD","c6eIQhD5BJb6R8g3C45Agv","c6/vqn8YZFbp5/UOuXc1sD","c8FfNSa69BILA4B6zNWXdy","c8fHRgtLVB5JQDnsmUbl3L","c8wYi9qBVEApZIG5P2pho0","c9NG6y7s5PqaereQvyBliI","caxYkYp1tH0LD2xzdJ0sOy","cbOk0nHYtGIbbBADqODu6o","cb0IYYEHRG/YhRABpKMDRm","ccOxmgfgNMG5uEdPRRoY1z","ccmmczzDZKuKN5zVcqStBc","cdaagIKeNH35xXOLrSI4+y","cfIQiG1UNGsKbRbCWHOos3","d0A91Zv45DR7GT/5bJCrfs","d0lVBabgNAq4Ygg15GvxEs","d0nXKJY+RIkYUMBfcpk8ZK","d3IzAKasxB7KMnVkNqwvyx","d3Z/97kglKvq5DJvjZix6+","d3xvVCM+RAgZ43KvnJimYp","d4KHmnfftHFoOJHhCxPUO5","d4fkiwExpKsaIzsXUZ6Pxt","d4qD+DrztC6p4jb2SaJSbp","d5DyrMuO1Ni6Y26D7uSTqa","d5Ss+692VKzpDNGWZt3hVk","d6/UjV+CtNUIv3xWjhZ7VU","d7iOOvGJRCKpKycbSgMwmX","d7lgTOEXdOgbOcXkpP+hrS","d9N9CNYHlKKbYXaelvCJTf","d9ey+2HjZFgay4Pv0notK4","dbFq9PbxVBiqg6V5XyZmCM","ddHNy2/vpEh658t87YMmQb","ddZKmnyGZOS5thcE2G+VaE","deA7cQFxNJnoCvc9y20GOD","dfcrtlBoRNEZhXi9CZp4Y4","e195hHVN9Iq5namRaupSIa","e2vjNkCSRFKaLYTDcIKgE/","e277tK/qhPY56UtMJhBjXH","e3+EwbTQRCBKtrDONPJGfi","e4Il1tjlFMoJLu39sRaKaf","e4MTZk9kpCHaCJI30xjL0s","e5X0VwWytK2KuKtF6QyW4m","e6AKuK0j1Hk5BrR6WeVXaz","e6LVQ64PlJub+pljX+bcwt","e7UQsHH8NFVpSd52sEWRiM","e7nUBaIwxA34fZDCanwTRU","e8rRBiYGdDeom/ikWXWQWk","eajhc3f/hBzbIInefiNc0P","ebu3bGRtxMbZR0aXvldSvz","ec6JXvZYpBAKSpFHOSi1Tl","eeso7m2qxKI5k9tc/2G52i","ee7BjRbh1OH4x9aPWAH+/s","efHeTbkyJIXLHYg1OSNcjW","efMhJcijlCzJzbN0ryjjQy","efO6Ueg01BQa/VNrjcxdWX","f0Q85Ag6pKVbmkA5FVT2gL","f1QxugsHRC+6sn9x7AgM20","f1Q/0tpClG6ZLrIg+oftHs","f1YJ3u7otGSoXKl2jgj14+","f2CnmG4ClFCbTh8uU7OBwF","f21W1LNZRKBpsdsCwv2OzD","f27x6TfkFE3LbVFJ6Py1Me","f3MMsoPpJFs6JNYk2TIp6X","f4KhAF525IB7a8aPqeb728","f49/tzhGxFzYABhvJ7JHqZ","f4/CFUGtZEXq+Qn+kwGkmU","f5SI8MThhIyLixuCThVoRH","f5jjIr76ZK34vXUM7ecsqD","f7668GOMRDIZyBgVSo2t26","f8IRD/vExHZblu6BDXSQki","f8XhwOUeBOTaV+9qoiim4g","f9MlFmMoFBZL4o3+l1CLlX","faQa1NIEZFPI0zqX9J5frv","fbPZLO6VVJ7r7uhOFxJxZ/","fb1PyW5BdFiLDyFe2ZiVTj","fcKuERG5xJ9qm2NEmL/aHe","fc0LXLy7NKk7eUu4krJ5V3","feIoCvfulCm7uAbhCWi55K","ffM+CDY7tCO5kBY1G9E3UJ","ffnnNKdUpIK47o9coO1bxx","ff6DZZGYJO14eFX0sn3ych","02aevJ8m9KSLQW+D5qZtqA","03rDPaHpFAYbw24VWi8DIz","047OBUL6RA17dwC93JWfqN","0adWDp/HlI46Uuh+QYG/OD","0cjxScQP9OkowhmXSiR2xc","0dmZDOZ/lHu6IIYDyouiK2","10NbZdwUtL2p6fddpFSVoS","11GSr8xH1HPY8PJwSBEcvl","11m03rlbxCSq1XoJFHwAz3","12kzkUa85Hu4bZbVx/jHDJ","12phniXPFCXYU0puIXY5s+","16pnsU925HG7RmN+hrj6Bw","19GT1ITydGd617F8B1OIzI","1c5hjLF/FH1LRf+Tu88SZV","1eI6TwDD1Dq5kcp21xpj46","1fSp3uqgFMZrwRL/UGAgm9","20RfNfrGFLVb4o4EO4h3cK","20wJPvGbBOT7Wv4yA4n3D9","21frr+50tKbqTZv/3NXtls","23u3hSAgVGcoHa5HluJB7A","27Bg/vZG9ECa7MnSFM8iGB","29FYIk+N1GYaeWH/q1NxQO","2eVQUMLD5CRpuFZ3+0LJbb","2et0HtSYlHMrSffVXh+91L","2fl3bIFBFD+IiGxIvkMqn/","30L1WVI7RHBpg3iJ8XtSyk","309gxOUCNEOqK7bzcZxRLk","3aA2pTY35Gcr6Tykvg8n1I","3aELvu1l1HAKiwvjHDidir","3ae7efMv1CLq2ilvUY/tQi","42d80IoYJOe5KHIMkADsrA","43ZcPA0lFE7q7jW7oKDlJ/","44ess/qcJCSZA7kt/8pJ/y","48IIoBwElET5qpVpqOq9g2","49eg+/oZVNl5mFW3RMianZ","4afusrqUBG8YEkCinmI/yB","4ay4SlJMBJ97d1HAXWtDRw","4fVMZyYOlGT5P3SZ9o/Onk","4fXjBoV2hLgbeqbhc8IwkM","54eV9wnnBB+YcE20vhZT0V","58IXiARyhJQqbjmuk/8XqG","5cO7kybDxGj4ipyMYdRYZB","5eOBKR9IBGJ42nPGFHfceF","5epiSdwOJL/6U+xeATMXz9","5f5dyqtRNNxaFmVzYns6FZ","64YDC/NA9DS4/COtq7u/vv","664oSTBjtGbb4udYnd5A6R","7342te72REqpnLOoKorj5U","74GmwAEWhF85SXWpluPvL/","7atnkm+vtBk6Mvv8DBz46m","7a/QZLET9IDreTiBfRn2PD","7cjU5IaS1KF5hNStG4wEd6","7dKlrLzwlPnLCFE58ZxlOK","7fM6H5PfFAPo5xOlptO4Ry","824Ku4cm5FL66fwln7zyLS","90mAPieytF3Z2M2BNVVi0x","94rGiCnedCyI0Ax8CRpsrX","9bEYplWo1EbpzviEnmB9mX","9cOVrVgC9NxJlp3vNQ7CMx","9c41Wjg+BJjZZiqgfH8xMD","9d8BwZCpBE9LemU1GOzW7X","a2MjXRFdtLlYQ5ouAFv/+R","a3TJMlYupOuor2F9au1hNe","a6LdxZrENHCIN/9jYSUr8u","aaygaYVEBHeK2j0z/WGcJD","b0PgPk6h9BY5CZ7R5mkWwP","b4xks0mMpB26wly04hNYFq","b8OP1G5oZGZZ/Q92upTdVS","b9U/4WdFxGgpOO6M34/Emp","baBpEPSg5AkLcNE+s40W92","c09KT1AfJPFLtwxb9cypSe","c4UFTpBPlG+JQMGn6wxlC0","c9VupEoCxGbIrIXOJwwOth","ccAPf8mQFOPYcG5QvTB3oz","d2G5yDs7ZK0JaEYQHzugh4","d3xc/H6llMaLnCPtwx3UCu","d5MsGETFtOBK7TCsb+WueX","d8F2oT2qlAwZGZXMhKwag7","ddQ6OJac1Hq4zYw6tfXBZf","e013VtlJ5GpqHUvedjqJLt","e7KVE2rpBIeqEfzTgCY7B+","e97GVMl6JHh5Ml5qEDdSGa","ea0g4eBbhMUYPOY7nd9Wl+","ecCTW49kJJYZX+93y4H/Sv","ecpdLyjvZBwrvm+cedCcQy","ec/MJRFktI7J0aSXQxN6g8","f0BIwQ8D5Ml7nTNQbh1YlS","f0h6fijSpL04cbIMvavOO1","f3pCl6RHNF4Kat/YZMj1G/","f7aRTc8NVA37k9ieBma6VS","faeD7ugCJKV5yxOob1DAfl","faqOuy1OBIzp/1zRZNXS1t"],"scenes":{"db://assets/Bundle/KingKong/KingKong.fire":400},"redirect":[665,0,673,1,680,2,685,2,688,2,693,0,694,1,504,2,705,0,534,2,716,0,725,0,727,0,728,1,730,0],"deps":["resources","internal","main"],"packs":{"011644c91":[644,652,653,655,663,666,672,677,678,472,691,696,703,706,708,714,717,718,721,722,733],"04da2a9c5":[335,346,348,349,354,357,361,374,380,387,392,393,396,409,436,440,451,454,466,483,501,503,536,570,577,588,591,592,627,631,632,638],"05f3a8d32":[658,667,671,399,679,681,701,710,711,719,724,726,732],"064411902":[0,2,3,4,5,6,7,8,9,10,11,12,13,14,15,16,17,18,19,20,21,22,23,25,26,27,28,29,30,31,32,34,36,37,38,39,40,41,42,43,44,45,46,49,50,51,52,53,54,55,56,57,58,59,60,61,62,63,64,65,66,67,68,70,71,72,74,75,76,77,78,79,80,82,83,84,85,86,87,88,89,90,91,92,93,95,96,97,98,100,101,102,103,104,105,107,108,109,110,111,112,114,115,116,117,120,121,122,123,124,125,126,127,128,129,131,132,133,134,135,137,138,139,140,142,143,144,145,146,147,148,149,150,151,152,154,155,156,157,159,160,161,162,163,164,165,166,167,168,169,170,171,172,173,174,175,176,177,178,179,180,182,183,184,185,186,187,188,189,190,191,193,194,195,196,197,198,199,200,201,202,203,204,205,206,207,208,209,211,212,213,214,215,216,217,218,219,220,221,222,223,224,226,227,228,229,230,231,232,233,234,235,236,238,239,240,241,242,243,244,246,247,248,249,251,253,254,255,256,257,258,259,260,261,262,263,264,265,266,268,269,270,271,272,273,274,275,277,278,279,280,281,282,283,284,285,286,287,288,289,290,291,292,293,294,295,296,297,298,299,300,301,302,303,304,305,306,307,308,309,310,313,315,316,318,319,320,321,322,323],"0a704e229":[650,651,660,668,669,683,687,695,486,731,735],"0b1576af7":[360,376,413,457,478,480,490,502,509,513,515,523,525,550,573,582,590,607,634],"0bb23eef3":[325,336,340,341,24,359,362,368,47,373,389,390,391,69,400,406,94,419,423,426,428,433,118,438,119,449,450,452,455,461,464,469,474,475,481,482,484,492,494,181,505,506,512,517,519,522,530,225,532,539,542,237,245,250,551,554,560,565,566,568,589,601,608,610,615,616,621,624,625,629,314,317],"0bfd5af4a":[645,646,649,654,661,662,682,439,689,697,700,702,729],"0c3f72c93":[647,656,657,659,674,675,690,699,707,712,715,569,734],"0dcdb90bd":[648,664,670,676,684,686,692,698,704,709,713,555,720,723],"0f6f01934":[353,356,372,385,442,477,487,489,499,510,547,548,574,593,598,622],"0fd3d6815":[343,383,404,430,441,447,479,511,543,556,585,618,637]},"name":"40","importBase":"import","nativeBase":"native","debug":false,"isZip":false,"encrypted":false,"versions":{"import":[324,"89d7d","011644c91","5a1bb",326,"4be63",327,"06541",1,"d6224",328,"3675e",329,"944d6",330,"b0e89","04da2a9c5","c14dc","05f3a8d32","3c8e0",331,"7df8f","064411902","80862",332,"c94d6",333,"af5f5",334,"3bb74","0a704e229","416c4","0b1576af7","e4227",337,"2ff00","0bb23eef3","c678b","0bfd5af4a","f5a2f","0c3f72c93","e55ac",338,"b5992","0dcdb90bd","32b31",339,"0c9d3","0f6f01934","1d057","0fd3d6815","0e7cd",342,"f38fc",344,"f7c25",345,"e91ce",347,"f6a30",350,"a7ad9",351,"37787",352,"4a750",355,"e07db",358,"7f957",33,"3c368",35,"0c16f",363,"ebb55",364,"22373",365,"d7224",366,"413b8",367,"f8dcb",48,"b8658",369,"1bacb",370,"1bccf",371,"1fe00",375,"66105",377,"edb2d",378,"20550",379,"3a9a7",381,"f372c",382,"5516d",384,"72c32",386,"ea33e",388,"5b4fe",394,"4d57f",73,"79ce4",395,"5e5a8",397,"82e0a",398,"0216b",401,"787a6",402,"2a562",403,"9ae5d",405,"0653f",407,"56646",408,"25cf2",81,"b06ed",410,"8b5e0",411,"4cec8",412,"545af",414,"bfe58",415,"6e4f7",416,"b985d",417,"145c9",418,"9cdc1",420,"72d40",421,"b9780",99,"a8868",422,"f2ae0",424,"bb787",425,"50999",427,"5382f",106,"87fe9",429,"fc48c",431,"43447",432,"0a9c2",113,"1f882",434,"df5de",435,"3f18e",437,"92e05",443,"82996",444,"57546",445,"6f01d",446,"7c395",448,"b84a4",453,"96848",456,"c1308",130,"e51f4",458,"6a324",459,"36edf",460,"8e35c",462,"0826f",136,"e1add",463,"28ba0",465,"a8c72",141,"6e75c",467,"44b8f",468,"c7fa3",470,"918e6",471,"cdb06",473,"0cc7b",476,"3a5c5",153,"8f4b8",485,"c0cc0",488,"8469e",158,"feb18",491,"849e6",493,"77a63",495,"f8882",496,"02144",497,"05666",498,"0b004",500,"a26ba",507,"3b25c",508,"cf7cc",192,"5de73",514,"9e01d",516,"505d5",518,"546b1",520,"235c4",210,"561f2",521,"c2271",524,"7039f",526,"5e5be",527,"b3c52",528,"5674b",529,"54329",531,"96296",533,"19dde",535,"1fd6f",537,"b5a0c",538,"731bf",540,"882ca",541,"0c213",544,"b7e1e",545,"032a0",546,"e7380",549,"c0ea3",252,"c7184",552,"64fb0",553,"d9f94",557,"e0f1b",558,"04cd7",559,"df3f9",561,"6e805",562,"d4788",563,"6ef66",564,"415d2",567,"0d76f",571,"2db5b",572,"fbbe3",575,"81794",267,"21f9d",576,"236f1",578,"a4ea8",579,"ea899",580,"2704b",581,"ee301",583,"6d4e7",584,"b6182",586,"9334b",276,"36d05",587,"8a6ba",594,"dfd48",595,"0088a",596,"6c630",597,"ea772",599,"f46db",600,"74a7e",602,"09b3a",603,"dff02",604,"0d79c",605,"af7fd",606,"2fa53",609,"032aa",611,"8616d",612,"57e31",613,"13b01",614,"ddbf9",617,"fe5f0",619,"d4f9a",620,"132f4",623,"57d35",626,"49d6c",628,"b8e26",630,"a2326",311,"a643e",312,"a7979",633,"65707",635,"cddc4",636,"2bf2d",639,"38b06",640,"265bf",641,"5d0a5",642,"11cdd",643,"c2480"],"native":[0,"eda6a",1,"7c0d9",2,"afe46",3,"4061e",4,"bd4ad",5,"ca234",6,"e990d",7,"31b9a",8,"d16e3",9,"3ba75",336,"11e68",10,"b9f22",11,"65a41",12,"80997",13,"a5ee2",14,"b5967",15,"a96f5",16,"ba0a1",17,"a07b7",18,"f5604",19,"d7a5a",20,"22dfe",21,"db759",22,"44da7",23,"39c2b",24,"4e524",25,"3e3ca",26,"3d4ca",27,"1a626",28,"fc36c",29,"8296b",30,"dd1b7",31,"1f6d6",32,"1458a",33,"91bf2",34,"e3822",35,"734c8",36,"a7d90",37,"98706",38,"7d52f",39,"7f68c",40,"f9733",41,"355a1",42,"3365f",43,"edcbd",44,"41360",45,"ddddf",46,"e2a28",47,"5bcd5",48,"4cc0d",49,"acc65",50,"63bdd",51,"1afc2",52,"e0226",53,"04105",54,"f2a45",55,"d73d0",56,"0b029",57,"7a9cd",58,"69d94",59,"c62b8",60,"b8021",61,"4e4b8",62,"4cb28",63,"9a77d",64,"363dd",65,"ad89c",66,"2d0fd",67,"0a9cd",68,"3fd3e",69,"0d093",70,"bd886",71,"d950d",72,"66b7a",73,"c5190",74,"441e6",75,"d498c",76,"72c8c",77,"e9ed4",78,"a9c8f",79,"b0566",80,"f2065",81,"8830b",82,"d8a19",83,"a04a7",84,"0e4c8",85,"befb4",86,"6ca95",87,"2defc",88,"3998b",89,"85e4e",90,"d2206",91,"4b400",92,"709d4",93,"8abc0",94,"ca479",95,"bf8b4",96,"eb644",97,"34e7d",98,"82441",99,"66500",100,"4b5a5",101,"d33c1",102,"8e018",103,"25e3d",104,"d8e68",105,"e3504",106,"eb3ab",107,"84393",108,"8c3d4",109,"af901",110,"71084",111,"0b340",112,"feed3",113,"00e7b",114,"52f17",115,"12d10",116,"f6724",117,"3e33e",118,"0ac70",119,"bb585",120,"2506c",121,"1e9b9",122,"586e8",123,"82451",124,"351cb",125,"999cd",126,"480af",127,"e8615",128,"e6041",129,"009ae",130,"73249",131,"d0ebd",132,"b7346",133,"6812d",134,"42fb7",135,"5c2d6",136,"60e73",137,"6f143",138,"12883",139,"b9521",140,"548d0",141,"8240f",142,"bbd38",143,"f01ed",144,"3121f",145,"ad511",146,"d6978",147,"0b0b4",148,"941fe",149,"6a90a",150,"b2797",151,"57c62",152,"bf266",153,"2806e",154,"12c5c",155,"d494a",156,"c1680",157,"ae8e7",158,"cb4c6",159,"2a8dc",160,"c381f",161,"94524",162,"beb64",163,"42603",164,"0c491",165,"4300a",166,"ebc34",167,"58b22",168,"5bda6",169,"66d01",170,"e8451",171,"1ecf0",172,"4dcc5",173,"0f336",174,"b329c",175,"d3686",176,"c13d7",177,"c2ba2",178,"59aa9",179,"04363",180,"eff59",181,"bb3b5",182,"d174f",183,"27a83",184,"7e363",185,"e2a1a",186,"da65c",187,"4bef0",188,"e87b5",189,"85f17",190,"15e58",191,"65430",192,"c76ce",193,"e0206",194,"6bdf0",195,"7944d",196,"1c075",197,"67799",198,"f45fa",199,"ca16f",200,"9d4fb",201,"b8359",202,"62244",203,"c84cf",204,"d9daf",205,"b4032",206,"31b3c",517,"dc12d",207,"cf146",208,"73ad0",209,"00303",210,"56554",211,"7b623",212,"806c7",213,"ebd0b",214,"fe92e",215,"ece27",216,"94ef1",217,"dec22",218,"ac350",219,"ddaf5",220,"ff1e6",221,"f2aad",222,"9512c",223,"53aa2",224,"e9398",225,"75027",226,"9d1ac",227,"9cb98",228,"bced8",229,"a6ecc",230,"0f60d",231,"92ee4",232,"1ddab",233,"a3a78",234,"a96ca",235,"21925",236,"4dc97",237,"0616a",238,"6bb67",239,"c9f56",240,"4381c",241,"f8949",242,"41360",243,"84626",244,"2de4e",245,"d0842",246,"ac849",247,"94b92",248,"c178a",249,"b10e4",250,"2b166",251,"db6f6",252,"f1b04",253,"4fac2",254,"fdf07",255,"1eb83",256,"1e827",257,"bbcfd",258,"61670",259,"b63e4",260,"0443e",261,"2028a",262,"51208",263,"52d73",264,"d276c",265,"3b6b9",266,"1f267",267,"57e65",268,"18906",269,"7aeae",270,"f67ff",271,"f4cf5",272,"3cda1",273,"93318",274,"a3ebb",275,"f4aa0",276,"a2f19",277,"2632c",278,"becb2",279,"7ac07",280,"a76f7",281,"493f3",282,"f0894",283,"59dfb",284,"ad193",285,"13404",286,"d53e9",287,"c768d",288,"96dd8",289,"fe1a8",290,"a292f",291,"1f6d6",292,"ed959",608,"c229d",293,"5a52a",294,"870cd",295,"3c208",296,"46740",297,"92ff4",298,"93362",299,"cf42e",300,"62605",301,"44395",302,"7d0e9",303,"116a5",304,"4ac38",305,"1f3c0",306,"ef046",307,"e4164",308,"7e7ed",309,"05292",310,"8ad62",311,"f504d",312,"2c66a",313,"0fc17",314,"65f3b",315,"11d70",316,"410fe",317,"72bc9",318,"6fa53",319,"213ed",320,"11498",321,"d1937",322,"91176",323,"991b8"]}}