[1,["ecpdLyjvZBwrvm+cedCcQy","fb+iUJn3hKmaDve0XIibc+","71IDpytexP/Y7Z+1o8J6bD","7a/QZLET9IDreTiBfRn2PD","8cyYKM975L0543yI1La7bf","d7yoUF+6VJxY5lWCrfszjr"],["node","_textureSetter","root","data","_spriteFrame","_N$skeletonData","_N$file"],[["cc.Node",["_name","_groupIndex","_components","_prefab","_contentSize","_parent","_trs","_children"],1,9,4,5,1,7,2],["cc.PrefabInfo",["fileId","root"],2,1],"cc.SpriteFrame",["cc.Prefab",["_name"],2],["5f022iI5TRHjbhpA6ayJSbh",["node"],3,1],["cc.Label",["_string","_fontSize","_isSystemFontUsed","node","_materials","_N$file"],0,1,3,6],["51285Z3WLtLkq3nj7qtpTPH",["node"],3,1],["1d4ce28IO5Kw4d5hMM57gdA",["index","node"],2,1],["cc.Sprite",["_sizeMode","node","_materials","_spriteFrame"],2,1,3,6],["sp.Skeleton",["defaultSkin","defaultAnimation","_preCacheMode","_cacheMode","premultipliedAlpha","_animationName","node","_materials","_N$skeletonData"],-3,1,3,6],["cc.PolygonCollider",["node","points"],3,1,12]],[[1,0,1,2],[0,0,5,2,3,4,2],[3,0,2],[0,0,1,7,2,3,4,6,3],[0,0,5,2,3,4,6,2],[0,0,1,5,2,3,3],[4,0,1],[1,1,1],[5,0,1,2,3,4,5,4],[6,0,1],[7,0,1,2],[8,0,1,2,3,2],[9,0,1,2,3,4,5,6,7,8,7],[10,0,1,1]],[[[{"name":"fish_com_1","rect":[1,0,244,245],"offset":[0,0.5],"originalSize":[246,246],"capInsets":[0,0,0,0]}],[2],0,[0],[1],[1]],[[[2,"Fish100"],[3,"Fish100",2,[-3,-4,-5,-6],[[6,-2]],[7,-1],[5,270,270],[-310.714,-3.649,0,0,0,0,1,1,1,1]],[4,"text-export",1,[[8,"0",20,false,-7,[4],5],[9,-8],[10,3,-9]],[0,"bdYyJny5ZOxo8TRDRvmexm",1],[5,21.25,40],[0,-126.811,0,0,0,0,1,1,1,1]],[1,"aura",1,[[11,0,-10,[0],1]],[0,"e676ZdK6NP24T/ONaWPzVT",1],[5,340,340]],[1,"view",1,[[12,"default","animation_phai",1,1,false,"animation_phai",-11,[2],3]],[0,"e18evD6wdHJZu02xjrfOPE",1],[5,343.71,301.22]],[5,"colider",2,1,[[13,-12,[[[0,-51,35],[0,-59,-29],[0,-93,-36],[0,-94,-68],[0,-171,-107],[0,-147,-146],[0,145,-149],[0,172,-115],[0,114,-78],[0,135,-3],[0,107,18],[0,37,38],[0,73,131],[0,-97,118]],8,8,8,8,8,8,8,8,8,8,8,8,8,8]]],[0,"8deTXspZ5Ae77hd8/GGDfj",1]]],0,[0,2,1,0,0,1,0,-1,3,0,-2,4,0,-3,2,0,-4,5,0,0,2,0,0,2,0,0,2,0,0,3,0,0,4,0,0,5,0,3,1,12],[0,0,0,0,0,0],[-1,4,-1,5,-1,6],[0,2,3,4,0,5]]]]