[1,["ecpdLyjvZBwrvm+cedCcQy","7dQr43C9FIKYJuUN4lPmLU","c8aomo2M9JsqT19ajhoYUe","bdMGJtu0hNjaTgcEO/+vWZ","7f5b6cZPNE241LEJlfz0eX","1boAw7yhtAQb3kHctnvvdA","c1d73OjnJHULozIl4+0BHG","477F4t2sFPMJQoeJZazBnm","1f8zkAvlBGOZi+5nZMHP2p","e0qbEIk79Nh7H876NsOUGe","7atnkm+vtBk6Mvv8DBz46m","22IaKwT2RE/qMPJN9qwK5y"],["node","_spriteFrame","_N$file","root","_file","panelPoint","lbNickName","nodeBullet","_parent","data","_defaultClip","_textureSetter"],[["cc.Node",["_name","_groupIndex","_active","_prefab","_components","_contentSize","_parent","_trs","_children"],0,4,9,5,1,7,12],["cc.Node",["_name","_active","_parent","_components","_prefab","_contentSize","_trs","_children","_color"],1,1,2,4,5,7,2,5],["cc.PrefabInfo",["fileId","root","asset"],2,1,1],["cc.ParticleSystem",["_dstBlendFactor","_custom","totalParticles","emissionRate","life","lifeVar","angle","angleVar","startSize","startSizeVar","endSize","startSpin","_positionType","speed","speedVar","tangentialAccel","endSizeVar","node","_materials","_startColor","_startColorVar","_endColor","_endColorVar","_file","gravity"],-14,1,3,8,8,8,8,6,5],["cc.Sprite",["_type","_sizeMode","node","_materials","_spriteFrame"],1,1,3,6],["cc.Label",["_string","_fontSize","_isSystemFontUsed","node","_materials","_N$file"],0,1,3,6],"cc.SpriteFrame",["cc.ParticleAsset",["_name","_native"],1],["cc.Prefab",["_name"],2],["cc.Node",["_name","_active","_groupIndex","_parent","_children","_components","_prefab","_contentSize","_trs"],0,1,2,9,4,5,7],["cc.Node",["_name","_parent","_components","_prefab","_contentSize","_trs"],2,1,12,4,5,7],["e2a985N1XFLfrnAg4UxzIfB",["node","nodeBullet","lbNickName","panelPoint"],3,1,1,1,1],["1f1c0GXoFVABaUAtzzmOMF0",["node"],3,1],["cc.BoxCollider",["node","_size"],3,1,5],["cc.Animation",["playOnLoad","node","_clips","_defaultClip"],2,1,3,6],["51285Z3WLtLkq3nj7qtpTPH",["node"],3,1],["8be8esEk+RKfLsC/LbSleUI",["node","lbMoney"],3,1,1]],[[2,0,1,2,2],[4,2,3,4,1],[0,0,6,4,3,5,7,2],[7,0,1,3],[5,0,1,2,3,4,5,4],[8,0,2],[0,0,8,4,3,5,7,2],[0,0,6,3,7,2],[0,0,6,4,3,5,2],[0,0,1,6,4,3,5,3],[0,0,2,6,4,3,5,3],[9,0,1,2,3,4,5,6,7,8,4],[1,0,1,2,7,3,4,5,6,3],[1,0,2,3,4,8,5,6,2],[10,0,1,2,3,4,5,2],[2,1,2,1],[11,0,1,2,3,1],[3,0,1,2,3,4,5,6,7,8,9,10,16,11,12,13,14,15,17,18,19,20,21,22,24,23,18],[3,0,1,2,3,4,5,6,7,8,9,10,11,12,13,14,15,17,18,19,20,21,22,23,17],[12,0,1],[13,0,1,1],[4,0,1,2,3,4,3],[14,0,1,2,3,2],[5,0,1,2,3,4,4],[15,0,1],[16,0,1,1]],[[[[3,"bulletMatThan",".plist"],-1],0,0,[],[],[]],[[[5,"EyeOcean0"],[6,"EyeOcean0",[[[7,"BkgMatThan",-8,[0,"83RdrADo5ItbZVjVhagexZ",-7,0],[1.875,-7.741,0,0,0,0,1,1,1,1]],-9,-10,-11,-12],4,1,1,1,1],[[16,-5,-4,-3,-2],[17,1,true,200,100,0.7,0.7,-33,50,60,60,40,40,720,1,0,10,0,-6,[19],[4,4278255411],[4,4281532416],[4,0],[4,0],[0,0,500],20]],[15,-1,0],[5,134,105],[54.15,11.909,0,0,0,0,1,1,1,1]],[11,"bullet",false,1,1,[-16,-17],[[19,-13],[20,-14,[5,46,40]],[18,1,true,200,200,0.5,0.4,-33,50,20,20,10,720,1,0,5,0,-15,[8],[4,4278222743],[4,4281532416],[4,0],[4,0],9]],[0,"b0tlGm88BEv4EpuGTqg8Hn",1,0],[5,46,100],[148.385,62.195,0,0,0,0,1,0.6,0.6,1]],[12,"MatThan",false,1,[-19,-20,-21,-22],[-18],[0,"f3yUcjWoBJOKYR1M5o9dWt",1,0],[5,200,120],[-502.133,-220.513,0,0,0,0,1,1,1,1]],[8,"EyeOcean0 copy",1,[[1,-23,[0],1],[22,true,-24,[3],2]],[0,"a4sqQn70NGQbbPsAFJ1ZvT",1,0],[5,134,105]],[14,"FontNumberHit",3,[[[4,"0",20,false,-25,[17],18],-26],4,1],[0,"16hGKaMOlH9IW80xm60m3G",1,0],[5,20.5,40],[0,-43.811,0,0,0,0,1,1,1,1]],[9,"bullet",1,2,[[1,-27,[4],5]],[0,"79xTFbKKlDwp9T9owrpjcN",1,0],[5,81,71]],[10,"fish_net_1",false,2,[[1,-28,[6],7]],[0,"a5onMAA9ZLUKxdFwEcjnVQ",1,0],[5,167,168]],[13,"lbNickName",1,[-29],[0,"f4/orSU1tF2KHacVnXv4MV",1,0],[4,4278253055],[5,13.75,40],[3.132,-50.303,0,0,0,0,1,1,1,1]],[23,"...",20,false,8,[10]],[2,"bgnotify2",3,[[21,1,0,-30,[11],12]],[0,"d8kzojNP5J5L2QkvEZji8A",1,0],[5,200,70],[0,-22.858,0,0,0,0,1,1,1,1]],[2,"ArialB_YO-export",3,[[4,"Mắt Thần",25,false,-31,[13],14]],[0,"dcApMT0VdGMqwEBu+WYnQ8",1,0],[5,177.34,40],[-28.191,11.78,0,0,0,0,1,1,1,1]],[2,"SungLaser_Text",3,[[1,-32,[15],16]],[0,"b51al2WQNOAILVnQUUsJVu",1,0],[5,134,105],[85.179,21.337,0,0,0,0,1,0.7,0.7,1]],[24,5],[25,3,13]],0,[0,3,1,0,5,14,0,6,9,0,7,2,0,0,1,0,0,1,0,3,1,0,8,1,0,-2,4,0,-3,2,0,-4,8,0,-5,3,0,0,2,0,0,2,0,0,2,0,-1,6,0,-2,7,0,-1,14,0,-1,10,0,-2,11,0,-3,12,0,-4,5,0,0,4,0,0,4,0,0,5,0,-2,13,0,0,6,0,0,7,0,-1,9,0,0,10,0,0,11,0,0,12,0,9,1,32],[0,0,0,0,0,0,0,0,0,0,0,0,0,0,0,0,0,0,0,0,0,9],[-1,1,10,-1,-1,1,-1,1,-1,4,-1,-1,1,-1,2,-1,1,-1,2,-1,4,2],[0,1,2,2,0,3,0,4,0,5,0,0,6,0,7,0,1,0,8,0,9,10]],[[{"name":"netGold","rect":[0,0,167,168],"offset":[0,0],"originalSize":[167,168],"capInsets":[0,0,0,0]}],[6],0,[0],[11],[11]],[[[3,"BkgMatThan",".plist"],-1],0,0,[],[],[]]]]