[1,["15bf60f47","19522a661","1d32aaf85","9dR6yo2PpMbLAHgSxHNilp","5dOTdONApCq6zxnuf4JnTC","e1XXJoR35MWL6HaHI1c+3z","2alpXotW5F+pGHR1+6RQuL","00w0RdIplGeLfoT1wj3PZh","1bndTBsv1Et7HFdCdoJVu4","37BHwSD31NbK9oL4xsR96n","ed/YsgiAFBO77V0gOvVwmp","99c3gvifdPOqofsnUTAvDL","185kyf0zNIOZGa0a5GAFem","683vxmjAhKA6/42SHoD/ik","44QzlrHWhLt5AGH175WMbI","7eCcFcLrRLbLjoKr+55ftp","e4rmR5JSNG+pvkq9yuL7vt","84SSNSCe9AhImAZHsgEA2r","95Q2NxdEZGi7U1IKJ60rFx","150pGpAxtKlIpk3gwqvl4Z","d6IMzdzjVDG5JzxytQWdjA","420Ro7yttAzaZhxMOQop8p","918Xyw3V9BPZFpka03qxmZ","e930/BmZpDGJyNDti804kt","52SRBaFs1PX49WSUw5QvAH","36JFbheg1FVZJnSfyZKeNH","5eD7Y2eFRC2af2kKwydrJ+","74BnKdvB5HxII5Yrt0lQzL","4cztt1G9FKJrEjBQ0msReF","1bhA1dd3xAdJI1ZtGcIdHP","7fUUPxmxxH+puqyWACbWs0","1ej1uO1ZNEP7dJAr/DMgdD","b9Bn9eOn1JiZ9MklZdsOxR","bez4kb+HlAO7iboVgDqhqe","depHHLPVBGcoBwa1xIFklS","01lCfL+/ZMfZPcB1LlawwV","66CPOnAedHiaqV/LgifXk9","c4/Qhbw5RFPb6e7dEemoS2","20OZF/Mb9JM71sjvJyaI9M","f5Nxq8NBlCkoK7yLKhWCfc","6cRFVm3jdETIb9Ux6Pw+/I","cfcqCmlcdIGbB9ozAnY8rb","84XDkxO99AtJ5C/C8vSInf","61Ds51FWRF67WhaZYERKvT","18d+fl2EtBdI34vQ1JF/fI","89LLx4Rw9Hv4cbfYxgXdee","5amkwR7yxJvJcUtSAo4IxA","c0ySuwUDJE+JZ0U/1NTVqC","3fBZfBz7JOkKmunaWKBI1E","aa0jzxry9AcaCph1U0D6hK","0e+ywnBCJEx6LJ5fjeC6tV","328oOwyolFgYk8fhs05Y+a","69jwde4VxEgoJXZj6gbRTq","f4IUmyFAZOqKB/wqNZpht6","00ZRMnrmtOS5CECpyl6795","ac0/ycc9ZH+IQ6fQ12/l7P","86WIxUNF9PioHsE+g8dpSu","8bPeHS1ZRB0p/wVkEJhSFe","09ljacJwNA/aiLPIRv/sme","91POU8l8JI0YEMqa3CJIpX","80CaFjy3NOkKXDQXiNISEc","cfHfZY545Ly6YeVe9s7xvC","d7NpFG/o9B76PtynL2UJSY","212Uu73TBL54SRv4szuta5","f3evQW+7xLG4VEXKVMj8Iz","c2syHT80JO1KCpOJz9G/jl","e3oh1/nldIS4C8gdJvy/Zx","abt9stbMJLyovslQc/De5Q","80aKq5p6ZOiqzm8EmKjcRO","e0QOgKYoBH3o+9unfUOkYO","38QrNjR7RA551FQWlFFj6M","895xpePHZJDqD7ywpxDpHd","1bebba2bd"],["value","_textureSetter"],["cc.SpriteFrame",["cc.AnimationClip",["_name","_duration","sample","curveData"],0,11]],[[1,0,1,2,3,4]],[[[{"name":"ib_vfx_b_screen_19","rect":[1,1,324,104],"offset":[0,0],"originalSize":[324,104],"capInsets":[0,0,0,0]}],[0],0,[0],[1],[0]],[[{"name":"ib_vfx_b_screen_00","rect":[327,1,324,104],"offset":[0,0],"originalSize":[324,104],"capInsets":[0,0,0,0]}],[0],0,[0],[1],[0]],[[{"name":"ib_vfx_b_screen_23","rect":[653,1,324,104],"offset":[0,0],"originalSize":[324,104],"capInsets":[0,0,0,0]}],[0],0,[0],[1],[0]],[[{"name":"ib_vfx_b_screen_15","rect":[1,107,324,104],"offset":[0,0],"originalSize":[324,104],"capInsets":[0,0,0,0]}],[0],0,[0],[1],[0]],[[{"name":"ib_vfx_f_add_05","rect":[1,1,218,123],"offset":[0,0],"originalSize":[218,123],"capInsets":[0,0,0,0]}],[0],0,[0],[1],[1]],[[{"name":"ib_vfx_b_screen_09","rect":[327,107,324,104],"offset":[0,0],"originalSize":[324,104],"capInsets":[0,0,0,0]}],[0],0,[0],[1],[0]],[[{"name":"ib_vfx_f_add_15","rect":[221,1,218,123],"offset":[0,0],"originalSize":[218,123],"capInsets":[0,0,0,0]}],[0],0,[0],[1],[1]],[[{"name":"ib_vfx_f_add_17","rect":[441,1,218,123],"offset":[0,0],"originalSize":[218,123],"capInsets":[0,0,0,0]}],[0],0,[0],[1],[1]],[[{"name":"ib_vfx_b_screen_03","rect":[653,107,324,104],"offset":[0,0],"originalSize":[324,104],"capInsets":[0,0,0,0]}],[0],0,[0],[1],[0]],[[{"name":"ib_vfx_e_add_00","rect":[1,1,432,117],"offset":[0,0],"originalSize":[432,117],"rotated":1,"capInsets":[0,0,0,0]}],[0],0,[0],[1],[2]],[[[0,"InfoBarTakeMoney",1.36,25,[{},"paths",11,[{"ib_vfx_d_screen":{"props":{"opacity":[{"frame":0,"value":0},{"frame":0.08,"value":255}]}}},"ib_vfx_b_screen_00",11,[{},"comps",11,[{},"cc.Sprite",11,[{},"spriteFrame",12,[[[{"frame":0},"value",6,0],[{"frame":0.04},"value",6,1],[{"frame":0.08},"value",6,2],[{"frame":0.12},"value",6,3],[{"frame":0.16},"value",6,4],[{"frame":0.2},"value",6,5],[{"frame":0.24},"value",6,6],[{"frame":0.28},"value",6,7],[{"frame":0.32},"value",6,8],[{"frame":0.36},"value",6,9],[{"frame":0.4},"value",6,10],[{"frame":0.44},"value",6,11],[{"frame":0.48},"value",6,12],[{"frame":0.52},"value",6,13],[{"frame":0.56},"value",6,14],[{"frame":0.6},"value",6,15],[{"frame":0.64},"value",6,16],[{"frame":0.68},"value",6,17],[{"frame":0.72},"value",6,18],[{"frame":0.76},"value",6,19],[{"frame":0.8},"value",6,20],[{"frame":0.84},"value",6,21],[{"frame":0.88},"value",6,22],[{"frame":0.92},"value",6,23],[{"frame":0.96},"value",6,24],[{"frame":1},"value",6,25],[{"frame":1.04},"value",6,26],[{"frame":1.08},"value",6,27],{"frame":1.12,"value":null}],11,11,11,11,11,11,11,11,11,11,11,11,11,11,11,11,11,11,11,11,11,11,11,11,11,11,11,11,0]]]],"ib_vfx_c_add_00",11,[{},"comps",11,[{},"cc.Sprite",11,[{},"spriteFrame",12,[[[{"frame":0},"value",6,28],[{"frame":0.04},"value",6,29],[{"frame":0.08},"value",6,30],[{"frame":0.12},"value",6,31],[{"frame":0.16},"value",6,32],[{"frame":0.2},"value",6,33],[{"frame":0.24},"value",6,34],[{"frame":0.28},"value",6,35],[{"frame":0.32},"value",6,36],[{"frame":0.36},"value",6,37],[{"frame":0.4},"value",6,38],[{"frame":0.44},"value",6,39],[{"frame":0.48},"value",6,40],[{"frame":0.52},"value",6,41],[{"frame":0.56},"value",6,42],[{"frame":0.6},"value",6,43],[{"frame":0.64},"value",6,44],[{"frame":0.68},"value",6,45],[{"frame":0.72},"value",6,46],[{"frame":0.76},"value",6,47],[{"frame":0.8},"value",6,48],[{"frame":0.84},"value",6,49],[{"frame":0.88},"value",6,50],[{"frame":0.92},"value",6,51],[{"frame":0.96},"value",6,52],[{"frame":1},"value",6,53],[{"frame":1.04},"value",6,54],[{"frame":1.08},"value",6,55],[{"frame":1.12},"value",6,56],[{"frame":1.16},"value",6,57],[{"frame":1.2},"value",6,58],[{"frame":1.24},"value",6,59],[{"frame":1.28},"value",6,60],{"frame":1.32,"value":null}],11,11,11,11,11,11,11,11,11,11,11,11,11,11,11,11,11,11,11,11,11,11,11,11,11,11,11,11,11,11,11,11,11,0]]]],"ib_vfx_e_add_00",11,[{},"comps",11,[{},"cc.Sprite",11,[{},"spriteFrame",12,[[[{"frame":0},"value",6,61],[{"frame":0.04},"value",6,62],[{"frame":0.08},"value",6,63],[{"frame":0.12},"value",6,64],[{"frame":0.16},"value",6,65],[{"frame":0.2},"value",6,66],[{"frame":0.24},"value",6,67],[{"frame":0.28},"value",6,68],[{"frame":0.32},"value",6,69]],11,11,11,11,11,11,11,11,11]]]],"ib_vfx_f_add_00 copy",11,[{},"comps",11,[{},"cc.Sprite",11,[{},"spriteFrame",12,[[[{"frame":0},"value",6,70],[{"frame":0.04},"value",6,71],[{"frame":0.08},"value",6,72],[{"frame":0.12},"value",6,73],[{"frame":0.16},"value",6,74],[{"frame":0.2},"value",6,75],[{"frame":0.24},"value",6,76],[{"frame":0.28},"value",6,77],[{"frame":0.32},"value",6,78],[{"frame":0.36},"value",6,79],[{"frame":0.4},"value",6,80],[{"frame":0.44},"value",6,81],[{"frame":0.48},"value",6,82],[{"frame":0.52},"value",6,83],[{"frame":0.56},"value",6,84],[{"frame":0.6},"value",6,85],[{"frame":0.64},"value",6,86],[{"frame":0.68},"value",6,87],[{"frame":0.72},"value",6,88],[{"frame":0.76},"value",6,89],[{"frame":0.8},"value",6,90]],11,11,11,11,11,11,11,11,11,11,11,11,11,11,11,11,11,11,11,11,11]]]],"ib_vfx_f_add_00",11,[{},"comps",11,[{},"cc.Sprite",11,[{},"spriteFrame",12,[[[{"frame":0},"value",6,91],[{"frame":0.04},"value",6,92],[{"frame":0.08},"value",6,93],[{"frame":0.12},"value",6,94],[{"frame":0.16},"value",6,95],[{"frame":0.2},"value",6,96],[{"frame":0.24},"value",6,97],[{"frame":0.28},"value",6,98],[{"frame":0.32},"value",6,99],[{"frame":0.36},"value",6,100],[{"frame":0.4},"value",6,101],[{"frame":0.44},"value",6,102],[{"frame":0.48},"value",6,103],[{"frame":0.52},"value",6,104],[{"frame":0.56},"value",6,105],[{"frame":0.6},"value",6,106],[{"frame":0.64},"value",6,107],[{"frame":0.68},"value",6,108],[{"frame":0.72},"value",6,109],[{"frame":0.76},"value",6,110],[{"frame":0.8},"value",6,111]],11,11,11,11,11,11,11,11,11,11,11,11,11,11,11,11,11,11,11,11,11]]]],"ParrentMOney",11,[{},"props",11,[{},"scale",12,[[[{"frame":0},"value",8,[0,1,1]],[{"frame":0.16},"value",8,[0,1.2,1.2]],[{"frame":0.32},"value",8,[0,1,1]]],11,11,11]]]]]]],0,0,[0,0,0,0,0,0,0,0,0,0,0,0,0,0,0,0,0,0,0,0,0,0,0,0,0,0,0,0,0,0,0,0,0,0,0,0,0,0,0,0,0,0,0,0,0,0,0,0,0,0,0,0,0,0,0,0,0,0,0,0,0,0,0,0,0,0,0,0,0,0,0,0,0,0,0,0,0,0,0,0,0,0,0,0,0,0,0,0,0,0,0,0,0,0,0,0,0,0,0,0,0,0,0,0,0,0,0,0,0,0,0,0],[0,0,0,0,0,0,0,0,0,0,0,0,0,0,0,0,0,0,0,0,0,0,0,0,0,0,0,0,0,0,0,0,0,0,0,0,0,0,0,0,0,0,0,0,0,0,0,0,0,0,0,0,0,0,0,0,0,0,0,0,0,0,0,0,0,0,0,0,0,0,0,0,0,0,0,0,0,0,0,0,0,0,0,0,0,0,0,0,0,0,0,0,0,0,0,0,0,0,0,0,0,0,0,0,0,0,0,0,0,0,0,0],[35,36,37,38,39,40,41,42,43,44,45,46,47,48,49,50,51,52,53,54,55,56,57,58,59,60,61,62,3,4,5,6,7,8,9,10,11,12,13,3,4,5,6,7,8,9,10,11,12,13,3,4,5,6,7,8,9,10,11,12,13,63,64,65,66,67,68,69,70,71,14,15,16,17,18,19,20,21,22,23,24,25,26,27,28,29,30,31,32,33,34,14,15,16,17,18,19,20,21,22,23,24,25,26,27,28,29,30,31,32,33,34]],[[{"name":"ib_vfx_b_screen_16","rect":[1,213,324,104],"offset":[0,0],"originalSize":[324,104],"capInsets":[0,0,0,0]}],[0],0,[0],[1],[0]],[[{"name":"ib_vfx_f_add_11","rect":[661,1,218,123],"offset":[0,0],"originalSize":[218,123],"rotated":1,"capInsets":[0,0,0,0]}],[0],0,[0],[1],[1]],[[{"name":"ib_vfx_e_add_07","rect":[1,435,432,117],"offset":[0,0],"originalSize":[432,117],"rotated":1,"capInsets":[0,0,0,0]}],[0],0,[0],[1],[2]],[[{"name":"ib_vfx_b_screen_13","rect":[327,213,324,104],"offset":[0,0],"originalSize":[324,104],"capInsets":[0,0,0,0]}],[0],0,[0],[1],[0]],[[{"name":"ib_vfx_f_add_07","rect":[1,126,218,123],"offset":[0,0],"originalSize":[218,123],"capInsets":[0,0,0,0]}],[0],0,[0],[1],[1]],[[{"name":"ib_vfx_f_add_00","rect":[221,126,218,123],"offset":[0,0],"originalSize":[218,123],"capInsets":[0,0,0,0]}],[0],0,[0],[1],[1]],[[{"name":"ib_vfx_f_add_14","rect":[441,126,218,123],"offset":[0,0],"originalSize":[218,123],"capInsets":[0,0,0,0]}],[0],0,[0],[1],[1]],[[{"name":"ib_vfx_f_add_10","rect":[1,251,218,123],"offset":[0,0],"originalSize":[218,123],"capInsets":[0,0,0,0]}],[0],0,[0],[1],[1]],[[{"name":"ib_vfx_b_screen_11","rect":[653,213,324,104],"offset":[0,0],"originalSize":[324,104],"capInsets":[0,0,0,0]}],[0],0,[0],[1],[0]],[[{"name":"ib_vfx_f_add_12","rect":[221,251,218,123],"offset":[0,0],"originalSize":[218,123],"capInsets":[0,0,0,0]}],[0],0,[0],[1],[1]],[[{"name":"ib_vfx_b_screen_08","rect":[1,319,324,104],"offset":[0,0],"originalSize":[324,104],"capInsets":[0,0,0,0]}],[0],0,[0],[1],[0]],[[{"name":"ib_vfx_b_screen_01","rect":[327,319,324,104],"offset":[0,0],"originalSize":[324,104],"capInsets":[0,0,0,0]}],[0],0,[0],[1],[0]],[[{"name":"ib_vfx_b_screen_17","rect":[653,319,324,104],"offset":[0,0],"originalSize":[324,104],"capInsets":[0,0,0,0]}],[0],0,[0],[1],[0]],[[{"name":"ib_vfx_b_screen_05","rect":[1,425,324,104],"offset":[0,0],"originalSize":[324,104],"capInsets":[0,0,0,0]}],[0],0,[0],[1],[0]],[[{"name":"ib_vfx_f_add_13","rect":[441,251,218,123],"offset":[0,0],"originalSize":[218,123],"capInsets":[0,0,0,0]}],[0],0,[0],[1],[1]],[[{"name":"ib_vfx_f_add_01","rect":[661,221,218,123],"offset":[0,0],"originalSize":[218,123],"rotated":1,"capInsets":[0,0,0,0]}],[0],0,[0],[1],[1]],[[{"name":"ib_vfx_f_add_16","rect":[1,376,218,123],"offset":[0,0],"originalSize":[218,123],"capInsets":[0,0,0,0]}],[0],0,[0],[1],[1]],[[{"name":"ib_vfx_b_screen_25","rect":[327,425,324,104],"offset":[0,0],"originalSize":[324,104],"capInsets":[0,0,0,0]}],[0],0,[0],[1],[0]],[[{"name":"ib_vfx_e_add_05","rect":[1,869,432,117],"offset":[0,0],"originalSize":[432,117],"capInsets":[0,0,0,0]}],[0],0,[0],[1],[2]],[[{"name":"ib_vfx_f_add_03","rect":[221,376,218,123],"offset":[0,0],"originalSize":[218,123],"capInsets":[0,0,0,0]}],[0],0,[0],[1],[1]],[[{"name":"ib_vfx_b_screen_07","rect":[653,425,324,104],"offset":[0,0],"originalSize":[324,104],"capInsets":[0,0,0,0]}],[0],0,[0],[1],[0]],[[{"name":"ib_vfx_b_screen_21","rect":[1,531,324,104],"offset":[0,0],"originalSize":[324,104],"capInsets":[0,0,0,0]}],[0],0,[0],[1],[0]],[[{"name":"ib_vfx_b_screen_10","rect":[327,531,324,104],"offset":[0,0],"originalSize":[324,104],"capInsets":[0,0,0,0]}],[0],0,[0],[1],[0]],[[{"name":"ib_vfx_e_add_08","rect":[120,1,432,117],"offset":[0,0],"originalSize":[432,117],"rotated":1,"capInsets":[0,0,0,0]}],[0],0,[0],[1],[2]],[[{"name":"ib_vfx_b_screen_22","rect":[653,531,324,104],"offset":[0,0],"originalSize":[324,104],"capInsets":[0,0,0,0]}],[0],0,[0],[1],[0]],[[{"name":"ib_vfx_b_screen_24","rect":[1,637,324,104],"offset":[0,0],"originalSize":[324,104],"capInsets":[0,0,0,0]}],[0],0,[0],[1],[0]],[[{"name":"ib_vfx_f_add_08","rect":[441,376,218,123],"offset":[0,0],"originalSize":[218,123],"capInsets":[0,0,0,0]}],[0],0,[0],[1],[1]],[[{"name":"ib_vfx_f_add_04","rect":[1,501,218,123],"offset":[0,0],"originalSize":[218,123],"capInsets":[0,0,0,0]}],[0],0,[0],[1],[1]],[[{"name":"ib_vfx_b_screen_14","rect":[327,637,324,104],"offset":[0,0],"originalSize":[324,104],"capInsets":[0,0,0,0]}],[0],0,[0],[1],[0]],[[{"name":"ib_vfx_e_add_04","rect":[120,435,432,117],"offset":[0,0],"originalSize":[432,117],"rotated":1,"capInsets":[0,0,0,0]}],[0],0,[0],[1],[2]],[[{"name":"ib_vfx_b_screen_20","rect":[653,637,324,104],"offset":[0,0],"originalSize":[324,104],"capInsets":[0,0,0,0]}],[0],0,[0],[1],[0]],[[{"name":"ib_vfx_f_add_18","rect":[221,501,218,123],"offset":[0,0],"originalSize":[218,123],"capInsets":[0,0,0,0]}],[0],0,[0],[1],[1]],[[{"name":"ib_vfx_f_add_19","rect":[441,501,218,123],"offset":[0,0],"originalSize":[218,123],"capInsets":[0,0,0,0]}],[0],0,[0],[1],[1]],[[{"name":"ib_vfx_b_screen_12","rect":[1,743,324,104],"offset":[0,0],"originalSize":[324,104],"capInsets":[0,0,0,0]}],[0],0,[0],[1],[0]],[[{"name":"ib_vfx_e_add_02","rect":[239,1,432,117],"offset":[0,0],"originalSize":[432,117],"rotated":1,"capInsets":[0,0,0,0]}],[0],0,[0],[1],[2]],[[{"name":"ib_vfx_b_screen_02","rect":[327,743,324,104],"offset":[0,0],"originalSize":[324,104],"capInsets":[0,0,0,0]}],[0],0,[0],[1],[0]],[[{"name":"ib_vfx_b_screen_26","rect":[653,743,324,104],"offset":[0,0],"originalSize":[324,104],"capInsets":[0,0,0,0]}],[0],0,[0],[1],[0]],[[{"name":"ib_vfx_b_screen_06","rect":[1,849,324,104],"offset":[0,0],"originalSize":[324,104],"capInsets":[0,0,0,0]}],[0],0,[0],[1],[0]],[[{"name":"ib_vfx_f_add_06","rect":[661,441,218,123],"offset":[0,0],"originalSize":[218,123],"rotated":1,"capInsets":[0,0,0,0]}],[0],0,[0],[1],[1]],[[{"name":"ib_vfx_b_screen_27","rect":[327,849,324,104],"offset":[0,0],"originalSize":[324,104],"capInsets":[0,0,0,0]}],[0],0,[0],[1],[0]],[[{"name":"ib_vfx_f_add_20","rect":[1,626,218,123],"offset":[0,0],"originalSize":[218,123],"capInsets":[0,0,0,0]}],[0],0,[0],[1],[1]],[[{"name":"ib_vfx_e_add_06","rect":[239,435,432,117],"offset":[0,0],"originalSize":[432,117],"rotated":1,"capInsets":[0,0,0,0]}],[0],0,[0],[1],[2]],[[{"name":"ib_vfx_e_add_03","rect":[358,1,432,117],"offset":[0,0],"originalSize":[432,117],"rotated":1,"capInsets":[0,0,0,0]}],[0],0,[0],[1],[2]],[[{"name":"ib_vfx_f_add_02","rect":[221,626,218,123],"offset":[0,0],"originalSize":[218,123],"capInsets":[0,0,0,0]}],[0],0,[0],[1],[1]],[[{"name":"ib_vfx_f_add_09","rect":[441,626,218,123],"offset":[0,0],"originalSize":[218,123],"capInsets":[0,0,0,0]}],[0],0,[0],[1],[1]],[[{"name":"ib_vfx_e_add_01","rect":[358,435,432,117],"offset":[0,0],"originalSize":[432,117],"rotated":1,"capInsets":[0,0,0,0]}],[0],0,[0],[1],[2]],[[{"name":"ib_vfx_b_screen_18","rect":[653,849,324,104],"offset":[0,0],"originalSize":[324,104],"capInsets":[0,0,0,0]}],[0],0,[0],[1],[0]],[[{"name":"ib_vfx_b_screen_04","rect":[1,1,324,104],"offset":[0,0],"originalSize":[324,104],"rotated":1,"capInsets":[0,0,0,0]}],[0],0,[0],[1],[72]]]]