[1,["523NtPsN5GlrCgr5boOBfS","9fHJR8erdNJoTKsiJFm2AX","68SqySrFxAKI3N4ED24tPe","03Q3tNgfhACKLEG0H4XIGv","b9eIn/w59GXq7d+YomQVCa","1fEWzak7hIzbvyQocMDIJL","bac75Y1AdKqrDQjFUUC4Q6","16ywTzbyBGfooKz+MOwW88","03NKcPm2tEhaYDN58zej/t","75rjmPUeNDvK+F+W5PHQ5z","28bzmSRihJh5KcWx3huFpr","1eBkxcx91MQrwC3R8hExVJ","2bm8tm6VlJRolvbqaFuWqZ","9bLY+KWoRMA6c5KRE8iIiT","61LuK9IFhFkJ7YgdyRkq5T","9fwRvcI6dEVpnVXpLY2IDX","fdQHGJqVhD7LgHY8U7K4UV","7dNGBoCglJhJGo3HvpHAM/","e2BA4BjChCBrTfrVqcVf51","03bXhy67JNLKYkiZO9yxVH","6dSOY144pFyKBZWBgvp2QC","6e9BNhT3JPt7Di2QrvA70M","35pVbHcBNOD7s69KP+25NB","005QLF15RD5pcl88Pu8Xla","5fxunlgP1LDqB1kMtpkNpA","a2QSUR2C1AJ5wxbw+JB69r","f10Qptu/NJsZZBtHIG2cKD","b4rHlT2oRCkZ7toe2QXkaC","f161Wz/O9BkK0D+jG/3FQa","9ccBeucbhC8Z9WTIJQDsi1","35RziGCCRMXb5WMhej0zSN","8226M2txVK2q8fGtLbQbGh","3fiiCYXm9DJqP7tiOUQOWT","d7Df1GTbxNU5HJ0PttD+cI","e6s0SGNWhMM799vyVy1AUc","a9AZoD5t5EOZiGZWu5LR0k","4fA8jYETdMTIstKPx2K8iq","8ezVMkv1hC169YSn96CO8d","1f/nwMG3dISrGGAO+LS4db","6bmScTYOtKUZwcyBrDrCJc","7cD7KorhxCtKIwdkn+IcyH","4aoeWaCJNL7rz9QDPWmfkZ","b2cEAboalBnrVk0Q9OIMgy","43W2ouU2lDzKFZuCguBHDh","0188ohO95BNKPYgOVi5j4m","b4WrOnVstE97Z1NgnJrzRu","67r+9CoaJJuKXSvlTpBUGE","56dFoLn8lLuaoMP3W/av4F","e7K9v66/xEOZvanD9KdzQ5","8c8H45RQFPLKV96GSGULVR","1aeiHroHhGtoa/vb4FxjvM","eakobOO3NFR5AVZzznKcJl","31SCon0TlEPpiAVQjGjAmN","77TBUMf5xB+ZHrvQozQeNC","69DUoOCRtP2rzPU0KUdlqk","c2ANzz6v5DWoGlY4s8I49Q","1dp5Q2+ZhChI0uvOk8FgOy","85lphmE95Etb0Sr0M95/XV","feY6KKOvRJC7q+pdByVUhS","10F0X5l3RDQ4j0T+af8UFb","baT6iBf3FFV6te8eyr9gyS","02p71hjyZOj5dHWFcqd6ON","4cxxTFEn1Le6X6Cea+6ZJC","5f9Gpe5B5N1I7IMVWHyv0u","201tliTnRONZdOtvbUZKU7","6d0p7X8ZtLhJWXQQP64Nxx","0dbPS8E+JME6yTOij9Xuok","21TbluqPtMO6KsStYnMOgL","90e2zjPjNE+I8+hXUVBcL7","e7m9kgGwdFAJmBakztHsYT","4enT3cV4RKQ5t3foVKaWIe","c5+/Mb/G5Fs4ImEx4QOc6r","2ctDGLFuBBh61aIPa7skWj","dd/x8Wk5pFdI29Rqx0Seh1","85IuKwE9VCRIeq6Ch7MbHg","1eozcuIhRIZKowBqn0LMvF","36J1x9ENRNtrlHcPunuSDy","37mJ8QGU1ErIvG5/tldsvl","d7R0puk49A/ZlpR6yyaq4E"],["_textureSetter","100K","10K","10M","1K","1M","20M","500K","50K","50M","5M","allIn","bgSoiCau","bgchen","black","boderChat2","boderNhoCopy","borderSoiCau","boxchat","boxinside2","btn","btn2","btnHuyOn","btnNut5","btnNut6","buttonGui","bxh","chat","daDatCuocOffCopy","daDatCuocOffCopy4","daDatCuocOn221Copy2","daDatCuocOn22Copy","datCuoc","dauBang","dauhoi","ellipse6","group44","huy","icPlus02","icTopexit","icXingau1","icXingau2","icXingau3","iconNew","icon_new","iconmember","iconmember2","info","invalidName","line1","line2","line3","line5","lsc","md5","member","member2","nan","nanDisable","nanDisableBlack","oHienThiMd5","rectangle5","swap","tTI","tXU","table","tai","taiden","thongKe","to","x","xiNgau1","xiNgau2","xiNgau3","xiNgau4","xiNgau5","xiNgau6","xiu","xiutrang"],["cc.SpriteFrame",["cc.SpriteAtlas",["_name","_spriteFrames"],2,11]],[[1,0,1,2]],[[[{"name":"btnNut5","rect":[825,1242,26,26],"offset":[0,0],"originalSize":[26,26],"capInsets":[0,0,0,0]}],[0],0,[0],[0],[0]],[[{"name":"icon_new","rect":[1019,1540,49,49],"offset":[0,0],"originalSize":[49,49],"capInsets":[0,0,0,0]}],[0],0,[0],[0],[0]],[[{"name":"10M","rect":[927,1989,95,58],"offset":[0,0],"originalSize":[95,58],"capInsets":[0,0,0,0]}],[0],0,[0],[0],[0]],[[{"name":"boxinside2","rect":[749,1752,135,114],"offset":[0,0],"originalSize":[135,114],"capInsets":[27,19,24,24]}],[0],0,[0],[0],[0]],[[{"name":"nanDisableBlack","rect":[1014,1211,65,65],"offset":[0,0],"originalSize":[65,65],"capInsets":[0,0,0,0]}],[0],0,[0],[0],[0]],[[{"name":"line2","rect":[0,2042,55,3],"offset":[0,0],"originalSize":[55,3],"capInsets":[0,0,0,0]}],[0],0,[0],[0],[0]],[[{"name":"member2","rect":[304,1768,74,29],"offset":[0,0],"originalSize":[74,29],"capInsets":[0,0,0,0]}],[0],0,[0],[0],[0]],[[{"name":"xiNgau5","rect":[749,1434,152,159],"offset":[0,0],"originalSize":[152,159],"capInsets":[0,0,0,0]}],[0],0,[0],[0],[0]],[[{"name":"icPlus02","rect":[1022,1408,63,62],"offset":[0,0],"originalSize":[63,62],"capInsets":[0,0,0,0]}],[0],0,[0],[0],[0]],[[{"name":"xiNgau2","rect":[729,1271,155,162],"offset":[0,0],"originalSize":[155,162],"capInsets":[0,0,0,0]}],[0],0,[0],[0],[0]],[[{"name":"line5","rect":[0,2038,55,3],"offset":[0,0],"originalSize":[55,3],"capInsets":[0,0,0,0]}],[0],0,[0],[0],[0]],[[{"name":"daDatCuocOn221Copy2","rect":[516,1971,147,31],"offset":[0,0],"originalSize":[147,31],"capInsets":[0,0,0,0]}],[0],0,[0],[0],[0]],[[{"name":"btnHuyOn","rect":[416,1335,169,64],"offset":[0,0],"originalSize":[169,64],"capInsets":[0,0,0,0]}],[0],0,[0],[0],[0]],[[{"name":"xiNgau6","rect":[749,1594,150,157],"offset":[0,0],"originalSize":[150,157],"capInsets":[0,0,0,0]}],[0],0,[0],[0],[0]],[[{"name":"iconNew","rect":[582,2003,46,44],"offset":[0,0],"originalSize":[46,44],"capInsets":[0,0,0,0]}],[0],0,[0],[0],[0]],[[{"name":"swap","rect":[303,1832,86,53],"offset":[0,0],"originalSize":[86,53],"capInsets":[0,0,0,0]}],[0],0,[0],[0],[0]],[[{"name":"group44","rect":[560,944,105,61],"offset":[0,0],"originalSize":[105,61],"capInsets":[0,0,0,0]}],[0],0,[0],[0],[0]],[[{"name":"info","rect":[1019,1474,65,65],"offset":[0,0],"originalSize":[65,65],"capInsets":[0,0,0,0]}],[0],0,[0],[0],[0]],[[{"name":"btnNut6","rect":[749,1909,26,26],"offset":[0,0],"originalSize":[26,26],"capInsets":[0,0,0,0]}],[0],0,[0],[0],[0]],[[{"name":"tTI","rect":[416,1269,187,65],"offset":[0,0],"originalSize":[187,65],"capInsets":[0,0,0,0]}],[0],0,[0],[0],[0]],[[{"name":"black","rect":[900,1594,128,128],"offset":[0,0],"originalSize":[128,128],"capInsets":[0,0,0,0]}],[0],0,[0],[0],[0]],[[[0,"Alats1.plist",[{},"100K",6,0,"10K",6,1,"10M",6,2,"1K",6,3,"1M",6,4,"20M",6,5,"500K",6,6,"50K",6,7,"50M",6,8,"5M",6,9,"allIn",6,10,"bgSoiCau",6,11,"bgchen",6,12,"black",6,13,"boderChat2",6,14,"boderNhoCopy",6,15,"borderSoiCau",6,16,"boxchat",6,17,"boxinside2",6,18,"btn",6,19,"btn2",6,20,"btnHuyOn",6,21,"btnNut5",6,22,"btnNut6",6,23,"buttonGui",6,24,"bxh",6,25,"chat",6,26,"daDatCuocOffCopy",6,27,"daDatCuocOffCopy4",6,28,"daDatCuocOn221Copy2",6,29,"daDatCuocOn22Copy",6,30,"datCuoc",6,31,"dauBang",6,32,"dauhoi",6,33,"ellipse6",6,34,"group44",6,35,"huy",6,36,"icPlus02",6,37,"icTopexit",6,38,"icXingau1",6,39,"icXingau2",6,40,"icXingau3",6,41,"iconNew",6,42,"icon_new",6,43,"iconmember",6,44,"iconmember2",6,45,"info",6,46,"invalidName",6,47,"line1",6,48,"line2",6,49,"line3",6,50,"line5",6,51,"lsc",6,52,"md5",6,53,"member",6,54,"member2",6,55,"nan",6,56,"nanDisable",6,57,"nanDisableBlack",6,58,"oHienThiMd5",6,59,"rectangle5",6,60,"swap",6,61,"tTI",6,62,"tXU",6,63,"table",6,64,"tai",6,65,"taiden",6,66,"thongKe",6,67,"to",6,68,"x",6,69,"xiNgau1",6,70,"xiNgau2",6,71,"xiNgau3",6,72,"xiNgau4",6,73,"xiNgau5",6,74,"xiNgau6",6,75,"xiu",6,76,"xiutrang",6,77]]],0,0,[0,0,0,0,0,0,0,0,0,0,0,0,0,0,0,0,0,0,0,0,0,0,0,0,0,0,0,0,0,0,0,0,0,0,0,0,0,0,0,0,0,0,0,0,0,0,0,0,0,0,0,0,0,0,0,0,0,0,0,0,0,0,0,0,0,0,0,0,0,0,0,0,0,0,0,0,0,0],[1,2,3,4,5,6,7,8,9,10,11,12,13,14,15,16,17,18,19,20,21,22,23,24,25,26,27,28,29,30,31,32,33,34,35,36,37,38,39,40,41,42,43,44,45,46,47,48,49,50,51,52,53,54,55,56,57,58,59,60,61,62,63,64,65,66,67,68,69,70,71,72,73,74,75,76,77,78],[1,2,3,4,5,6,7,8,9,10,11,12,13,14,15,16,17,18,19,20,21,22,23,24,25,26,27,28,29,30,31,32,33,34,35,36,37,38,39,40,41,42,43,44,45,46,47,48,49,50,51,52,53,54,55,56,57,58,59,60,61,62,63,64,65,66,67,68,69,70,71,72,73,74,75,76,77,78]],[[{"name":"iconmember2","rect":[749,1867,36,41],"offset":[0,0],"originalSize":[36,41],"capInsets":[0,0,0,0]}],[0],0,[0],[0],[0]],[[{"name":"md5","rect":[516,2003,65,38],"offset":[0,0],"originalSize":[65,38],"capInsets":[0,0,0,0]}],[0],0,[0],[0],[0]],[[{"name":"btn","rect":[0,1768,303,63],"offset":[0,0],"originalSize":[303,63],"capInsets":[0,0,0,0]}],[0],0,[0],[0],[0]],[[{"name":"btn2","rect":[0,1832,302,53],"offset":[0,0],"originalSize":[302,53],"capInsets":[0,0,0,0]}],[0],0,[0],[0],[0]],[[{"name":"borderSoiCau","rect":[0,986,516,29],"offset":[0,0],"originalSize":[516,29],"capInsets":[0,0,0,0]}],[0],0,[0],[0],[0]],[[{"name":"daDatCuocOn22Copy","rect":[516,1939,147,31],"offset":[0,0],"originalSize":[147,31],"capInsets":[0,0,0,0]}],[0],0,[0],[0],[0]],[[{"name":"xiNgau4","rect":[669,1107,155,163],"offset":[0,0],"originalSize":[155,163],"capInsets":[0,0,0,0]}],[0],0,[0],[0],[0]],[[{"name":"line1","rect":[0,2034,55,3],"offset":[0,0],"originalSize":[55,3],"capInsets":[0,0,0,0]}],[0],0,[0],[0],[0]],[[{"name":"bgchen","rect":[416,1016,252,252],"offset":[0,0],"originalSize":[252,252],"capInsets":[0,0,0,0]}],[0],0,[0],[0],[0]],[[{"name":"daDatCuocOffCopy4","rect":[416,1498,147,31],"offset":[0,0],"originalSize":[147,31],"capInsets":[0,0,0,0]}],[0],0,[0],[0],[0]],[[{"name":"boderChat2","rect":[0,1886,274,49],"offset":[0,0],"originalSize":[274,49],"capInsets":[0,0,0,0]}],[0],0,[0],[0],[0]],[[{"name":"member","rect":[304,1798,74,29],"offset":[0,0],"originalSize":[74,29],"capInsets":[0,0,0,0]}],[0],0,[0],[0],[0]],[[{"name":"xiNgau1","rect":[573,1400,155,162],"offset":[0,0],"originalSize":[155,162],"capInsets":[0,0,0,0]}],[0],0,[0],[0],[0]],[[{"name":"dauBang","rect":[629,2003,26,20],"offset":[0,0],"originalSize":[26,20],"capInsets":[0,0,0,0]}],[0],0,[0],[0],[0]],[[{"name":"xiNgau3","rect":[669,944,155,162],"offset":[0,0],"originalSize":[155,162],"capInsets":[0,0,0,0]}],[0],0,[0],[0],[0]],[[{"name":"dauhoi","rect":[1022,1343,65,64],"offset":[0,0],"originalSize":[65,64],"capInsets":[0,0,0,0]}],[0],0,[0],[0],[0]],[[{"name":"line3","rect":[0,2030,55,3],"offset":[0,0],"originalSize":[55,3],"capInsets":[0,0,0,0]}],[0],0,[0],[0],[0]],[[{"name":"daDatCuocOffCopy","rect":[416,1530,147,31],"offset":[0,0],"originalSize":[147,31],"capInsets":[0,0,0,0]}],[0],0,[0],[0],[0]],[[{"name":"boderNhoCopy","rect":[1014,1723,84,85],"offset":[0,0],"originalSize":[84,85],"capInsets":[21,57,21,21]}],[0],0,[0],[0],[0]]]]