{"paths":{"0":["ImgNew/CardPoker",1],"1":["Img/Btn_Next",1],"2":["MiniPokerOld/MpImageNew/btn_sieutoc",1],"3":["MiniPokerOld/images/result/1",1],"4":["ImgNew/ShadowCard",1],"5":["MiniPokerOld/MpImageNew/Popup/title_lichsu",1],"6":["MiniPokerOld/MpImage/help-icon",1],"7":["ImgNew/effect",1],"8":["Img/Bg_4",1],"9":["MiniPokerOld/MpImageNew/btn_sieutoc_on",1],"10":["SOund/WinLine",9],"11":["MiniPokerOld/MpImage/bg",1],"12":["MiniPokerOld/MpImageNew/title_minipoker",1],"13":["ImgNew/QUAY",1],"14":["MiniPokerOld/MpImageNew/Popup/bg_danhsach",1],"15":["MiniPokerOld/MpImageNew/Popup/bt_close",1],"16":["MiniPokerOld/MpImageNew/shadows_1",1],"17":["ImgNew/tex7",1],"18":["MiniPokerOld/MpImageNew/btn_tudong",1],"19":["MiniPokerOld/MpFonts/UTM_AvoBold_Italic",5],"20":["MiniPokerOld/MpImageNew/Popup/title_vinhdanh",1],"21":["MiniPokerOld/MpResCode/anim/cangat/cangat",1],"22":["ImgNew/tex1",1],"23":["MiniPokerOld/MpImage/bxh-icon",1],"24":["MiniPokerOld/MpImage/scale-icon-1",1],"25":["MiniPokerOld/MpImageNew/Popup/bg_popup",1],"26":["MiniPokerOld/MpImage/huongdan-minipoker",1],"27":["MiniPokerOld/MpImageNew/Popup/line",1],"28":["ImgNew/tex3",1],"29":["MiniPokerOld/MpImageNew/mnpk_btnmoney_active",1],"30":["ImgNew/tex8",1],"31":["MiniPokerOld/MpImageNew/main-cards",1],"32":["MiniPokerOld/MpImage/hu-bg",1],"33":["SOund/loopSPin",9],"34":["MiniPokerOld/MpImage/lsgd-icon",1],"35":["MiniPokerOld/MpImageNew/line",1],"36":["Img/btn_room",1],"37":["MiniPokerOld/MpImage/close-btn",1],"38":["ImgNew/SIEUTOC",1],"39":["MiniPokerOld/MpImageNew/mnpk_btnmoney_inactive",1],"40":["ImgNew/Card",1],"41":["MiniPokerOld/MpFonts/UTM_AvoBold",5],"42":["MiniPokerOld/MpFonts/UTM_Sharnay",5],"43":["MiniPokerOld/images/quanbai/card3",1],"44":["ImgNew/tex6",1],"45":["Img/BkbMiniCard",1],"46":["MiniPokerOld/MpImage/mnpk_btn_rule",1],"47":["ImgNew/tex5",1],"48":["ImgNew/tex2",1],"49":["MiniPokerOld/MpImage/bg-ketqua",1],"50":["MiniPokerOld/MpResCode/anim/cangat/cangat",8],"51":["ImgNew/tex4",1],"52":["ImgNew/tex1",2,1],"53":["Prefabs/HistoryMiniPoker",4],"54":["ImgNew/SIEUTOC",2,1],"55":["ImgNew/thanglon",2,1],"56":["Prefabs/minipokerHelpView",4],"57":["MiniPokerOld/MpFonts/font-export",2,1],"58":["MiniPokerOld/MpImage/lsgd-icon",2,1],"59":["ImgNew/tex3",2,1],"60":["MiniPokerOld/MpImageNew/Popup/title_vinhdanh",2,1],"61":["MiniPoker",4],"62":["ImgNew/tex7",2,1],"63":["Animation/SpinCard",0],"64":["ImgNew/tex6",2,1],"65":["MiniPokerOld/MpImageNew/Popup/bg_danhsach",2,1],"66":["MiniPokerOld/MpImageNew/btn_tudong_on",2,1],"67":["MiniPokerOld/MpImage/mnpk_btn_rule",2,1],"68":["Img/bkgSieuToc",2,1],"101":["MiniPokerOld/MpImageNew/btn_tudong_on",1],"102":["SOund/Spin",9],"103":["MiniPokerOld/MpImageNew/Popup/title_guide",1],"104":["Img/bghu",1],"105":["ImgNew/Blur",1],"106":["MiniPokerOld/MpFonts/font-export",1],"107":["Img/bkgSieuToc",1],"108":["ImgNew/nohu",1],"109":["ImgNew/thanglon",1],"110":["MiniPokerOld/MpImage/scale-icon-2",1],"111":["SOund/StopSpin",9],"112":["MiniPokerOld/MpFonts/UTM_Avo",5],"113":["ImgNew/ShadowCard",2,1],"114":["Animation/Message",0],"115":["ImgNew/tex5",2,1],"116":["MiniPokerOld/MpImage/bxh-icon",2,1],"117":["ImgNew/tex2",2,1],"118":["MiniPokerOld/MpImageNew/Popup/bt_close",2,1],"119":["MiniPokerOld/MpImage/hu-bg",2,1],"120":["Img/bghu",2,1],"121":["ImgNew/QUAY",2,1],"122":["MiniPokerOld/MpImage/scale-icon-1",2,1],"123":["Img/BkbMiniCard",2,1],"124":["MiniPokerOld/MpImageNew/Popup/title_guide",2,1],"125":["ImgNew/tex8",2,1],"126":["MiniPokerOld/MpImageNew/btn_sieutoc",2,1],"127":["MiniPokerOld/MpImage/huongdan-minipoker",2,1],"128":["MiniPokerOld/MpImage/bg",2,1],"129":["ImgNew/tex4",2,1],"130":["ImgNew/CardPoker",3],"131":["MiniPokerOld/MpFonts/font-export",6],"132":["ImgNew/nohu",2,1],"133":["MiniPokerOld/MpImageNew/Popup/title_lichsu",2,1],"134":["MiniPokerOld/MpResCode/anim/cangat/cangat",7],"135":["MiniPokerOld/MpImageNew/btn_sieutoc_on",2,1],"136":["MiniPokerOld/MpImageNew/shadows_1",2,1],"137":["ImgNew/effect",2,1],"138":["MiniPokerOld/MpImageNew/mnpk_btnmoney_active",2,1],"139":["MiniPokerOld/MpImage/close-btn",2,1],"140":["Prefabs/RankMiniPoker",4],"141":["MiniPokerOld/images/result/1",2,1],"142":["MiniPokerOld/MpImage/scale-icon-2",2,1],"143":["MiniPokerOld/images/quanbai/card3",3],"144":["ImgNew/Blur",2,1],"145":["Img/Btn_Next",2,1],"146":["MiniPokerOld/MpImage/help-icon",2,1],"147":["MiniPokerOld/MpImage/bg-ketqua",2,1],"148":["MiniPokerOld/MpImageNew/main-cards",2,1],"149":["Animation/SpinRun",0],"151":["MiniPokerOld/MpImageNew/mnpk_btnmoney_inactive",2,1],"152":["Animation/ShowText",0],"153":["Img/Bg_4",2,1],"154":["Img/btn_room",2,1],"155":["MiniPokerOld/MpImageNew/Popup/bg_popup",2,1],"156":["Animation/StopCard",0],"157":["Animation/AniSpin",0],"158":["ImgNew/Card",2,1],"159":["MiniPokerOld/MpResCode/anim/cangat/cangat",2,1],"160":["Animation/ShowJackpot",0],"161":["MiniPokerOld/MpImageNew/line",2,1],"162":["MiniPokerOld/MpImageNew/Popup/line",2,1],"163":["MiniPokerOld/MpImageNew/title_minipoker",2,1],"164":["MiniPokerOld/MpImageNew/btn_tudong",2,1]},"types":["cc.AnimationClip","cc.Texture2D","cc.SpriteFrame","cc.SpriteAtlas","cc.Prefab","cc.TTFFont","cc.BitmapFont","sp.SkeletonData","cc.Asset","cc.AudioClip"],"uuids":["03MY9+YU1HWq4qFivJc3EQ","06EDD8/pZJdrcMLBDP7fdQ","07VdN6CqxIg4Gfq19JJgWO","0bZAXYJchOTJf4ORFKHmRC","10sIiQfdhBGYyzyvBwPy9x","11IwSYegBD45uZ/In62eU5","1aEsOLqthKD6ZS6l0KIRUb","1eWw3wJkxMgJ2Mg6scZTEj","204LQuIF5P8pq9uoRq9MmH","27w0BTS0FIQoVqBFXPG5hm","289O1cR6VDjoAYFWKxA//3","2ewRh3LxlG7reHQBcfREa2","32baNp/vVLqq+SsTHnUaZ6","362PDu6vhARJUFJ1VOIEBj","80h/4U+KFLyLCTHZPdiTjJ","86KFrxgdBPepTGoDZW6E5n","8agJa2gbZGkLcttIH21sPl","8a2ofxjTdJaaXTsROOcquy","8dDRgRVEhPsaUVVthbQQ84","8drxr1BrVHMIx3wcWK2Omn","8eRM5i3gtIoq4OnDzq2Btu","902g7+z3xCe53YIlIJmJ/j","91BYU5ztFIo47c67QCIKh0","a3flwlLNdEkKqf7CrlRda8","a4JiP+1kRObKR3CnRRRbcN","a7KDKirB5PH6RPJOfvOYSf","a7iFCT8EBHG5OOV/ysl8W4","afMCbII0JMqrO82Z8zYTlh","b9REo8bktMGpL2BJUxs4Tp","b9asBfFcpFk4zvdKoVkvy3","beYEUnYXFCoIqmy6kMGPWU","c5/iK+GJdMbZKHZZXxUOQN","cbVbAyWt9NnZe75hQCstiH","d0Z3IPlg9IeIiCxVlGM1+a","d0loqnLjtKXJ9W+JEbdnUG","d1fkBjrPBDxZg/g44BIcjl","d1yK/gfCREkIH5OzbhOQaa","d4AqKtfgBNtIT7KNQFbWuS","d7xF1/8XVKxIFYGZ0VtwHt","daZvWMfoRGzLFP4IxmK5sW","e0FJGiwO9NzaSYeb0ICrkS","e0wjNpSGtN/6zMOkzjq4lN","e3HAS7I25Bm7tzVD06xvjK","e3JsyHhw1Or6WlbJ6JB8/2","e3Rca7kdhGcZTH0gfJVl4S","e5RMM2c7JFDoAXds7sTA9E","e5g5i898dF3KB3rPKbSyle","f1m+BshGRJTZMRkMjBNSX6","f7p1pSdDJGcrO2LBqTmapG","f73jESWANO9pnBJQYhdge+","fdUCRCPsJAGKn4XHKAyJT6","fdWkBtXABNT61TvAFN1HAI","00p5dP1t5AwL3Kr4s3ZB2i","02RFBbNpxP7a7mriazx6sI","0abhIRAM1FU60JDTXNe4T5","0eIx+J3pVHUqtWnBycVZ12","11sMkUp+tPUqq3ghEoQ4Bk","13XKTGOUFBToQQLTMcFwah","1a5o5/J4ZCFpHQccR14UUg","2ceoupneFIToUvdmBweanV","2eW2tO4PpDhbqNA+2q7nAF","2fk1f7RdVLwLLaRcfxhkC4","30HYcu/iNGULu67d54zrHB","33Ht7OjkpOebm5R08aEXRm","33aaMB2v5DP7qrOR60I2iQ","33iN/UrGZNiIhdlSjkpRj8","36KjnXHDhBfZJEVz8rXGAC","3aRaRnF/pIRLZ19bmicyXU","3fPyKKk5hIFahBDcwJpfIw","03YCljVCNLzYL6qm7o4ILY","08UD+9XOJERZ0vFm7Wy5Q1","08WumwsXJMVISMxPUOEDD+","0aklCkp01HJri1FFp0/VBZ","0fgGOiO9FF2p2gnkiB9JzB","12DR69EIZFaJSmbrrEI2oD","12OwyTmT5LN6s812dUtwAx","13z60kt41NtoJF3+apOtMo","14/jOQc6pGw6TqrKqDmme+","18fgX5z6BF9KuQ4E/fUjIw","1bqLJCUvhNer5PAbw3zqi8","1egbxtbQRLvJQ9daybIFe8","216ViOjKRAGYOI9j4wAOZM","22EC9ydZRJ060mT4JDKiNx","222/9xEFpBQLqrtJFpe0yV","24EJw/I75Kl4K8g1LdrGRp","24b7MREEhEMaJm6tvZXtmx","24qQsktkxLKrXQmWHSqD3P","25Xsxn8h1LDozfww3s912s","26Uu2JTC5Ny4p4MYR5+N1A","26Y6ps9DNFhpk0a8EC7FHw","27aVILD8RGg40uxBKghIdD","29FYIk+N1GYaeWH/q1NxQO","2aEQKH4bZEtbBwl09Hy7Mg","2bxnu5G3tBvJepjiYPZuME","31YIVnX2lEV7V4DU1JGUw5","31//H3KeFNKKLhWW7sI3UU","32L3ntZJVDP4K+ZL5/ygxs","356DoMcS5AC4xtMXRoj58H","378gMPCulHTp0pKughkOd5","39I3K+hKVBx686D4CCrFR5","3bSfyw9mRNEKET71Ucde11","49KQZESM9HcrhoP4jcLYV2","4956rWiLhBoL/hwDi9Nn1d","4aJefQI8pK2plExRGmlB7w","51l2vvyRtA6aDC0FHh/Zfh","57Z51vajpB6YR8W6QS51mk","5f5HyMazJGOKLINtYLhssm","68ibX7tUlHxqZfsXrfd4kx","69b7pTfw9ItrcA5A++IA4L","6c1VctL89GoJpW6rdCOm3F","736eNSuQ1Oxb+SP0Fi55i9","7dBqoGxTlNp46hkX/ZyQhe","7eF4JKgnVOAZzZ5cWWWlzh","4am8ngLzFElpYNbrTjK1fU","4eyF8blldMnrNNKJjFcE7T","4fWWpstNdCMJAppEuj7bgM","55Nw8xi59P6pfJNwlKWoph","564WvbVX9OUqKWNR7qKfGv","59BR/3Lf5J/Zhag3zjFWxw","62whxKznxM6bP2gicQ/KIO","67LZNG5thI/JRnw68IkA3Z","6bx4G/CD5F+qEPAP8CSaAC","6dRkhuXkxKeYXQjcXZfTs8","70B6dDVe5DqK+fVJW8fMcx","70tYWDC0BJC5tKkvsd4VJ6","76OpLVLIhMor1llr7x/NMW","760E6nVTRI1YPIV3QZShaB","78Ygvz73RKM5Achw68JCVm","79DC3lfM1BaZqBi+DPhAMS","79cnytxdJDVrFojK9M5lUP","7dazFo9NpPC7PHJr8Eljij","82xH47sP1Om4yrrndgmyux","86H/vPCQZJFIk5TjVgveLO","86IctJB25GObThVOn+09h4","8aEjqqP3tIHYCRwMfmtQWZ","8dNhm5PLhLCLLSxdeBZQj2","8dq7kn5plAQ5iEmMydPf1x","98qyQELrVFdIVbp9+mMSnI","9e3Fvw0X5HqaXTQl77xt1/","9fguWsBS1CcoDWOhbRxVRi","a6JPe7mRpLN5jnyGBFXo+u","a9Z6PjFIpGOK21hJdG5iCC","b3AhY1WdFL2b9ZhfjSIJG/","b3LfE7eSdN8rO2XiS5kv33","bd+6piRJVGZKhOUR6wakca","c31eZWbGNHq7PJx0seyaa5","c9HtrEpcJBJIHWZDhUaaiZ","ca2dQla+pAk5JwBtvcBLng","cbAqsj1YZB+7awqK5EcvAI","d2P3W6/npN+JGfFc9MSf4W","d8HsitJHxOYqo801xBk8ev","dcOjYfNQJAIIKt4tKRFMmW","deQG4WvxRIrofHlnV2G85y","dewUmWuPVOKo6J87WqoDa9","dffX07bxdCU5z0tRxN8jQi","e2fe+84jVPVISi34jyZZaa","e5R/qoto1CmrW35mZ8CvBL","e6C+qKuSpFD5O1LjVMT2IV","e7fm5fzMdGfoIe0WtHr646","ebhQOYGYhAKLGf3D+hiRXA","f25HMFQVZHAouRo/Jpirol","f53PdQhDpDbLGpRMQYpkmv","fbuVLcwqdKmZQCEbY/isnr","feeVLzMQZGarMn+eVCg2w6","ffac7IdQFKi5FFOMYJVSm+","3dWgpcbw9Is7LMjFzq+4BD","40GPPYepFGNprdq5W3EQS7","40WNOuQDxCN7SybYsv9KUn","41te2kLPFE7Ymu2P09GNcz","42EgVCIAdPZo5SdmSyv+GW","44qcxdPbdFUbLCBamDsWvi","48V02yWHJLWbDravzclthi","48wLcXJBNG6oXnB7vpalc5","49AjOgSkFMcaQpqY0dtwQ8","4adodi34VBFaWba9m06Ldh","4beLxoKkxA7686WfJuW4qE","4cxP+NdtRC+aX9wU8Ly7G+","4docuhFzVP1ZA04fXFDx3k","4fladOBa9KsLFUyOjw8YmU","52qxKzyYdIiqTFurFTrOAC","54Gd+pzEVCA7OMIeZhQWQH","55YzQQpIBG34q8PGJvcbDB","59uhNv6+NCbZneFAkryJsQ","5aRcfCGvJBvJ0QllaUgmfq","60PytTrc1D3bDELUsIRwzN","63mgfGzmBEALh7kK8Ibyr0","64s2EO5GdEU6t7kLf1YFjf","67OwedxlFH5LN2ILzAYpSb","69YWqPbG5Fqqq2R0WW2I8O","6anGYMLUxKO5evAibZ12Po","6bdbg0ZDZEOpbC1Y7xEliA","6fPyHi8dlKJaT/xo/Y0Byx","747roTnXtGIpAmDXbR3R9O","75JCQoLT9C3ZdD7PVyTBLH","76Oo+hdZBIC58PkmtS6Hpa","79eWKSqXhGP6VT+3Wx0IOP","79pjIl+QxP3KMwDnF+8hIL","7atnkm+vtBk6Mvv8DBz46m","7a/QZLET9IDreTiBfRn2PD","7cGF2UQJxJlrkcW38/o5bD","7ft2nuJg5BE7PfMhD4Qfnp","8bZWw+pJpLwqo03M4BgtSz","8djO43yUJPvqXxh/hamJoB","8ebB+Dm/dOKZE2sF+9tE/H","91n4tcRgBINZ0CySANFuha","99DjGu9r1FQI1CtEBbYT8L","9bRmMcB4dCP5jK34gXHEY2","9bUqkw7lNH8IQ4dXpwilaw","9bvaMerUlDyary99mJa6xp","9cnRPqn3ZNsLCVMce7VAfm","9dE72CsYxKqosux5eppw02","9d3TF7PIFDvLzK/KJ0tNNv","9fcR7mx79LDqdAqBNrngfp","a2MjXRFdtLlYQ5ouAFv/+R","a3FRx62QZFjJeQQO01jrMB","a92x7uzfROIpvzbnUSEYE2","adjfv47bNMGIChZDyE33F1","b8dObzfnlJc6GSSBLsT7kJ","b8/fza4J9F4p1i01GAIydE","bcZaxHZCpP7KPRSSZwcNzC","bcgRIP/PJCTIbDgzlycp4u","bdUYTRiJlCZqBBwy41hVyA","c2cZEe82VCralO1390YDH/","c2tpo/s99BpZY1OlYoq+4n","c6und0ekpJ+7w+LKIsCVkf","c9VupEoCxGbIrIXOJwwOth","caD5tlaK1Odrw3u/u4qi8e","caKEhS0+1Oe4mPG41xoRMD","cbE8IVBn5Bz6wdO1PpXe1Z","cbfB6Mo9tFk7vP1INTc4ez","ccYMY8g+5EXJ5MXuZY8u2Z","cdQNjcASJFJ7Ev3AojCaDv","ce9fjQ3HpMVJNM5mw1RLdo","d0hA15tV5F34WuoV13DzAO","d3HBZgTB5PppUBsjQnaMjo","d48pRPMoNI3Z8tRewXp/QO","d5L6w2wnNFWrB4T/RJbxCd","dbQ34zMqlGw4g/rkOmrwDv","dbxt640oNIia2vaZulFYpm","dcDR+7PGZIj7q37MkybFhV","deiU3oD2BNrqVLwF4DY23x","df+a8DpL1ILr30wLCVIuX3","e1M4dVdwNOCqD69gLCBDJ5","e22LlJEDlBBaqno1N2V1sb","e3HxI9kipGl44F1yjvQHvv","e8WDk29JJLrZnuN7Eaj21G","e97GVMl6JHh5Ml5qEDdSGa","ebMKvJnzBKqa48PWXJqBYv","ebxbcNKIxHz5tneLhI1aN3","ecCTW49kJJYZX+93y4H/Sv","ecpdLyjvZBwrvm+cedCcQy","ed10xkSdJPq54pnq2R3e+R","f0BIwQ8D5Ml7nTNQbh1YlS","f1rOmPi1VDpZAE0KKQZzz/","f6B76gadZHLpmt2vcMcR3I"],"scenes":{},"redirect":[91,0,194,0,197,0,198,1,213,0,216,0,225,0,242,0,246,0,249,0,250,1,252,0],"deps":["resources","internal"],"packs":{"04296ec67":[71,73,74,75,78,80,81,82,84,89,90,92,93,94,95,97,98,165,167,169,172,173,174,175,177,183,186,189,192,193,199,202,209,211,212,143,218,219,220,223,224,226,227,230,232,235,237,238,239,240,241,243,245,247,251,254],"0570ae83e":[69,70,72,76,77,79,83,85,86,87,88,96,99,166,168,170,171,176,178,179,181,182,184,185,187,188,190,191,195,196,130,200,201,203,204,205,206,207,210,214,215,217,221,222,228,229,231,233,234,236,244,248,253],"07be486b9":[52,55,58,59,61,62,63,64,66,114,115,117,120,125,128,129,132,138,139,146,149,151,153,156,158,163,164],"0888b330b":[57,131],"093bf60cb":[56,124,127,208],"09b8b8d35":[0,1,2,3,4,5,6,7,8,9,11,12,13,101,103,104,105,106,107,108,109,110,14,15,16,17,18,20,21,22,23,24,25,26,27,28,29,30,31,32,34,35,36,37,38,150,39,40,43,44,45,46,47,48,49,51],"0ca39d28b":[118,155],"0d28635a3":[53,133]},"name":"43","importBase":"import","nativeBase":"native","debug":false,"isZip":false,"encrypted":false,"versions":{"import":["04296ec67","c5b5f","0570ae83e","5aff5","07be486b9","797ca","0888b330b","35f25","093bf60cb","21a8a","09b8b8d35","a1f69",54,"1f435","0ca39d28b","d167d","0d28635a3","ae9e4",10,"2836e",60,"bf41b",65,"b983b",67,"116fb",68,"154e6",102,"8e0b0",113,"e3055",116,"570db",119,"69720",121,"bb2e3",122,"32173",123,"04ab8",126,"dc16f",111,"121ed",112,"01b1d",134,"abff4",135,"3fee1",136,"0760f",19,"5e454",137,"8f025",140,"d402b",141,"feb08",142,"eb870",144,"ae4cd",145,"8c9b7",147,"1ef7a",148,"21c54",33,"83d1f",152,"eb1f5",154,"5db46",41,"e6f71",42,"77f2d",157,"b2ade",159,"cd385",160,"735cf",161,"a7f92",162,"685a8",50,"aa417"],"native":[0,"eb31c",1,"b1793",2,"5f0b3",3,"7f872",4,"41fa1",5,"d621e",6,"05aeb",7,"36356",8,"34392",9,"8bc92",10,"5401c",11,"45804",12,"d2649",13,"8dc56",101,"84bd2",102,"26cbd",103,"1798f",104,"e16d0",105,"7190e",106,"36923",107,"d5523",108,"1f5f4",109,"6ebd3",110,"02fcb",111,"3144d",112,"5b5fc",14,"458e2",15,"2058a",16,"01cb5",17,"ec34f",18,"911ff",19,"9ffe3",20,"b96ec",21,"8f7d6",22,"20dd7",23,"7af63",24,"a1efe",25,"5ccd2",26,"3115a",27,"4e891",28,"5e4d6",29,"6cdba",30,"ae0a4",31,"2513b",32,"2ef2a",33,"8b789",34,"e65cd",35,"4e891",36,"46d0e",37,"0dfbc",38,"cbdd9",150,"cdbc9",39,"534e2",40,"8c5b2",41,"a48e2",42,"b25b5",43,"54257",44,"11e9d",45,"16254",46,"05aeb",47,"9a3ef",48,"f48eb",49,"120df",50,"0e991",51,"40fb2"]}}