{"paths":{"0":["Img/BtnOn",1],"1":["ImgNew/CardPoker",1],"2":["MiniPokerOld/images/result/Sanh2",1],"3":["Img/Btn_Next",1],"4":["MiniPokerOld/MpImageNew/btn_sieutoc",1],"5":["MiniPokerOld/images/result/haidoi",1],"6":["MiniPokerOld/images/result/1",1],"7":["ImgNew/ShadowCard",1],"8":["MiniPokerOld/MpImageNew/Popup/title_lichsu",1],"9":["MiniPokerOld/MpImage/help-icon",1],"10":["ImgNew/effect",1],"11":["Img/Bg_4",1],"12":["ImgNew/tex1",2,1],"13":["Prefabs/HistoryMiniPoker",4],"14":["MiniPokerOld/prefabs/minipokerTopView",4],"15":["MiniPokerOld/MpResCode/anim/MiniPoker-NH/MiniPoker-NoHu",7],"18":["ImgNew/SIEUTOC",2,1],"19":["MiniPokerOld/MpResCode/imgText/txtDoiJ",2,1],"20":["ImgNew/thanglon",2,1],"21":["Spine/skeleton.atlas",8],"22":["Prefabs/minipokerHelpView",4],"23":["MiniPokerOld/MpFonts/font-export",2,1],"27":["Img/BtnTuQuay",2,1],"28":["MiniPokerOld/MpImage/Xhu/x5",2,1],"29":["MiniPokerOld/MpImage/lsgd-icon",2,1],"30":["MiniPokerOld/images/result/haidoi",2,1],"51":["MiniPokerOld/MpImageNew/btn_sieutoc_on",1],"52":["MiniPokerOld/MpImage/Xhu/line",1],"53":["SOund/WinLine",10],"54":["MiniPokerOld/MpImage/Xhu/10k",1],"55":["Spine/skeleton",1],"56":["MiniPokerOld/MpImage/bg",1],"57":["MiniPokerOld/MpResCode/anim/MiniPoker-NH/MiniPoker-NoHu",9],"58":["MiniPokerOld/MpImageNew/title_minipoker",1],"59":["MiniPokerOld/MpResCode/anim/CanQuay/cangat",1],"60":["MiniPokerOld/MpImage/Xhu/x5",1],"61":["ImgNew/QUAY",1],"62":["MiniPokerOld/images/result/doiJ",2,1],"63":["MiniPokerOld/images/result/thungJ",2,1],"64":["Img/BtnRoomOn",2,1],"65":["MiniPokerOld/MpResCode/cardsminipoker",2,1],"66":["ImgNew/tex3",2,1],"67":["MiniPokerOld/MpImageNew/Popup/title_vinhdanh",2,1],"68":["MiniPoker",4],"69":["ImgNew/tex7",2,1],"70":["MiniPokerOld/MpResCode/cardsminipokerBlur",2,1],"71":["Animation/SpinCard",0],"72":["MiniPokerOld/MpImageNew/Popup/bg_danhsach",2,1],"73":["MiniPokerOld/MpImageNew/btn_tudong_on",2,1],"74":["MiniPokerOld/MpImage/mnpk_btn_rule",2,1],"79":["ImgNew/tex6",2,1],"80":["Img/bkgSieuToc",2,1],"89":["MiniPokerOld/MpImage/Xhu/x4",1],"90":["Img/BtnRoomOn",1],"91":["Img/bangvinhdanh",1],"92":["MiniPokerOld/MpImage/Xhu/100",1],"93":["MiniPokerOld/MpImageNew/btn_tudong_on",1],"94":["SOund/Spin",10],"95":["MiniPokerOld/MpImageNew/Popup/title_guide",1],"96":["MiniPokerOld/MpImage/Xhu/x6",1],"97":["Img/bghu",1],"98":["MiniPokerOld/MpResCode/cardsminipokerBlur",1],"99":["ImgNew/Blur",1],"100":["MiniPokerOld/MpFonts/font-export",1],"101":["MiniPokerOld/images/result/sanh",2,1],"102":["ImgNew/ShadowCard",2,1],"103":["Animation/Message",0],"104":["ImgNew/tex5",2,1],"105":["MiniPokerOld/prefabs/minipokerView",4],"106":["MiniPokerOld/MpImage/bxh-icon",2,1],"107":["ImgNew/phong to",2,1],"108":["ImgNew/tex2",2,1],"109":["MiniPokerOld/MpImageNew/Popup/bt_close",2,1],"110":["MiniPokerOld/images/result/culu",2,1],"111":["MiniPokerOld/images/result/Sanh2",2,1],"118":["MiniPokerOld/MpImage/coin",2,1],"134":["Img/bkgSieuToc",1],"135":["ImgNew/nohu",1],"136":["ImgNew/thanglon",1],"137":["ImgNew/phong to",1],"138":["MiniPokerOld/MpImage/scale-icon-2",1],"139":["SOund/StopSpin",10],"140":["MiniPokerOld/MpFonts/UTM_Avo",5],"141":["MiniPokerOld/MpImageNew/Popup/bg_danhsach",1],"142":["MiniPokerOld/MpImage/hu-bg",2,1],"143":["MiniPokerOld/MpResCode/anim/CanQuay/cangat",2,1],"144":["Img/bghu",2,1],"145":["ImgNew/QUAY",2,1],"146":["MiniPokerOld/MpImage/scale-icon-1",2,1],"147":["Img/bangvinhdanh",2,1],"148":["Img/BkbMiniCard",2,1],"149":["MiniPokerOld/MpImageNew/Popup/title_guide",2,1],"150":["ImgNew/tex8",2,1],"151":["MiniPokerOld/MpImageNew/btn_sieutoc",2,1],"152":["MiniPokerOld/MpImage/huongdan-minipoker",2,1],"153":["MiniPokerOld/MpImage/bg",2,1],"154":["ImgNew/tex4",2,1],"155":["ImgNew/CardPoker",3],"156":["MiniPokerOld/prefabs/minipokerHistoryView",4],"157":["MiniPokerOld/MpImage/Xhu/x3",2,1],"158":["MiniPokerOld/MpImage/Xhu/x6",2,1],"159":["MiniPokerOld/MpFonts/font-export",6],"180":["MiniPokerOld/MpResCode/cardsminipoker",1],"181":["MiniPokerOld/MpImageNew/Popup/bt_close",1],"182":["MiniPokerOld/images/result/sanh",1],"183":["MiniPokerOld/MpImageNew/shadows_1",1],"184":["ImgNew/tex7",1],"185":["MiniPokerOld/MpImageNew/btn_tudong",1],"186":["MiniPokerOld/MpFonts/UTM_AvoBold_Italic",5],"187":["MiniPokerOld/MpImage/Xhu/x2",1],"188":["MiniPokerOld/MpImageNew/Popup/title_vinhdanh",1],"189":["MiniPokerOld/MpResCode/anim/cangat/cangat",1],"190":["ImgNew/tex1",1],"191":["Img/BtnQuay",1],"192":["MiniPokerOld/MpResCode/imgText/txtDoiJ",1],"193":["MiniPokerOld/MpImage/bxh-icon",1],"194":["MiniPokerOld/MpImage/scale-icon-1",1],"195":["MiniPokerOld/images/result/thungphasanh",1],"196":["Img/BtnQuay",2,1],"197":["ImgNew/nohu",2,1],"198":["MiniPokerOld/MpImageNew/Popup/title_lichsu",2,1],"200":["SOund/loopSPin",10],"201":["MiniPokerOld/MpImage/lsgd-icon",1],"202":["MiniPokerOld/MpImageNew/line",1],"203":["Img/btn_room",1],"204":["MiniPokerOld/MpImage/Xhu/1k",1],"205":["MiniPokerOld/MpImage/close-btn",1],"206":["ImgNew/SIEUTOC",1],"207":["MiniPokerOld/MpImageNew/mnpk_btnmoney_inactive",1],"208":["ImgNew/Card",1],"209":["Img/BtnTuQuay",1],"210":["MiniPokerOld/MpFonts/UTM_AvoBold",5],"211":["MiniPokerOld/MpResCode/anim/MiniPoker-NH/MiniPoker-NoHu",1],"212":["MiniPokerOld/MpResCode/anim/cangat/cangat",7],"213":["MiniPokerOld/MpImageNew/btn_sieutoc_on",2,1],"214":["MiniPokerOld/MpImageNew/shadows_1",2,1],"215":["MiniPokerOld/MpResCode/anim/MiniPoker-NH/MiniPoker-NoHu",2,1],"216":["ImgNew/effect",2,1],"217":["MiniPokerOld/images/result/thungphasanh",2,1],"218":["MiniPokerOld/MpImageNew/mnpk_btnmoney_active",2,1],"219":["MiniPokerOld/MpImage/close-btn",2,1],"220":["MiniPokerOld/MpImage/Xhu/x1",2,1],"221":["Prefabs/RankMiniPoker",4],"222":["MiniPokerOld/MpImage/Xhu/100",2,1],"223":["Img/BtnOn",2,1],"224":["Animation/SpinRun",0],"225":["Img/BtnSieuToc",2,1],"227":["MiniPokerOld/MpResCode/anim/cangat/cangat.atlas",8],"228":["MiniPokerOld/MpResCode/anim/CanQuay/cangat",7],"229":["MiniPokerOld/MpImageNew/mnpk_btnmoney_inactive",2,1],"230":["Animation/ShowText",0],"231":["MiniPokerOld/MpImageNew/Popup/bg_popup",2,1],"247":["MiniPokerOld/MpImageNew/Popup/bg_popup",1],"249":["MiniPokerOld/MpImage/huongdan-minipoker",1],"251":["MiniPokerOld/images/result/thung",1],"252":["MiniPokerOld/MpImageNew/Popup/line",1],"253":["MiniPokerOld/images/result/thungJ",1],"254":["MiniPokerOld/images/result/sam",1],"255":["ImgNew/tex3",1],"256":["MiniPokerOld/MpImageNew/mnpk_btnmoney_active",1],"257":["MiniPokerOld/MpImage/coin",1],"258":["ImgNew/tex8",1],"259":["Img/BtnSieuToc",1],"260":["MiniPokerOld/MpImage/Xhu/frame",1],"261":["MiniPokerOld/MpImageNew/main-cards",1],"262":["Img/btn_x5",1],"263":["MiniPokerOld/MpImage/hu-bg",1],"264":["MiniPokerOld/images/result/1",2,1],"265":["MiniPokerOld/MpImage/Xhu/10k",2,1],"266":["MiniPokerOld/images/result/sam",2,1],"267":["MiniPokerOld/MpImage/Xhu/1k",2,1],"268":["MiniPokerOld/MpImage/scale-icon-2",2,1],"269":["MiniPokerOld/images/quanbai/card3",3],"270":["Img/Btn_Next",2,1],"271":["MiniPokerOld/MpImage/Xhu/x2",2,1],"275":["ImgNew/Blur",2,1],"276":["MiniPokerOld/MpImage/help-icon",2,1],"277":["MiniPokerOld/MpImage/bg-ketqua",2,1],"278":["MiniPokerOld/MpImageNew/main-cards",2,1],"299":["MiniPokerOld/images/result/tuquy",2,1],"300":["Img/Bg_4",2,1],"301":["Img/btn_room",2,1],"302":["Img/btn_x5",2,1],"303":["MiniPokerOld/images/result/thung",2,1],"314":["MiniPokerOld/MpFonts/UTM_Sharnay",5],"315":["MiniPokerOld/images/quanbai/card3",1],"316":["ImgNew/tex6",1],"317":["Img/BkbMiniCard",1],"318":["MiniPokerOld/MpImage/mnpk_btn_rule",1],"319":["MiniPokerOld/images/result/tuquy",1],"320":["ImgNew/tex5",1],"321":["MiniPokerOld/images/result/culu",1],"322":["MiniPokerOld/MpImage/Xhu/x3",1],"323":["ImgNew/tex2",1],"324":["MiniPokerOld/MpImage/bg-ketqua",1],"325":["MiniPokerOld/images/result/doiJ",1],"326":["MiniPokerOld/MpImage/Xhu/x1",1],"327":["Img/BtnRoomOff",1],"328":["ImgNew/tex4",1],"329":["Animation/StopCard",0],"330":["Spine/skeleton",2,1],"331":["Animation/AniSpin",0],"332":["ImgNew/Card",2,1],"333":["MiniPokerOld/MpImage/Xhu/line",2,1],"334":["Spine/skeleton",7],"335":["MiniPokerOld/MpResCode/anim/cangat/cangat",2,1],"336":["MiniPokerOld/MpImage/Xhu/x4",2,1],"337":["Animation/ShowJackpot",0],"338":["MiniPokerOld/MpImageNew/line",2,1],"339":["MiniPokerOld/MpImage/Xhu/frame",2,1],"340":["MiniPokerOld/MpResCode/anim/CanQuay/cangat.atlas",8],"341":["Img/BtnRoomOff",2,1],"342":["MiniPokerOld/MpImageNew/Popup/line",2,1],"343":["MiniPokerOld/MpImageNew/title_minipoker",2,1],"344":["MiniPokerOld/MpImageNew/btn_tudong",2,1]},"types":["cc.AnimationClip","cc.Texture2D","cc.SpriteFrame","cc.SpriteAtlas","cc.Prefab","cc.TTFFont","cc.BitmapFont","sp.SkeletonData","cc.TextAsset","cc.Asset","cc.AudioClip"],"uuids":["00SlDIWGxDuI4mfR9J/JiF","03MY9+YU1HWq4qFivJc3EQ","04qCk7RgtN+rFrVbcT9Vsz","06EDD8/pZJdrcMLBDP7fdQ","07VdN6CqxIg4Gfq19JJgWO","0bQqxwtMhDU7zPXlKLW+3W","0bZAXYJchOTJf4ORFKHmRC","10sIiQfdhBGYyzyvBwPy9x","11IwSYegBD45uZ/In62eU5","1aEsOLqthKD6ZS6l0KIRUb","1eWw3wJkxMgJ2Mg6scZTEj","204LQuIF5P8pq9uoRq9MmH","00p5dP1t5AwL3Kr4s3ZB2i","02RFBbNpxP7a7mriazx6sI","0fYDqNMuZOpYo71Ym8VHMe","0f0zqy2S9FirqR1ofxLLWf","03YCljVCNLzYL6qm7o4ILY","04Av3VXFtHXordj9C3rjOy","0abhIRAM1FU60JDTXNe4T5","0eDRR7w3tJMpIJ9FYOzh6j","0eIx+J3pVHUqtWnBycVZ12","10U/wK88ZHc4Z4n4aGkWLl","11sMkUp+tPUqq3ghEoQ4Bk","13XKTGOUFBToQQLTMcFwah","08UD+9XOJERZ0vFm7Wy5Q1","08WumwsXJMVISMxPUOEDD+","0aRbVAVpVFbZ3F6Iqxw2nr","11mXpMEY5F7I/EbrmTnOuT","17QVRHwgFHNoOUachNc2uS","1a5o5/J4ZCFpHQccR14UUg","1cD4AIf5BMnKulgVF6BrTD","0aklCkp01HJri1FFp0/VBZ","0fgGOiO9FF2p2gnkiB9JzB","12DR69EIZFaJSmbrrEI2oD","12OwyTmT5LN6s812dUtwAx","13z60kt41NtoJF3+apOtMo","14/jOQc6pGw6TqrKqDmme+","18fgX5z6BF9KuQ4E/fUjIw","1bqLJCUvhNer5PAbw3zqi8","1egbxtbQRLvJQ9daybIFe8","216ViOjKRAGYOI9j4wAOZM","22EC9ydZRJ060mT4JDKiNx","222/9xEFpBQLqrtJFpe0yV","24EJw/I75Kl4K8g1LdrGRp","24b7MREEhEMaJm6tvZXtmx","24qQsktkxLKrXQmWHSqD3P","25Xsxn8h1LDozfww3s912s","26Uu2JTC5Ny4p4MYR5+N1A","26Y6ps9DNFhpk0a8EC7FHw","27aVILD8RGg40uxBKghIdD","27hqkVyjZCTbSHGNw8t10L","27w0BTS0FIQoVqBFXPG5hm","289I9exNRK/Zmb7G9agq7S","289O1cR6VDjoAYFWKxA//3","28+3MlBsNKkohT5WLvT7td","2dEFWe8ttK0JCbOzy0IJA3","2ewRh3LxlG7reHQBcfREa2","31vCcfT0BHt4DrVfIGJ78U","32baNp/vVLqq+SsTHnUaZ6","35BHTDhzdGyaWf6dZxrDHE","36zFybpR5MT7WrV02PnkTL","362PDu6vhARJUFJ1VOIEBj","29wuRgy5dGdp7cRNRYLYU+","2aai8/eA9NW6kyro5mByGt","2bhymyGehMC7dt+WJO/Xsv","2cXeSfmDFLE7+fQowRJMMj","2ceoupneFIToUvdmBweanV","2eW2tO4PpDhbqNA+2q7nAF","2fk1f7RdVLwLLaRcfxhkC4","30HYcu/iNGULu67d54zrHB","31ltToX/NLxJurF54XWkgP","33Ht7OjkpOebm5R08aEXRm","33iN/UrGZNiIhdlSjkpRj8","36KjnXHDhBfZJEVz8rXGAC","3aRaRnF/pIRLZ19bmicyXU","29FYIk+N1GYaeWH/q1NxQO","2aEQKH4bZEtbBwl09Hy7Mg","2bxnu5G3tBvJepjiYPZuME","2cWB/vWPRHja3uQTinHH30","33aaMB2v5DP7qrOR60I2iQ","3fPyKKk5hIFahBDcwJpfIw","31YIVnX2lEV7V4DU1JGUw5","31//H3KeFNKKLhWW7sI3UU","32L3ntZJVDP4K+ZL5/ygxs","356DoMcS5AC4xtMXRoj58H","378gMPCulHTp0pKughkOd5","39I3K+hKVBx686D4CCrFR5","3bSfyw9mRNEKET71Ucde11","3c5yg9ZL9KYbuq+0I9LrZ6","41BTBnempBjKxUB5sNOajV","44TMw7c4hGs4JDvdzAXpFp","45xIUtUNhKUbfeHDVKEFIV","48F5DDI7BMTo0lLkNj6hBO","49KQZESM9HcrhoP4jcLYV2","4956rWiLhBoL/hwDi9Nn1d","4aJefQI8pK2plExRGmlB7w","50zAUU1G1OioNzEsxAcWTW","51l2vvyRtA6aDC0FHh/Zfh","52bKAWlPtE5YEHAuA4Ystn","57Z51vajpB6YR8W6QS51mk","5f5HyMazJGOKLINtYLhssm","45pjkJj59CBaKV4hfEhSJE","4am8ngLzFElpYNbrTjK1fU","4eyF8blldMnrNNKJjFcE7T","4fWWpstNdCMJAppEuj7bgM","52eCzwF1FAZIRdY64lW79y","55Nw8xi59P6pfJNwlKWoph","56Q4mwPJRDsY2kNx8EjI18","564WvbVX9OUqKWNR7qKfGv","59BR/3Lf5J/Zhag3zjFWxw","5916cOpslNep9WDnVETXzq","5fuLBjrHFAjYJH5UDCTV8h","40GPPYepFGNprdq5W3EQS7","40WNOuQDxCN7SybYsv9KUn","41te2kLPFE7Ymu2P09GNcz","42EgVCIAdPZo5SdmSyv+GW","44qcxdPbdFUbLCBamDsWvi","45XCTgB4pF+aKXShRo9KPW","5e20Up2EBKurU45S8ElfsG","48V02yWHJLWbDravzclthi","48wLcXJBNG6oXnB7vpalc5","49AjOgSkFMcaQpqY0dtwQ8","4adodi34VBFaWba9m06Ldh","4beLxoKkxA7686WfJuW4qE","4cxP+NdtRC+aX9wU8Ly7G+","4docuhFzVP1ZA04fXFDx3k","4fladOBa9KsLFUyOjw8YmU","500jJhX4BNxKAW1+CVRbEN","52qxKzyYdIiqTFurFTrOAC","54Gd+pzEVCA7OMIeZhQWQH","55YzQQpIBG34q8PGJvcbDB","59uhNv6+NCbZneFAkryJsQ","5aRcfCGvJBvJ0QllaUgmfq","5fh2/dIMFMhrTqDoYKqQJy","68ibX7tUlHxqZfsXrfd4kx","69b7pTfw9ItrcA5A++IA4L","6c1VctL89GoJpW6rdCOm3F","6eaa3/ZWlLGZrhnKRPqAg/","736eNSuQ1Oxb+SP0Fi55i9","7dBqoGxTlNp46hkX/ZyQhe","7eF4JKgnVOAZzZ5cWWWlzh","80h/4U+KFLyLCTHZPdiTjJ","62whxKznxM6bP2gicQ/KIO","63OEtURVdL0LLvBj44iZxP","67LZNG5thI/JRnw68IkA3Z","6bx4G/CD5F+qEPAP8CSaAC","6dRkhuXkxKeYXQjcXZfTs8","6ek1jtshhHaYqWRtUoR99q","70B6dDVe5DqK+fVJW8fMcx","70tYWDC0BJC5tKkvsd4VJ6","76OpLVLIhMor1llr7x/NMW","760E6nVTRI1YPIV3QZShaB","78Ygvz73RKM5Achw68JCVm","79DC3lfM1BaZqBi+DPhAMS","79cnytxdJDVrFojK9M5lUP","7dazFo9NpPC7PHJr8Eljij","7euozZIPNDH6VcSf6up+jP","81C/KuIDVDqYOaatH9n9zF","81cELpTElFcoH3kljcX80r","82xH47sP1Om4yrrndgmyux","3dWgpcbw9Is7LMjFzq+4BD","60PytTrc1D3bDELUsIRwzN","63mgfGzmBEALh7kK8Ibyr0","64s2EO5GdEU6t7kLf1YFjf","67OwedxlFH5LN2ILzAYpSb","69YWqPbG5Fqqq2R0WW2I8O","6anGYMLUxKO5evAibZ12Po","6bdbg0ZDZEOpbC1Y7xEliA","6fPyHi8dlKJaT/xo/Y0Byx","747roTnXtGIpAmDXbR3R9O","75JCQoLT9C3ZdD7PVyTBLH","76Oo+hdZBIC58PkmtS6Hpa","79eWKSqXhGP6VT+3Wx0IOP","79pjIl+QxP3KMwDnF+8hIL","798hYMhbVPxJDyFv2cIZzg","7atnkm+vtBk6Mvv8DBz46m","7a/QZLET9IDreTiBfRn2PD","7cGF2UQJxJlrkcW38/o5bD","7ft2nuJg5BE7PfMhD4Qfnp","805DNvw/hGprvtpZ3gUy0M","834om90dlBuLAizpQFssLU","86KFrxgdBPepTGoDZW6E5n","86fuqduUlLBYO9LCtZwHYw","8agJa2gbZGkLcttIH21sPl","8a2ofxjTdJaaXTsROOcquy","8dDRgRVEhPsaUVVthbQQ84","8drxr1BrVHMIx3wcWK2Omn","8d9qfAnZFNAIznUJFgxlp2","8eRM5i3gtIoq4OnDzq2Btu","902g7+z3xCe53YIlIJmJ/j","91BYU5ztFIo47c67QCIKh0","944enNu5dEq6F/GyqA6Ame","9aSkoGyIBEpKtoBtgA1BkK","a3flwlLNdEkKqf7CrlRda8","a4JiP+1kRObKR3CnRRRbcN","a6oJfk8BVH66eZXloqvo54","83qQOaUDJGS4Nk4Lkc2BMQ","86H/vPCQZJFIk5TjVgveLO","86IctJB25GObThVOn+09h4","88p84kxIhE4peZEOwkXuxI","d0Z3IPlg9IeIiCxVlGM1+a","d0loqnLjtKXJ9W+JEbdnUG","d1fkBjrPBDxZg/g44BIcjl","d1yK/gfCREkIH5OzbhOQaa","d3Xt3ZRYlDiacwXqEsQ6AW","d4AqKtfgBNtIT7KNQFbWuS","d7xF1/8XVKxIFYGZ0VtwHt","daZvWMfoRGzLFP4IxmK5sW","e0FJGiwO9NzaSYeb0ICrkS","e0TyUQHfdFRpUZT5LXE3u7","e0wjNpSGtN/6zMOkzjq4lN","e01/msDqhOEa5a/+KhG2Pe","8aEjqqP3tIHYCRwMfmtQWZ","8dNhm5PLhLCLLSxdeBZQj2","8dq7kn5plAQ5iEmMydPf1x","98MW/GGWdEdLV2LgYHv44+","98qyQELrVFdIVbp9+mMSnI","9dUG+V+1ZPhIDW7bv21gaX","9e3Fvw0X5HqaXTQl77xt1/","9fguWsBS1CcoDWOhbRxVRi","a1ahSWtvRH9Ypr+4QSUxLy","a6JPe7mRpLN5jnyGBFXo+u","cfO16MyJxMfbnCuNdQEJwB","d0FzpBPzlIOqGKnis65ES/","d2P3W6/npN+JGfFc9MSf4W","d3pOl3Ub9E6r9N6RPOOy3U","d8HsitJHxOYqo801xBk8ev","d8qvrRYqJHAaHpw/HMSHhq","d9O7KGBQRNb4YjJE2d/PH9","dcOjYfNQJAIIKt4tKRFMmW","deQG4WvxRIrofHlnV2G85y","e2fe+84jVPVISi34jyZZaa","8bZWw+pJpLwqo03M4BgtSz","8djO43yUJPvqXxh/hamJoB","8ebB+Dm/dOKZE2sF+9tE/H","91n4tcRgBINZ0CySANFuha","99DjGu9r1FQI1CtEBbYT8L","9bRmMcB4dCP5jK34gXHEY2","9bUqkw7lNH8IQ4dXpwilaw","9bvaMerUlDyary99mJa6xp","9cnRPqn3ZNsLCVMce7VAfm","9dE72CsYxKqosux5eppw02","9d3TF7PIFDvLzK/KJ0tNNv","9fcR7mx79LDqdAqBNrngfp","a2MjXRFdtLlYQ5ouAFv/+R","a3FRx62QZFjJeQQO01jrMB","a63VYGFi9BFq1rrSqcFm6J","a7KDKirB5PH6RPJOfvOYSf","a7ZIP+aGpJdJPFaAE8axIJ","a7iFCT8EBHG5OOV/ysl8W4","a9VpD0DP5LJYQPXITZq+uj","ab7jxCJeFEd5bvnjICy7A5","afMCbII0JMqrO82Z8zYTlh","b1I21wXQVBa7ER9zP8sVgM","b31FXfcXtMi4cG6XLatmq/","b9REo8bktMGpL2BJUxs4Tp","b9asBfFcpFk4zvdKoVkvy3","bcQ8RRtghNkKRiiE1haYXK","beYEUnYXFCoIqmy6kMGPWU","c14aa0rkpJ45mC2DGkLlrT","c3BJ41+WhC+bg+CXW+IQ8B","c5/iK+GJdMbZKHZZXxUOQN","c8GCtyhHxHyoqfEorpdZBV","cbVbAyWt9NnZe75hQCstiH","a9Z6PjFIpGOK21hJdG5iCC","aay55u4UBLC7V9JHvnIO/t","abgrOtLzhPZ5bICOCX3WIf","adatVJrMZIC4E/Z+B+h6L7","b3AhY1WdFL2b9ZhfjSIJG/","b3LfE7eSdN8rO2XiS5kv33","c31eZWbGNHq7PJx0seyaa5","c7CaQT6UVFwogonxxWnXMz","a92x7uzfROIpvzbnUSEYE2","adjfv47bNMGIChZDyE33F1","b0Rr3fdvdECpD0VnxOf3L2","bd+6piRJVGZKhOUR6wakca","c9HtrEpcJBJIHWZDhUaaiZ","ca2dQla+pAk5JwBtvcBLng","cbAqsj1YZB+7awqK5EcvAI","b8dObzfnlJc6GSSBLsT7kJ","b8/fza4J9F4p1i01GAIydE","bcZaxHZCpP7KPRSSZwcNzC","bcgRIP/PJCTIbDgzlycp4u","bdUYTRiJlCZqBBwy41hVyA","bfws0w5+9EeYfI++woq+Hd","c2cZEe82VCralO1390YDH/","c2tpo/s99BpZY1OlYoq+4n","c6und0ekpJ+7w+LKIsCVkf","c9VupEoCxGbIrIXOJwwOth","caD5tlaK1Odrw3u/u4qi8e","caKEhS0+1Oe4mPG41xoRMD","cbE8IVBn5Bz6wdO1PpXe1Z","cbfB6Mo9tFk7vP1INTc4ez","ccYMY8g+5EXJ5MXuZY8u2Z","cdQNjcASJFJ7Ev3AojCaDv","ce9fjQ3HpMVJNM5mw1RLdo","d0hA15tV5F34WuoV13DzAO","d3HBZgTB5PppUBsjQnaMjo","d3Tb9jaDxF9LUJYysQLbFA","deql/2B3lM9qeQtF0goJlF","dewUmWuPVOKo6J87WqoDa9","dffX07bxdCU5z0tRxN8jQi","e1hE0RVpRJL7GyM006dDqL","e2YinZ7wdHALZW9JiSTV4P","d48pRPMoNI3Z8tRewXp/QO","d5L6w2wnNFWrB4T/RJbxCd","dbQ34zMqlGw4g/rkOmrwDv","dbxt640oNIia2vaZulFYpm","dcDR+7PGZIj7q37MkybFhV","deiU3oD2BNrqVLwF4DY23x","dfQo5p6SVOhImfY9X1/rY7","df+a8DpL1ILr30wLCVIuX3","e1M4dVdwNOCqD69gLCBDJ5","e2xSxof3xCnIoaUKvS6jbh","e3HAS7I25Bm7tzVD06xvjK","e3JsyHhw1Or6WlbJ6JB8/2","e3Rca7kdhGcZTH0gfJVl4S","e5RMM2c7JFDoAXds7sTA9E","e5g5i898dF3KB3rPKbSyle","ebvyKLymFBd4R0x0rq+PKa","f1m+BshGRJTZMRkMjBNSX6","f4KHbHWs9I2qdslqJPc2oX","f7e7z1AhtN945l8v47fMK7","f7p1pSdDJGcrO2LBqTmapG","f73jESWANO9pnBJQYhdge+","f9H/TN4uZNH6T4hXteihIn","fbJJOxnlZGr4Lj0BUt39Q3","fb+h3TvOdLDYOwf2UlqxPl","fdWkBtXABNT61TvAFN1HAI","e5R/qoto1CmrW35mZ8CvBL","e5jST9GKxKp5CmsozGROxN","e6C+qKuSpFD5O1LjVMT2IV","e7fm5fzMdGfoIe0WtHr646","e8pvBFF8xJsaVd2FrQtWKn","ean/P7iWlIQZtNMXw5S484","ebhQOYGYhAKLGf3D+hiRXA","eb0iY01HVP6ZPbiYZxYpEV","f25HMFQVZHAouRo/Jpirol","f53PdQhDpDbLGpRMQYpkmv","f6CNJ4pJ5IBJmnoZD2eedA","f6/FOupYJGSqAnQ0JuL6hA","f9f/75JfdLUI1EhjOkLHH/","fbuVLcwqdKmZQCEbY/isnr","feeVLzMQZGarMn+eVCg2w6","ffac7IdQFKi5FFOMYJVSm+","e22LlJEDlBBaqno1N2V1sb","e3HxI9kipGl44F1yjvQHvv","e8WDk29JJLrZnuN7Eaj21G","e97GVMl6JHh5Ml5qEDdSGa","ebMKvJnzBKqa48PWXJqBYv","ebxbcNKIxHz5tneLhI1aN3","ecCTW49kJJYZX+93y4H/Sv","ecpdLyjvZBwrvm+cedCcQy","ed10xkSdJPq54pnq2R3e+R","f0BIwQ8D5Ml7nTNQbh1YlS","f1rOmPi1VDpZAE0KKQZzz/","f3ycwK291I6ZPYQ336FEi3","f6B76gadZHLpmt2vcMcR3I","fdNoodJKVLj4dF1TLppv2g","fejefp3nBBkqMgDkJLN18X"],"scenes":{},"redirect":[75,0,171,0,175,0,176,1,244,0,273,0,288,0,312,0,348,0,351,0,352,1,354,0],"deps":["resources","internal"],"packs":{"0570ae83e":[16,24,31,35,36,38,42,44,45,46,47,83,86,112,114,116,119,124,126,128,130,131,161,162,164,165,167,168,172,173,155,178,232,234,235,236,237,238,241,245,272,279,283,285,291,292,294,296,297,305,346,350,355],"06f6e7612":[105,106,146,213,214,217,220,264,265,267,278,222,339],"08167ea10":[25,32,33,34,37,39,40,41,43,48,49,76,77,81,82,84,85,160,113,115,120,122,123,125,132,163,166,169,170,177,233,240,242,243,269,280,281,282,286,287,289,290,293,295,304,306,307,308,309,311,345,347,349,353,357],"0888b330b":[23,159],"093bf60cb":[22,149,152,239],"0a741976b":[0,1,2,3,4,5,6,7,8,9,10,11,51,52,54,55,56,58,59,60,61,89,90,91,92,93,95,96,97,98,99,100,134,135,136,137,138,141,180,181,182,183,184,185,187,188,189,190,191,192,193,194,195,247,249,251,252,253,254,255,256,257,258,259,260,261,262,263,201,202,203,204,205,206,226,207,208,209,211,315,316,317,318,319,320,321,322,323,324,325,326,327,328],"0c55ebaf8":[14,67,342],"0c5c3b0a0":[12,20,66,68,69,71,79,103,104,108,144,150,154,197,218,224,229,300,302,329,332,344],"0ec124904":[156,338],"0f3067873":[29,73,153,276,343]},"name":"43","importBase":"import","nativeBase":"native","debug":false,"isZip":false,"encrypted":false,"versions":{"import":[13,"c8c4e","0570ae83e","5aff5","06f6e7612","b9421","08167ea10","f1267","0888b330b","35f25","093bf60cb","21a8a",18,"1f435","0a741976b","4af2d","0c55ebaf8","f056e","0c5c3b0a0","8aca6",19,"da30b","0ec124904","b0e7d","0f3067873","b5383",15,"95635",21,"da0ba",27,"cff2e",28,"f46ad",30,"14b69",53,"2836e",62,"18f2d",63,"8abfc",64,"7fc0a",65,"db2ff",70,"dd22a",57,"30dbc",72,"b983b",74,"116fb",80,"154e6",101,"be1de",121,"c9f3e",94,"8e0b0",102,"e3055",107,"4a18b",109,"04fac",110,"581bf",118,"b08d6",111,"e085a",142,"69720",143,"b6b93",145,"bb2e3",147,"1b81a",148,"04ab8",151,"dc16f",139,"121ed",140,"01b1d",157,"918cc",158,"14b4a",196,"415b6",198,"34b83",212,"abff4",186,"5e454",215,"a345b",216,"8f025",219,"8820e",221,"d402b",266,"37330",268,"eb870",275,"ae4cd",270,"8c9b7",271,"aa30b",277,"1ef7a",223,"4680c",200,"83d1f",225,"40c13",227,"ea72f",228,"ee032",230,"eb1f5",299,"8c162",301,"5db46",210,"e6f71",303,"04f0f",231,"fe764",314,"77f2d",330,"d2c49",331,"b2ade",333,"a3af8",334,"ddc48",335,"cd385",336,"e3972",337,"735cf",340,"ea72f",341,"48a59"],"native":[0,"7c422",1,"eb31c",2,"655dc",3,"b1793",4,"5f0b3",5,"b5f3c",6,"7f872",7,"41fa1",8,"d621e",9,"05aeb",10,"36356",11,"34392",51,"8bc92",52,"0891f",53,"5401c",54,"047cd",55,"18c53",56,"45804",57,"49cb7",58,"d2649",59,"8f7d6",60,"cf0fb",61,"8dc56",89,"8474a",90,"b9901",91,"6c193",92,"6069a",93,"84bd2",94,"26cbd",95,"1798f",96,"05456",97,"e16d0",98,"20b46",99,"7190e",100,"36923",134,"d5523",135,"1f5f4",136,"6ebd3",137,"d1437",138,"02fcb",139,"3144d",140,"5b5fc",141,"458e2",180,"40a41",181,"2058a",182,"8ba73",183,"01cb5",184,"ec34f",185,"911ff",186,"9ffe3",187,"b67c8",188,"b96ec",189,"8f7d6",190,"20dd7",191,"b5871",192,"004be",193,"7af63",194,"a1efe",195,"0d6c7",247,"5ccd2",249,"0860e",251,"92a04",252,"4e891",253,"374a7",254,"4689d",255,"5e4d6",256,"6cdba",257,"0f12e",258,"ae0a4",259,"833fc",260,"ba841",261,"2513b",262,"708e1",263,"2ef2a",200,"8b789",201,"e65cd",202,"4e891",203,"46d0e",204,"8f02a",205,"0dfbc",206,"cbdd9",226,"cdbc9",207,"534e2",208,"8c5b2",209,"211ce",210,"a48e2",211,"addb2",314,"b25b5",315,"54257",316,"11e9d",317,"16254",318,"05aeb",319,"dd378",320,"9a3ef",321,"1cba0",322,"4ee85",323,"f48eb",324,"120df",325,"37f5a",326,"b58f6",327,"c7222",328,"40fb2"]}}