{"paths":{"0":["ImgNew/1K ON",2],"1":["Img/BtnOn",2],"2":["ImgNew/CardPoker",2],"3":["MiniPokerOld/images/result/Sanh2",2],"4":["ImgNew/100 OFFF",2],"5":["Img/Btn_Next",2],"6":["MiniPokerOld/MpImageNew/btn_sieutoc",2],"7":["ImgNew/1K OFF",2],"8":["Img/bg",2],"9":["ImgNew2/sieutoc_active",2],"10":["MiniPokerOld/images/result/haidoi",2],"11":["MiniPokerOld/images/result/1",2],"12":["ImgNew2/quay_active",2],"13":["ImgNew2/10k_nomal",2],"14":["ImgNew/ShadowCard",2],"15":["MiniPokerOld/MpImageNew/Popup/title_lichsu",2],"16":["MiniPokerOld/MpImage/help-icon",2],"17":["ImgNew/effect",2],"18":["ImgNew/tex1",1,1],"19":["Prefabs/HistoryMiniPoker",4],"20":["ImgNew2/100_active",1,1],"21":["MiniPokerOld/MpFonts/font-export",1,1],"24":["MiniPokerOld/MpImage/Xhu/line",2],"25":["SOund/WinLine",10],"26":["MiniPokerOld/MpImage/Xhu/10k",2],"27":["Img/guild",2],"28":["ImgNew2/1k_ACTIVE",2],"29":["MiniPokerOld/MpImageNew/10k_disable",2],"30":["MiniPokerOld/MpImage/bg",2],"31":["MiniPokerOld/MpResCode/anim/MiniPoker-NH/MiniPoker-NoHu",9],"32":["MiniPokerOld/MpImageNew/title_minipoker",2],"33":["MiniPokerOld/MpImage/Xhu/x5",2],"34":["ImgNew2/bg_minipoker",2],"35":["MiniPokerOld/MpImageNew/Popup/bg_danhsach",2],"36":["ImgNew/10k OFF",1,1],"37":["ImgNew/SIEUTOC",1,1],"38":["ImgNew/THELE BTN",1,1],"39":["Img/bggame",1,1],"40":["MiniPokerOld/MpResCode/imgText/txtDoiJ",1,1],"41":["ImgNew/thanglon",1,1],"42":["MiniPokerOld/prefabs/minipokerTopView",4],"43":["MiniPokerOld/MpResCode/anim/MiniPoker-NH/MiniPoker-NoHu",7],"44":["Spine/skeleton.atlas",8],"45":["Img/BtnTuQuay",1,1],"46":["Prefabs/minipokerHelpView",4],"47":["Img/logo",1,1],"48":["MiniPokerOld/MpImage/lsgd-icon",1,1],"49":["MiniPokerOld/images/result/haidoi",1,1],"53":["MiniPokerOld/MpImage/Xhu/x5",1,1],"54":["MiniPokerOld/images/result/thungJ",1,1],"55":["MiniPokerOld/MpResCode/cardsminipoker",1,1],"56":["ImgNew/tex3",1,1],"57":["ImgNew/100 OFFF",1,1],"58":["ImgNew/tex7",1,1],"59":["MiniPokerOld/MpResCode/cardsminipokerBlur",1,1],"60":["Animation/SpinCard",0],"61":["MiniPokerOld/MpImageNew/Popup/bg_danhsach",1,1],"62":["MiniPokerOld/MpImageNew/btn_tudong_on",1,1],"79":["Spine/skeleton",2],"80":["ImgNew/VINHDANH BN",2],"86":["MiniPokerOld/MpImageNew/btn_sieutoc_on",2],"87":["MiniPokerOld/MpResCode/anim/CanQuay/cangat",2],"88":["ImgNew/QUAY",2],"89":["ImgNew2/quay",1,1],"90":["MiniPokerOld/images/result/doiJ",1,1],"91":["Img/BtnRoomOn",1,1],"92":["ImgNew2/10k_nomal",1,1],"93":["ImgNew2/1k_nomal",1,1],"94":["MiniPokerOld/MpImageNew/Popup/title_vinhdanh",1,1],"95":["MiniPoker",4],"96":["ImgNew/X BTN",1,1],"97":["ImgNew/tex6",1,1],"109":["MiniPokerOld/images/popup/huongdan_minipoker",2],"111":["ImgNew/quay2",2],"112":["MiniPokerOld/MpImageNew/1k_disable",2],"113":["MiniPokerOld/MpImage/Xhu/x4",2],"114":["ImgNew/10k ON",2],"115":["Img/BtnRoomOn",2],"116":["Img/bangvinhdanh",2],"117":["MiniPokerOld/MpImage/Xhu/100",2],"118":["MiniPokerOld/MpImageNew/btn_tudong_on",2],"119":["SOund/Spin",10],"120":["MiniPokerOld/MpImageNew/Popup/title_guide",2],"121":["MiniPokerOld/MpImageNew/10k",2],"122":["ImgNew2/1k_nomal",2],"123":["ImgNew2/10k_ACTIVE",2],"124":["MiniPokerOld/MpImage/Xhu/x6",2],"125":["Img/bghu",2],"126":["MiniPokerOld/MpResCode/cardsminipokerBlur",2],"127":["ImgNew/Blur",2],"128":["ImgNew2/sieutoc_nomal",2],"129":["ImgNew/KHUNGX5",2],"130":["MiniPokerOld/MpFonts/font-export",2],"131":["ImgNew2/auto_nomal",2],"132":["ImgNew2/quay",2],"133":["Img/Top",2],"134":["Img/bkgSieuToc",2],"135":["ImgNew/nohu",2],"136":["ImgNew/TUDONG",2],"137":["ImgNew/thanglon",2],"138":["ImgNew/phong to",2],"139":["MiniPokerOld/MpImage/scale-icon-2",2],"140":["ImgNew2/auto_active",2],"141":["SOund/StopSpin",10],"142":["MiniPokerOld/MpFonts/UTM_Avo",5],"143":["ImgNew/10k OFF",2],"144":["Img/bkgSieuToc",1,1],"145":["MiniPokerOld/images/result/sanh",1,1],"146":["ImgNew/ShadowCard",1,1],"147":["ImgNew/quay1",1,1],"148":["MiniPokerOld/MpImage/bxh-icon",1,1],"149":["ImgNew/phong to",1,1],"150":["ImgNew/tex2",1,1],"151":["MiniPokerOld/images/result/culu",1,1],"152":["MiniPokerOld/MpImage/coin",1,1],"153":["MiniPokerOld/MpImageNew/1k_disable",1,1],"154":["MiniPokerOld/images/result/Sanh2",1,1],"155":["MiniPokerOld/MpImage/hu-bg",1,1],"156":["MiniPokerOld/MpResCode/anim/CanQuay/cangat",1,1],"157":["Img/bghu",1,1],"158":["Img/Top",1,1],"159":["ImgNew/QUAY",1,1],"160":["ImgNew/1K ON",1,1],"161":["ImgNew/ZOOM BTN",1,1],"162":["MiniPokerOld/MpImage/scale-icon-1",1,1],"163":["ImgNew2/1k_ACTIVE",1,1],"164":["Img/bg",1,1],"165":["Img/bangvinhdanh",1,1],"166":["Img/BkbMiniCard",1,1],"167":["MiniPokerOld/MpImageNew/Popup/title_guide",1,1],"168":["ImgNew2/sieutoc_active",1,1],"169":["ImgNew/tex8",1,1],"170":["MiniPokerOld/images/popup/huongdan_minipoker",1,1],"171":["MiniPokerOld/MpImageNew/btn_sieutoc",1,1],"172":["MiniPokerOld/MpImage/huongdan-minipoker",1,1],"173":["MiniPokerOld/MpImage/bg",1,1],"174":["ImgNew/tex4",1,1],"175":["MiniPokerOld/MpImageNew/100_disable",1,1],"176":["ImgNew/CardPoker",3],"177":["MiniPokerOld/prefabs/minipokerHistoryView",4],"185":["Animation/Message",0],"186":["ImgNew/tex5",1,1],"187":["MiniPokerOld/prefabs/minipokerView",4],"218":["MiniPokerOld/MpResCode/cardsminipoker",2],"219":["Img/x",2],"220":["MiniPokerOld/images/result/sanh",2],"221":["MiniPokerOld/MpImageNew/100",2],"222":["MiniPokerOld/MpImageNew/shadows_1",2],"223":["ImgNew/tex7",2],"224":["Img/LichSu",2],"225":["MiniPokerOld/MpImageNew/btn_tudong",2],"226":["MiniPokerOld/MpFonts/UTM_AvoBold_Italic",5],"227":["ImgNew/THONGTIN BTN",2],"228":["MiniPokerOld/MpImage/Xhu/x2",2],"229":["MiniPokerOld/MpImageNew/Popup/title_vinhdanh",2],"230":["MiniPokerOld/MpImageNew/100_disable",2],"231":["MiniPokerOld/MpResCode/anim/cangat/cangat",2],"232":["ImgNew/tex1",2],"233":["Img/BtnQuay",2],"234":["ImgNew/KHUNGCHINH",2],"235":["MiniPokerOld/MpResCode/imgText/txtDoiJ",2],"236":["ImgNew/photo_2021-01-06_19-26-46",2],"237":["Img/bggame",2],"238":["MiniPokerOld/MpImage/bxh-icon",2],"239":["MiniPokerOld/MpImage/scale-icon-1",2],"240":["MiniPokerOld/images/result/thungphasanh",2],"241":["MiniPokerOld/MpImageNew/Popup/bg_popup",2],"242":["MiniPokerOld/MpImage/huongdan-minipoker",2],"243":["MiniPokerOld/images/result/thung",2],"244":["ImgNew/ZOOM BTN",2],"245":["MiniPokerOld/MpImageNew/Popup/line",2],"246":["MiniPokerOld/images/result/thungJ",2],"247":["MiniPokerOld/images/result/sam",2],"248":["ImgNew2/100_active",2],"249":["ImgNew/tex3",2],"250":["ImgNew2/HU",2],"251":["MiniPokerOld/MpImage/coin",2],"252":["ImgNew/tex8",2],"253":["ImgNew/quay1",2],"254":["MiniPokerOld/MpImageNew/1k",2],"255":["Img/BtnSieuToc",2],"256":["MiniPokerOld/MpImage/Xhu/frame",2],"257":["MiniPokerOld/MpImageNew/main-cards",2],"258":["ImgNew/100 ON",2],"259":["Img/btn_x5",2],"260":["MiniPokerOld/MpImage/hu-bg",2],"261":["SOund/loopSPin",10],"262":["MiniPokerOld/MpImage/lsgd-icon",2],"263":["MiniPokerOld/MpImageNew/line",2],"264":["Img/btn_room",2],"265":["MiniPokerOld/MpImage/Xhu/1k",2],"266":["MiniPokerOld/MpImage/close-btn",2],"267":["ImgNew2/100_NOMAL",2],"268":["ImgNew/SIEUTOC",2],"269":["ImgNew/Card",2],"270":["Img/BtnTuQuay",2],"271":["MiniPokerOld/MpFonts/UTM_AvoBold",5],"272":["MiniPokerOld/MpResCode/anim/MiniPoker-NH/MiniPoker-NoHu",2],"273":["MiniPokerOld/MpImage/Xhu/x3",1,1],"274":["MiniPokerOld/MpImage/Xhu/x6",1,1],"275":["MiniPokerOld/MpFonts/font-export",6],"276":["Img/BtnQuay",1,1],"277":["ImgNew/nohu",1,1],"278":["MiniPokerOld/MpImageNew/Popup/title_lichsu",1,1],"279":["MiniPokerOld/MpImageNew/10k_disable",1,1],"280":["MiniPokerOld/MpResCode/anim/cangat/cangat",7],"281":["ImgNew/photo_2021-01-06_19-26-46",1,1],"282":["ImgNew/VINHDANH BN",1,1],"283":["MiniPokerOld/MpImageNew/btn_sieutoc_on",1,1],"284":["MiniPokerOld/MpImageNew/shadows_1",1,1],"285":["ImgNew/quay2",1,1],"286":["ImgNew/KHUNGCHINH",1,1],"287":["MiniPokerOld/MpResCode/anim/MiniPoker-NH/MiniPoker-NoHu",1,1],"288":["ImgNew/effect",1,1],"289":["ImgNew2/sieutoc_nomal",1,1],"290":["MiniPokerOld/images/result/thungphasanh",1,1],"291":["Img/guild",1,1],"292":["MiniPokerOld/MpImage/close-btn",1,1],"293":["MiniPokerOld/MpImage/Xhu/x1",1,1],"294":["Img/LichSu",1,1],"295":["Prefabs/RankMiniPoker",4],"296":["MiniPokerOld/MpImageNew/10k",1,1],"297":["ImgNew/10k ON",1,1],"298":["MiniPokerOld/images/result/1",1,1],"302":["MiniPokerOld/MpImage/Xhu/10k",1,1],"303":["MiniPokerOld/images/result/sam",1,1],"304":["MiniPokerOld/MpImage/Xhu/1k",1,1],"305":["MiniPokerOld/MpImageNew/100",1,1],"306":["MiniPokerOld/MpImage/scale-icon-2",1,1],"307":["MiniPokerOld/images/quanbai/card3",3],"308":["ImgNew2/10k_ACTIVE",1,1],"309":["ImgNew/THONGTIN BTN",1,1],"310":["ImgNew/Blur",1,1],"311":["Img/Btn_Next",1,1],"312":["ImgNew2/HU",1,1],"313":["MiniPokerOld/MpImage/Xhu/x2",1,1],"314":["MiniPokerOld/MpImage/help-icon",1,1],"315":["MiniPokerOld/MpImage/bg-ketqua",1,1],"316":["ImgNew2/auto_active",1,1],"317":["MiniPokerOld/MpImageNew/main-cards",1,1],"318":["ImgNew/TUDONG",1,1],"319":["ImgNew2/100_NOMAL",1,1],"320":["MiniPokerOld/MpImage/Xhu/100",1,1],"321":["Img/BtnOn",1,1],"322":["Animation/SpinRun",0],"323":["MiniPokerOld/MpImageNew/1k",1,1],"324":["Img/BtnSieuToc",1,1],"325":["ImgNew/1K OFF",1,1],"326":["ImgNew/x5",1,1],"327":["MiniPokerOld/MpResCode/anim/cangat/cangat.atlas",8],"328":["MiniPokerOld/MpResCode/anim/CanQuay/cangat",7],"329":["ImgNew2/auto_nomal",1,1],"330":["ImgNew2/bg_minipoker",1,1],"331":["Animation/ShowText",0],"332":["MiniPokerOld/images/result/tuquy",1,1],"333":["ImgNew/KHUNGX5",1,1],"334":["Img/btn_room",1,1],"335":["Img/btn_x5",1,1],"336":["MiniPokerOld/images/result/thung",1,1],"337":["MiniPokerOld/MpImageNew/Popup/bg_popup",1,1],"377":["MiniPokerOld/MpFonts/UTM_Sharnay",5],"378":["MiniPokerOld/images/quanbai/card3",2],"379":["ImgNew/tex6",2],"380":["Img/BkbMiniCard",2],"381":["MiniPokerOld/images/result/tuquy",2],"382":["ImgNew/X BTN",2],"383":["ImgNew/tex5",2],"384":["Img/logo",2],"385":["MiniPokerOld/images/result/culu",2],"386":["ImgNew/x5",2],"387":["MiniPokerOld/MpImage/Xhu/x3",2],"388":["ImgNew/tex2",2],"389":["MiniPokerOld/MpImage/bg-ketqua",2],"390":["MiniPokerOld/images/result/doiJ",2],"391":["ImgNew/THELE BTN",2],"392":["MiniPokerOld/MpImage/Xhu/x1",2],"393":["Img/BtnRoomOff",2],"394":["ImgNew/tex4",2],"395":["Animation/StopCard",0],"396":["Spine/skeleton",1,1],"397":["Animation/AniSpin",0],"398":["ImgNew/Card",1,1],"399":["MiniPokerOld/MpImage/Xhu/line",1,1],"400":["Spine/skeleton",7],"401":["MiniPokerOld/MpResCode/anim/cangat/cangat",1,1],"402":["MiniPokerOld/MpImage/Xhu/x4",1,1],"403":["Animation/ShowJackpot",0],"404":["MiniPokerOld/MpImageNew/line",1,1],"405":["MiniPokerOld/MpImage/Xhu/frame",1,1],"406":["MiniPokerOld/MpResCode/anim/CanQuay/cangat.atlas",8],"407":["Img/x",1,1],"408":["Img/BtnRoomOff",1,1],"409":["ImgNew2/quay_active",1,1],"410":["MiniPokerOld/MpImageNew/Popup/line",1,1],"411":["MiniPokerOld/MpImageNew/title_minipoker",1,1],"412":["ImgNew/100 ON",1,1],"413":["MiniPokerOld/MpImageNew/btn_tudong",1,1]},"types":["cc.AnimationClip","cc.SpriteFrame","cc.Texture2D","cc.SpriteAtlas","cc.Prefab","cc.TTFFont","cc.BitmapFont","sp.SkeletonData","cc.TextAsset","cc.Asset","cc.AudioClip"],"uuids":["00MjPEXnlH6psDhQo6hucM","00SlDIWGxDuI4mfR9J/JiF","03MY9+YU1HWq4qFivJc3EQ","04qCk7RgtN+rFrVbcT9Vsz","058a0tzvtAU4WVRgXQbJ61","06EDD8/pZJdrcMLBDP7fdQ","07VdN6CqxIg4Gfq19JJgWO","07pwc3x1ZPiJ8oPZT+fV3+","08HGSWYGxHqIx+L3KYpkWn","0bGb6ygBVJpqzHLdr3td5J","0bQqxwtMhDU7zPXlKLW+3W","0bZAXYJchOTJf4ORFKHmRC","0bcLPHxJBEVaN48xT6l3KY","0fx5GsNo9Ao7teUhBE+8gl","10sIiQfdhBGYyzyvBwPy9x","11IwSYegBD45uZ/In62eU5","1aEsOLqthKD6ZS6l0KIRUb","1eWw3wJkxMgJ2Mg6scZTEj","00p5dP1t5AwL3Kr4s3ZB2i","02RFBbNpxP7a7mriazx6sI","03RDjt2bVISoZl+Apd/g9w","13XKTGOUFBToQQLTMcFwah","03YCljVCNLzYL6qm7o4ILY","04Av3VXFtHXordj9C3rjOy","289I9exNRK/Zmb7G9agq7S","289O1cR6VDjoAYFWKxA//3","28+3MlBsNKkohT5WLvT7td","29DxO0lURIRIhjGLIuIV2h","29ulHH3zdPfqCSMxP7PuOV","2a7PQTlEpE3J+1OrOYY0vP","2ewRh3LxlG7reHQBcfREa2","31vCcfT0BHt4DrVfIGJ78U","32baNp/vVLqq+SsTHnUaZ6","36zFybpR5MT7WrV02PnkTL","3apFst8+NBTbQtcp2z6MIS","80h/4U+KFLyLCTHZPdiTjJ","06uKoTFZ1KPrVesBZ9VD2T","0abhIRAM1FU60JDTXNe4T5","0cFdMKqFpBlJgDud4QLqRo","0dQ2K2yTRMA4VZlroA9pPq","0eDRR7w3tJMpIJ9FYOzh6j","0eIx+J3pVHUqtWnBycVZ12","0fYDqNMuZOpYo71Ym8VHMe","0f0zqy2S9FirqR1ofxLLWf","10U/wK88ZHc4Z4n4aGkWLl","11mXpMEY5F7I/EbrmTnOuT","11sMkUp+tPUqq3ghEoQ4Bk","19Zm1VZYdO4qTXStMdWJm+","1a5o5/J4ZCFpHQccR14UUg","1cD4AIf5BMnKulgVF6BrTD","08UD+9XOJERZ0vFm7Wy5Q1","08WumwsXJMVISMxPUOEDD+","0aRbVAVpVFbZ3F6Iqxw2nr","17QVRHwgFHNoOUachNc2uS","2aai8/eA9NW6kyro5mByGt","2cXeSfmDFLE7+fQowRJMMj","2ceoupneFIToUvdmBweanV","2chw0Hy6xE5Y5U7Xi28TzP","30HYcu/iNGULu67d54zrHB","31ltToX/NLxJurF54XWkgP","33Ht7OjkpOebm5R08aEXRm","33iN/UrGZNiIhdlSjkpRj8","36KjnXHDhBfZJEVz8rXGAC","0aklCkp01HJri1FFp0/VBZ","0fgGOiO9FF2p2gnkiB9JzB","12DR69EIZFaJSmbrrEI2oD","12OwyTmT5LN6s812dUtwAx","13z60kt41NtoJF3+apOtMo","14/jOQc6pGw6TqrKqDmme+","18fgX5z6BF9KuQ4E/fUjIw","1bqLJCUvhNer5PAbw3zqi8","1egbxtbQRLvJQ9daybIFe8","216ViOjKRAGYOI9j4wAOZM","22EC9ydZRJ060mT4JDKiNx","222/9xEFpBQLqrtJFpe0yV","24EJw/I75Kl4K8g1LdrGRp","24b7MREEhEMaJm6tvZXtmx","24qQsktkxLKrXQmWHSqD3P","25E4215QpBmKhUJaMkbLZk","2dEFWe8ttK0JCbOzy0IJA3","2dcjgPgXhDVJrNkFGEur1D","25Xsxn8h1LDozfww3s912s","26Uu2JTC5Ny4p4MYR5+N1A","26Y6ps9DNFhpk0a8EC7FHw","27aVILD8RGg40uxBKghIdD","27hqkVyjZCTbSHGNw8t10L","27w0BTS0FIQoVqBFXPG5hm","35BHTDhzdGyaWf6dZxrDHE","362PDu6vhARJUFJ1VOIEBj","28zBM+kHRLNqKW4c3TlePM","29wuRgy5dGdp7cRNRYLYU+","2bhymyGehMC7dt+WJO/Xsv","2dFMz/wclM/a6pbSLV3TPU","2dpmQYcgZIiIOCNClieAeU","2eW2tO4PpDhbqNA+2q7nAF","2fk1f7RdVLwLLaRcfxhkC4","30OAyCFOBEYJ+c1Uezeawk","33aaMB2v5DP7qrOR60I2iQ","29FYIk+N1GYaeWH/q1NxQO","2aEQKH4bZEtbBwl09Hy7Mg","2bxnu5G3tBvJepjiYPZuME","2cWB/vWPRHja3uQTinHH30","31YIVnX2lEV7V4DU1JGUw5","31//H3KeFNKKLhWW7sI3UU","32L3ntZJVDP4K+ZL5/ygxs","356DoMcS5AC4xtMXRoj58H","378gMPCulHTp0pKughkOd5","39I3K+hKVBx686D4CCrFR5","3bSfyw9mRNEKET71Ucde11","3c1tE1yKFNgqjyjoNg4M7I","3c5yg9ZL9KYbuq+0I9LrZ6","3d3F5lu/1Bl5qnSgyX5j3i","3d83PugFlIEoKhnBovk2nb","41BTBnempBjKxUB5sNOajV","43vE2yBvVL+qGp519weq2X","44TMw7c4hGs4JDvdzAXpFp","45xIUtUNhKUbfeHDVKEFIV","48F5DDI7BMTo0lLkNj6hBO","49KQZESM9HcrhoP4jcLYV2","4956rWiLhBoL/hwDi9Nn1d","4aJefQI8pK2plExRGmlB7w","4bTfGrscJMNYaPZFLu8W0Z","4dW2SkbFBG7ITt7Wa5pgV4","4e1ejGcPVLqYBiY/c7N3+8","50zAUU1G1OioNzEsxAcWTW","51l2vvyRtA6aDC0FHh/Zfh","52bKAWlPtE5YEHAuA4Ystn","57Z51vajpB6YR8W6QS51mk","576OonocJNqJGIN0r6EaE3","58I6EV8bZL/rms7T+PfLN1","5f5HyMazJGOKLINtYLhssm","63+tOYCvFL/43iB1ZJT9ZG","649iMItRVDhbyjl/Qd/gH1","68dt6nGLRAnp2DUSq5ysr+","68ibX7tUlHxqZfsXrfd4kx","69b7pTfw9ItrcA5A++IA4L","6c1LUGTtVE1avP0uPSfXQp","6c1VctL89GoJpW6rdCOm3F","6eaa3/ZWlLGZrhnKRPqAg/","736eNSuQ1Oxb+SP0Fi55i9","7am6yRuzpLt7kX8txwgXDU","7dBqoGxTlNp46hkX/ZyQhe","7eF4JKgnVOAZzZ5cWWWlzh","80c+pO47lP1Jh+5isO8spX","3fPyKKk5hIFahBDcwJpfIw","45pjkJj59CBaKV4hfEhSJE","4am8ngLzFElpYNbrTjK1fU","4b5DqAexdGobnksE41mJkq","55Nw8xi59P6pfJNwlKWoph","56Q4mwPJRDsY2kNx8EjI18","564WvbVX9OUqKWNR7qKfGv","5916cOpslNep9WDnVETXzq","5e20Up2EBKurU45S8ElfsG","5fh2/dIMFMhrTqDoYKqQJy","5fuLBjrHFAjYJH5UDCTV8h","62whxKznxM6bP2gicQ/KIO","63OEtURVdL0LLvBj44iZxP","67LZNG5thI/JRnw68IkA3Z","6bUnaQRlVC771EFHO6H/mI","6bx4G/CD5F+qEPAP8CSaAC","6cMnnTT5xHspBXwRjGquG3","6cksqcE+hHMrtAxKlVJGbJ","6dRkhuXkxKeYXQjcXZfTs8","6eBLD/xw5JpoMudaiSys6D","6ebZTnIChLuo+fbMpQPlUa","6ek1jtshhHaYqWRtUoR99q","70B6dDVe5DqK+fVJW8fMcx","70tYWDC0BJC5tKkvsd4VJ6","700qoMhK5NQpKAx3xwFk9F","76OpLVLIhMor1llr7x/NMW","76kAn0cdRK8ZSsvVqDUwuF","760E6nVTRI1YPIV3QZShaB","78Ygvz73RKM5Achw68JCVm","79DC3lfM1BaZqBi+DPhAMS","79cnytxdJDVrFojK9M5lUP","798hYMhbVPxJDyFv2cIZzg","7dazFo9NpPC7PHJr8Eljij","7euozZIPNDH6VcSf6up+jP","3dWgpcbw9Is7LMjFzq+4BD","40GPPYepFGNprdq5W3EQS7","40WNOuQDxCN7SybYsv9KUn","41te2kLPFE7Ymu2P09GNcz","42EgVCIAdPZo5SdmSyv+GW","44qcxdPbdFUbLCBamDsWvi","45XCTgB4pF+aKXShRo9KPW","4eyF8blldMnrNNKJjFcE7T","4fWWpstNdCMJAppEuj7bgM","52eCzwF1FAZIRdY64lW79y","48V02yWHJLWbDravzclthi","48wLcXJBNG6oXnB7vpalc5","49AjOgSkFMcaQpqY0dtwQ8","4adodi34VBFaWba9m06Ldh","4beLxoKkxA7686WfJuW4qE","4cxP+NdtRC+aX9wU8Ly7G+","4docuhFzVP1ZA04fXFDx3k","4fladOBa9KsLFUyOjw8YmU","500jJhX4BNxKAW1+CVRbEN","52qxKzyYdIiqTFurFTrOAC","54Gd+pzEVCA7OMIeZhQWQH","55YzQQpIBG34q8PGJvcbDB","59uhNv6+NCbZneFAkryJsQ","5aRcfCGvJBvJ0QllaUgmfq","60PytTrc1D3bDELUsIRwzN","63mgfGzmBEALh7kK8Ibyr0","64s2EO5GdEU6t7kLf1YFjf","67OwedxlFH5LN2ILzAYpSb","69YWqPbG5Fqqq2R0WW2I8O","6anGYMLUxKO5evAibZ12Po","6bdbg0ZDZEOpbC1Y7xEliA","6fPyHi8dlKJaT/xo/Y0Byx","747roTnXtGIpAmDXbR3R9O","75JCQoLT9C3ZdD7PVyTBLH","79eWKSqXhGP6VT+3Wx0IOP","79pjIl+QxP3KMwDnF+8hIL","7a/QZLET9IDreTiBfRn2PD","7cGF2UQJxJlrkcW38/o5bD","7ft2nuJg5BE7PfMhD4Qfnp","805DNvw/hGprvtpZ3gUy0M","834om90dlBuLAizpQFssLU","842D25dyNFOrmIRn8KI0G5","86fuqduUlLBYO9LCtZwHYw","87cJ7IdlNDdK0sM3y5xfjW","8agJa2gbZGkLcttIH21sPl","8a2ofxjTdJaaXTsROOcquy","8bojX/G6RJ3qmb/1M7TbPU","8dDRgRVEhPsaUVVthbQQ84","8drxr1BrVHMIx3wcWK2Omn","8dzdO4J+FJZ5Q3M3f8qNNa","8d9qfAnZFNAIznUJFgxlp2","8eRM5i3gtIoq4OnDzq2Btu","8fcMu+m75M7Jjv9fmoszUu","902g7+z3xCe53YIlIJmJ/j","91BYU5ztFIo47c67QCIKh0","944enNu5dEq6F/GyqA6Ame","96lLQgVXFMCbVdTK0ljIpl","9aSkoGyIBEpKtoBtgA1BkK","9ebdJf8uNCfZIVBtXFdF8m","a00yY+jJ1IpbecyR8r+xkM","a3flwlLNdEkKqf7CrlRda8","a4JiP+1kRObKR3CnRRRbcN","a6oJfk8BVH66eZXloqvo54","a7KDKirB5PH6RPJOfvOYSf","a7iFCT8EBHG5OOV/ysl8W4","ab7jxCJeFEd5bvnjICy7A5","afIz6JMcxJQ7ap8FrWVbAf","afMCbII0JMqrO82Z8zYTlh","b1I21wXQVBa7ER9zP8sVgM","b31FXfcXtMi4cG6XLatmq/","b6NGslw5lA/5Pl6vCk0Pml","b9REo8bktMGpL2BJUxs4Tp","baJd9JTllPW7afxEymG9fo","bcQ8RRtghNkKRiiE1haYXK","beYEUnYXFCoIqmy6kMGPWU","bfeMjUFPZHJpW+eRwEPk2a","c1d6w2L/pLx58Yc2WnxkeL","c14aa0rkpJ45mC2DGkLlrT","c3BJ41+WhC+bg+CXW+IQ8B","c5/iK+GJdMbZKHZZXxUOQN","c7xl2S6fxCiqnyVlR+wZYz","c8GCtyhHxHyoqfEorpdZBV","cbVbAyWt9NnZe75hQCstiH","d0Z3IPlg9IeIiCxVlGM1+a","d0loqnLjtKXJ9W+JEbdnUG","d1fkBjrPBDxZg/g44BIcjl","d1yK/gfCREkIH5OzbhOQaa","d3Xt3ZRYlDiacwXqEsQ6AW","d4AqKtfgBNtIT7KNQFbWuS","d4Wts/08ZCs4ehN7J9E+h1","d7xF1/8XVKxIFYGZ0VtwHt","e0FJGiwO9NzaSYeb0ICrkS","e0TyUQHfdFRpUZT5LXE3u7","e0wjNpSGtN/6zMOkzjq4lN","e01/msDqhOEa5a/+KhG2Pe","81C/KuIDVDqYOaatH9n9zF","81cELpTElFcoH3kljcX80r","82xH47sP1Om4yrrndgmyux","83qQOaUDJGS4Nk4Lkc2BMQ","86H/vPCQZJFIk5TjVgveLO","86IctJB25GObThVOn+09h4","88p84kxIhE4peZEOwkXuxI","8aEjqqP3tIHYCRwMfmtQWZ","8bLL9g83dLt5sCjw1nt45U","8cL/koF6lLlLiX6TaEZD9w","8dNhm5PLhLCLLSxdeBZQj2","8dq7kn5plAQ5iEmMydPf1x","8e4q5h+tFNsLB/KidUbY8F","93uVSG735D8JrDGlmHjH7v","98MW/GGWdEdLV2LgYHv44+","98qyQELrVFdIVbp9+mMSnI","98rBSfpIpLEau17pslp7+L","9dUG+V+1ZPhIDW7bv21gaX","9eDpOtq4xH87Nn86ZJOjNy","9fguWsBS1CcoDWOhbRxVRi","a1ahSWtvRH9Ypr+4QSUxLy","a136K8qx9M44u4fgfOTnTK","a6JPe7mRpLN5jnyGBFXo+u","a63VYGFi9BFq1rrSqcFm6J","a8dPzlV2NPOYpWcZzYQbKG","a9Z6PjFIpGOK21hJdG5iCC","a3FRx62QZFjJeQQO01jrMB","a7ZIP+aGpJdJPFaAE8axIJ","a9VpD0DP5LJYQPXITZq+uj","aay55u4UBLC7V9JHvnIO/t","abgrOtLzhPZ5bICOCX3WIf","adatVJrMZIC4E/Z+B+h6L7","b0Rr3fdvdECpD0VnxOf3L2","b3AhY1WdFL2b9ZhfjSIJG/","b3LfE7eSdN8rO2XiS5kv33","b9DQJY0HVIOagHJB5l3PJu","bbEZSbUFJGLIH64sGRCG5w","bd+6piRJVGZKhOUR6wakca","c31eZWbGNHq7PJx0seyaa5","c4WGTN6KNFIqtlMtH/oiAi","c7CaQT6UVFwogonxxWnXMz","c9HtrEpcJBJIHWZDhUaaiZ","ca2dQla+pAk5JwBtvcBLng","ca+oocD3dNvpLucn9Z4YMP","cbAqsj1YZB+7awqK5EcvAI","cdSOKMXhRCF44u538UMbb8","cey4ETD4pGybru5HnpiwnS","cfO16MyJxMfbnCuNdQEJwB","d0FzpBPzlIOqGKnis65ES/","d2P3W6/npN+JGfFc9MSf4W","d3Tb9jaDxF9LUJYysQLbFA","d3pOl3Ub9E6r9N6RPOOy3U","d4z8ybF+xGRYNTAYVN0Rgm","d8lpj3io5KpI/yxmo4ytbx","d8qvrRYqJHAaHpw/HMSHhq","d9O7KGBQRNb4YjJE2d/PH9","daBn+0TtFHiLwPvqbd1jIj","dar18ifgNCXL94raPCWRBM","deQG4WvxRIrofHlnV2G85y","deql/2B3lM9qeQtF0goJlF","dfF3GgQJtP04K3/4zeQhI/","dffX07bxdCU5z0tRxN8jQi","e1hE0RVpRJL7GyM006dDqL","e2YinZ7wdHALZW9JiSTV4P","e2fe+84jVPVISi34jyZZaa","8bZWw+pJpLwqo03M4BgtSz","8djO43yUJPvqXxh/hamJoB","8ebB+Dm/dOKZE2sF+9tE/H","91n4tcRgBINZ0CySANFuha","99DjGu9r1FQI1CtEBbYT8L","9bRmMcB4dCP5jK34gXHEY2","9bUqkw7lNH8IQ4dXpwilaw","9cnRPqn3ZNsLCVMce7VAfm","9dE72CsYxKqosux5eppw02","9d3TF7PIFDvLzK/KJ0tNNv","9fcR7mx79LDqdAqBNrngfp","a92x7uzfROIpvzbnUSEYE2","b8dObzfnlJc6GSSBLsT7kJ","b8/fza4J9F4p1i01GAIydE","bcZaxHZCpP7KPRSSZwcNzC","bcgRIP/PJCTIbDgzlycp4u","bdUYTRiJlCZqBBwy41hVyA","bfws0w5+9EeYfI++woq+Hd","c2cZEe82VCralO1390YDH/","c2tpo/s99BpZY1OlYoq+4n","c6und0ekpJ+7w+LKIsCVkf","caD5tlaK1Odrw3u/u4qi8e","caKEhS0+1Oe4mPG41xoRMD","cbE8IVBn5Bz6wdO1PpXe1Z","cbfB6Mo9tFk7vP1INTc4ez","ccYMY8g+5EXJ5MXuZY8u2Z","cdQNjcASJFJ7Ev3AojCaDv","ce9fjQ3HpMVJNM5mw1RLdo","d0hA15tV5F34WuoV13DzAO","d3HBZgTB5PppUBsjQnaMjo","d48pRPMoNI3Z8tRewXp/QO","d5L6w2wnNFWrB4T/RJbxCd","dbQ34zMqlGw4g/rkOmrwDv","dbxt640oNIia2vaZulFYpm","dcDR+7PGZIj7q37MkybFhV","deiU3oD2BNrqVLwF4DY23x","dfQo5p6SVOhImfY9X1/rY7","df+a8DpL1ILr30wLCVIuX3","e2xSxof3xCnIoaUKvS6jbh","e3HAS7I25Bm7tzVD06xvjK","e3JsyHhw1Or6WlbJ6JB8/2","e3Rca7kdhGcZTH0gfJVl4S","e5RMM2c7JFDoAXds7sTA9E","ebvyKLymFBd4R0x0rq+PKa","edbVN5E0FInIChU4ZK4y75","f1m+BshGRJTZMRkMjBNSX6","f2rk0kXX5NeKqy8UMgk3e7","f4KHbHWs9I2qdslqJPc2oX","f4QDLyjo9DEY6tUABKsRfL","f7e7z1AhtN945l8v47fMK7","f7p1pSdDJGcrO2LBqTmapG","f73jESWANO9pnBJQYhdge+","f9H/TN4uZNH6T4hXteihIn","fbEJPefK5GS6dznbIQssnX","fbJJOxnlZGr4Lj0BUt39Q3","fb+h3TvOdLDYOwf2UlqxPl","fdWkBtXABNT61TvAFN1HAI","e5R/qoto1CmrW35mZ8CvBL","e5jST9GKxKp5CmsozGROxN","e6C+qKuSpFD5O1LjVMT2IV","e7fm5fzMdGfoIe0WtHr646","e8pvBFF8xJsaVd2FrQtWKn","ean/P7iWlIQZtNMXw5S484","ebhQOYGYhAKLGf3D+hiRXA","eb0iY01HVP6ZPbiYZxYpEV","f25HMFQVZHAouRo/Jpirol","f53PdQhDpDbLGpRMQYpkmv","f6CNJ4pJ5IBJmnoZD2eedA","f6/FOupYJGSqAnQ0JuL6hA","f9a7oHl3VMqr7G/4chpotw","f9f/75JfdLUI1EhjOkLHH/","faj+gpHLFM8p33T4zx/3EL","fbuVLcwqdKmZQCEbY/isnr","feeVLzMQZGarMn+eVCg2w6","fejMIV63ZKE78dywz6X0fk","ffac7IdQFKi5FFOMYJVSm+","e22LlJEDlBBaqno1N2V1sb","e3HxI9kipGl44F1yjvQHvv","e8WDk29JJLrZnuN7Eaj21G","e97GVMl6JHh5Ml5qEDdSGa","ebMKvJnzBKqa48PWXJqBYv","ebxbcNKIxHz5tneLhI1aN3","ecpdLyjvZBwrvm+cedCcQy","ed10xkSdJPq54pnq2R3e+R","f0BIwQ8D5Ml7nTNQbh1YlS","f1rOmPi1VDpZAE0KKQZzz/","f3ycwK291I6ZPYQ336FEi3","f6B76gadZHLpmt2vcMcR3I","fdNoodJKVLj4dF1TLppv2g","fejefp3nBBkqMgDkJLN18X"],"scenes":{},"redirect":[98,0,214,1,417,0,420,1,422,0],"deps":["resources","internal"],"packs":{"0570ae83e":[22,50,63,67,68,70,74,76,77,81,82,104,107,179,181,183,188,193,195,197,199,200,202,203,205,206,208,209,212,213,176,216,338,340,341,342,343,344,346,299,349,350,354,356,361,362,364,366,367,369,415,419,423],"0712926e3":[177,278,404],"07d5cd57b":[18,41,56,95,58,60,97,185,186,150,157,169,171,174,277,322,335,395,398,413],"08167ea10":[51,64,65,66,69,71,72,73,75,83,84,99,100,102,103,105,106,178,180,182,189,191,192,194,201,204,207,210,211,215,339,345,347,348,307,351,352,353,357,358,359,360,363,365,368,370,371,372,373,375,414,416,418,421,425],"0888b330b":[21,275],"08b40bd17":[187,148,162,284,290,293,298,302,304,317,320,405],"0a2d0f67c":[46,167,170],"0b7898d97":[0,1,2,3,4,5,6,7,8,9,10,11,12,13,14,15,16,17,86,24,26,27,28,29,79,80,30,32,87,33,88,34,109,111,112,113,114,115,116,117,118,120,121,122,123,124,125,126,127,128,129,130,131,132,133,134,135,136,137,138,139,140,143,35,218,219,220,221,222,223,224,225,227,228,229,230,231,232,233,234,235,236,237,238,239,240,241,242,243,244,245,246,247,248,249,250,251,252,253,254,255,256,257,258,259,260,262,263,264,265,266,267,268,269,270,272,378,379,380,381,382,383,384,385,386,387,388,389,390,391,392,393,394],"0ba48a74f":[48,62,153,173,175,279,283,296,305,314,323,411],"0c55ebaf8":[42,94,410]},"name":"43","importBase":"import","nativeBase":"native","debug":false,"isZip":false,"encrypted":false,"versions":{"import":[19,"1e85f",20,"ee7fd","0570ae83e","5aff5",36,"7257a","0712926e3","1e6d2","07d5cd57b","94bf5","08167ea10","f1267","0888b330b","35f25","08b40bd17","6111e","0a2d0f67c","5dd51",37,"1f435","0b7898d97","e3cd7","0ba48a74f","a4f6d",38,"0aa36","0c55ebaf8","f056e",39,"bab93",40,"da30b",43,"95635",44,"da0ba",45,"cff2e",53,"f46ad",47,"8e68e",49,"14b69",89,"4594d",25,"2836e",90,"18f2d",54,"8abfc",91,"7fc0a",55,"db2ff",57,"0f04d",92,"40494",93,"1a40d",96,"d114a",59,"dd22a",31,"30dbc",61,"b983b",144,"154e6",145,"be1de",190,"c9f3e",119,"8e0b0",146,"e3055",147,"aba3f",149,"4a18b",151,"581bf",152,"b08d6",154,"e085a",155,"69720",156,"b6b93",158,"6ce7c",159,"bb2e3",160,"d84db",161,"0749e",163,"aff7b",164,"ba3b1",165,"1b81a",166,"04ab8",168,"ffb14",172,"28546",141,"121ed",142,"01b1d",273,"918cc",274,"14b4a",276,"415b6",280,"abff4",281,"fea16",282,"39b29",226,"5e454",285,"277d9",286,"081ee",287,"a345b",288,"8f025",289,"42e5a",291,"b8ac2",292,"2beab",294,"89fc0",295,"d402b",297,"bac39",303,"37330",306,"eb870",308,"50fdf",309,"632c4",310,"ae4cd",311,"8c9b7",312,"fd805",313,"aa30b",315,"1ef7a",316,"047fc",318,"7ed63",319,"d1d99",321,"4680c",261,"83d1f",324,"40c13",325,"01621",326,"ec704",327,"ea72f",328,"ee032",329,"2d1b0",330,"5e25c",331,"eb1f5",332,"8c162",333,"e13a8",334,"5db46",271,"e6f71",336,"04f0f",337,"2b004",377,"77f2d",396,"d2c49",397,"b2ade",399,"a3af8",400,"ddc48",401,"cd385",402,"e3972",403,"735cf",406,"ea72f",407,"368a5",408,"48a59",409,"42037",412,"1997c"],"native":[0,"4b4fe",1,"7c422",2,"eb31c",3,"655dc",4,"9fbb3",5,"b1793",6,"5f0b3",7,"abd53",8,"15142",9,"68092",10,"b5f3c",11,"7f872",12,"c7c73",13,"d8d3f",14,"41fa1",15,"d621e",16,"918b2",17,"36356",86,"8bc92",24,"0891f",25,"5401c",26,"047cd",27,"1f31c",28,"83015",29,"be58d",79,"18c53",80,"db7e6",30,"2098b",31,"49cb7",32,"92ba0",87,"8f7d6",33,"cf0fb",88,"8dc56",34,"d9219",109,"42600",111,"d14a0",112,"a92e0",113,"8474a",114,"62695",115,"b9901",116,"6c193",117,"6069a",118,"ef6a1",119,"26cbd",120,"1798f",121,"1f792",122,"7ae5a",123,"c3a07",124,"05456",125,"ae2ea",126,"20b46",127,"7190e",128,"fe5d3",129,"9d245",130,"36923",131,"a4244",132,"4562e",133,"cc03e",134,"d5523",135,"1f5f4",136,"55e0c",137,"6ebd3",138,"d1437",139,"02fcb",140,"aa165",141,"3144d",142,"5b5fc",143,"a88d8",35,"458e2",218,"40a41",219,"3d0bf",220,"8ba73",221,"52297",222,"01cb5",223,"ec34f",224,"e54ec",225,"6b30c",226,"9ffe3",227,"2baf2",228,"b67c8",229,"b96ec",230,"73b79",231,"8f7d6",232,"20dd7",233,"b5871",234,"d8ce6",235,"004be",236,"fd482",237,"b5385",238,"97fc4",239,"a1efe",240,"0d6c7",241,"f4906",242,"e35e2",243,"92a04",244,"240f2",245,"4e891",246,"374a7",247,"4689d",248,"c8298",249,"5e4d6",250,"2a54d",251,"0f12e",252,"ae0a4",253,"79ed0",254,"e9a36",255,"833fc",256,"ba841",257,"2513b",258,"14215",259,"708e1",260,"2ef2a",261,"8b789",262,"17276",263,"4e891",264,"46d0e",265,"8f02a",266,"9f30e",267,"fc625",268,"cbdd9",269,"8c5b2",270,"211ce",271,"a48e2",272,"addb2",377,"b25b5",378,"54257",379,"11e9d",380,"16254",381,"dd378",382,"c1613",383,"9a3ef",384,"6d9f1",385,"1cba0",386,"c716a",387,"4ee85",388,"f48eb",389,"120df",390,"37f5a",391,"19df8",392,"b58f6",393,"c7222",394,"40fb2"]}}