[1,["e3JsyHhw1Or6WlbJ6JB8/2","6anGYMLUxKO5evAibZ12Po","caD5tlaK1Odrw3u/u4qi8e","bcgRIP/PJCTIbDgzlycp4u","64s2EO5GdEU6t7kLf1YFjf","22EC9ydZRJ060mT4JDKiNx","9d3TF7PIFDvLzK/KJ0tNNv","9fcR7mx79LDqdAqBNrngfp","42EgVCIAdPZo5SdmSyv+GW","7cGF2UQJxJlrkcW38/o5bD","e22LlJEDlBBaqno1N2V1sb","48wLcXJBNG6oXnB7vpalc5","1egbxtbQRLvJQ9daybIFe8","8djO43yUJPvqXxh/hamJoB","31YIVnX2lEV7V4DU1JGUw5","c6und0ekpJ+7w+LKIsCVkf","40WNOuQDxCN7SybYsv9KUn","b8/fza4J9F4p1i01GAIydE","4adodi34VBFaWba9m06Ldh","75JCQoLT9C3ZdD7PVyTBLH","12OwyTmT5LN6s812dUtwAx","0fgGOiO9FF2p2gnkiB9JzB","dcDR+7PGZIj7q37MkybFhV","ce9fjQ3HpMVJNM5mw1RLdo","9cnRPqn3ZNsLCVMce7VAfm","18fgX5z6BF9KuQ4E/fUjIw","e8WDk29JJLrZnuN7Eaj21G","dbQ34zMqlGw4g/rkOmrwDv","df+a8DpL1ILr30wLCVIuX3","dbxt640oNIia2vaZulFYpm","747roTnXtGIpAmDXbR3R9O","f6B76gadZHLpmt2vcMcR3I","bcZaxHZCpP7KPRSSZwcNzC","378gMPCulHTp0pKughkOd5","26Y6ps9DNFhpk0a8EC7FHw","31//H3KeFNKKLhWW7sI3UU","3dWgpcbw9Is7LMjFzq+4BD","4beLxoKkxA7686WfJuW4qE","ebMKvJnzBKqa48PWXJqBYv","08WumwsXJMVISMxPUOEDD+","27aVILD8RGg40uxBKghIdD","d48pRPMoNI3Z8tRewXp/QO","caKEhS0+1Oe4mPG41xoRMD","ed10xkSdJPq54pnq2R3e+R","49AjOgSkFMcaQpqY0dtwQ8","5aRcfCGvJBvJ0QllaUgmfq","ccYMY8g+5EXJ5MXuZY8u2Z","12DR69EIZFaJSmbrrEI2oD","216ViOjKRAGYOI9j4wAOZM","356DoMcS5AC4xtMXRoj58H","4docuhFzVP1ZA04fXFDx3k","2aEQKH4bZEtbBwl09Hy7Mg","24EJw/I75Kl4K8g1LdrGRp","2bxnu5G3tBvJepjiYPZuME","deiU3oD2BNrqVLwF4DY23x","c2tpo/s99BpZY1OlYoq+4n"],["_textureSetter","10","11","12","13","14","15","16","17","18","19","20","21","22","23","24","25","26","27","28","29","30","31","32","33","34","35","36","37","38","39","40","41","42","43","44","45","46","47","48","49","50","51","52","01","02","03","04","05","06","07","08","09","B","V","card_40"],["cc.SpriteFrame",["cc.SpriteAtlas",["_name","_spriteFrames"],2,11]],[[1,0,1,2]],[[[{"name":"48","rect":[111,144,110,145],"offset":[0,0],"originalSize":[110,145],"capInsets":[0,0,0,0]}],[0],0,[0],[0],[0]],[[{"name":"30","rect":[333,730,110,145],"offset":[0,0],"originalSize":[110,145],"capInsets":[0,0,0,0]}],[0],0,[0],[0],[0]],[[{"name":"04","rect":[777,438,110,145],"offset":[0,0],"originalSize":[110,145],"capInsets":[0,0,0,0]}],[0],0,[0],[0],[0]],[[{"name":"29","rect":[333,876,110,145],"offset":[0,0],"originalSize":[110,145],"capInsets":[0,0,0,0]}],[0],0,[0],[0],[0]],[[{"name":"34","rect":[333,146,110,145],"offset":[0,0],"originalSize":[110,145],"capInsets":[0,0,0,0]}],[0],0,[0],[0],[0]],[[{"name":"21","rect":[555,0,110,145],"offset":[0,0],"originalSize":[110,145],"capInsets":[0,0,0,0]}],[0],0,[0],[0],[0]],[[{"name":"05","rect":[777,292,110,145],"offset":[0,0],"originalSize":[110,145],"capInsets":[0,0,0,0]}],[0],0,[0],[0],[0]],[[{"name":"14","rect":[666,0,110,145],"offset":[0,0],"originalSize":[110,145],"capInsets":[0,0,0,0]}],[0],0,[0],[0],[0]],[[{"name":"09","rect":[666,730,110,145],"offset":[0,0],"originalSize":[110,145],"capInsets":[0,0,0,0]}],[0],0,[0],[0],[0]],[[{"name":"43","rect":[111,874,110,145],"offset":[0,0],"originalSize":[110,145],"capInsets":[0,0,0,0]}],[0],0,[0],[0],[0]],[[{"name":"49","rect":[0,874,110,145],"offset":[0,0],"originalSize":[110,145],"capInsets":[0,0,0,0]}],[0],0,[0],[0],[0]],[[{"name":"08","rect":[666,876,110,145],"offset":[0,0],"originalSize":[110,145],"capInsets":[0,0,0,0]}],[0],0,[0],[0],[0]],[[{"name":"B","rect":[0,290,110,145],"offset":[0,0],"originalSize":[110,145],"capInsets":[0,0,0,0]}],[0],0,[0],[0],[0]],[[{"name":"23","rect":[444,730,110,145],"offset":[0,0],"originalSize":[110,145],"capInsets":[0,0,0,0]}],[0],0,[0],[0],[0]],[[{"name":"44","rect":[111,728,110,145],"offset":[0,0],"originalSize":[110,145],"capInsets":[0,0,0,0]}],[0],0,[0],[0],[0]],[[{"name":"06","rect":[777,146,110,145],"offset":[0,0],"originalSize":[110,145],"capInsets":[0,0,0,0]}],[0],0,[0],[0],[0]],[[{"name":"42","rect":[222,0,110,145],"offset":[0,0],"originalSize":[110,145],"capInsets":[0,0,0,0]}],[0],0,[0],[0],[0]],[[{"name":"45","rect":[111,582,110,145],"offset":[0,0],"originalSize":[110,145],"capInsets":[0,0,0,0]}],[0],0,[0],[0],[0]],[[{"name":"25","rect":[444,438,110,145],"offset":[0,0],"originalSize":[110,145],"capInsets":[0,0,0,0]}],[0],0,[0],[0],[0]],[[{"name":"17","rect":[555,584,110,145],"offset":[0,0],"originalSize":[110,145],"capInsets":[0,0,0,0]}],[0],0,[0],[0],[0]],[[{"name":"20","rect":[555,146,110,145],"offset":[0,0],"originalSize":[110,145],"capInsets":[0,0,0,0]}],[0],0,[0],[0],[0]],[[{"name":"27","rect":[444,146,110,145],"offset":[0,0],"originalSize":[110,145],"capInsets":[0,0,0,0]}],[0],0,[0],[0],[0]],[[{"name":"46","rect":[111,436,110,145],"offset":[0,0],"originalSize":[110,145],"capInsets":[0,0,0,0]}],[0],0,[0],[0],[0]],[[{"name":"07","rect":[777,0,110,145],"offset":[0,0],"originalSize":[110,145],"capInsets":[0,0,0,0]}],[0],0,[0],[0],[0]],[[{"name":"02","rect":[777,730,110,145],"offset":[0,0],"originalSize":[110,145],"capInsets":[0,0,0,0]}],[0],0,[0],[0],[0]],[[{"name":"13","rect":[666,146,110,145],"offset":[0,0],"originalSize":[110,145],"capInsets":[0,0,0,0]}],[0],0,[0],[0],[0]],[[{"name":"10","rect":[666,584,110,145],"offset":[0,0],"originalSize":[110,145],"capInsets":[0,0,0,0]}],[0],0,[0],[0],[0]],[[{"name":"39","rect":[222,438,110,145],"offset":[0,0],"originalSize":[110,145],"capInsets":[0,0,0,0]}],[0],0,[0],[0],[0]],[[{"name":"28","rect":[0,144,110,145],"offset":[0,0],"originalSize":[110,145],"capInsets":[0,0,0,0]}],[0],0,[0],[0],[0]],[[{"name":"18","rect":[555,438,110,145],"offset":[0,0],"originalSize":[110,145],"capInsets":[0,0,0,0]}],[0],0,[0],[0],[0]],[[{"name":"22","rect":[444,876,110,145],"offset":[0,0],"originalSize":[110,145],"capInsets":[0,0,0,0]}],[0],0,[0],[0],[0]],[[{"name":"33","rect":[333,292,110,145],"offset":[0,0],"originalSize":[110,145],"capInsets":[0,0,0,0]}],[0],0,[0],[0],[0]],[[{"name":"15","rect":[555,876,110,145],"offset":[0,0],"originalSize":[110,145],"capInsets":[0,0,0,0]}],[0],0,[0],[0],[0]],[[{"name":"16","rect":[555,730,110,145],"offset":[0,0],"originalSize":[110,145],"capInsets":[0,0,0,0]}],[0],0,[0],[0],[0]],[[[0,"card3.plist",[{},"10",6,0,"11",6,1,"12",6,2,"13",6,3,"14",6,4,"15",6,5,"16",6,6,"17",6,7,"18",6,8,"19",6,9,"20",6,10,"21",6,11,"22",6,12,"23",6,13,"24",6,14,"25",6,15,"26",6,16,"27",6,17,"28",6,18,"29",6,19,"30",6,20,"31",6,21,"32",6,22,"33",6,23,"34",6,24,"35",6,25,"36",6,26,"37",6,27,"38",6,28,"39",6,29,"40",6,30,"41",6,31,"42",6,32,"43",6,33,"44",6,34,"45",6,35,"46",6,36,"47",6,37,"48",6,38,"49",6,39,"50",6,40,"51",6,41,"52",6,42,"01",6,43,"02",6,44,"03",6,45,"04",6,46,"05",6,47,"06",6,48,"07",6,49,"08",6,50,"09",6,51,"B",6,52,"V",6,53,"card_40",6,54]]],0,0,[0,0,0,0,0,0,0,0,0,0,0,0,0,0,0,0,0,0,0,0,0,0,0,0,0,0,0,0,0,0,0,0,0,0,0,0,0,0,0,0,0,0,0,0,0,0,0,0,0,0,0,0,0,0,0],[1,2,3,4,5,6,7,8,9,10,11,12,13,14,15,16,17,18,19,20,21,22,23,24,25,26,27,28,29,30,31,32,33,34,35,36,37,38,39,40,41,42,43,44,45,46,47,48,49,50,51,52,53,54,55],[1,2,3,4,5,6,7,8,9,10,11,12,13,14,15,16,17,18,19,20,21,22,23,24,25,26,27,28,29,30,31,32,33,34,35,36,37,38,39,40,41,42,43,44,45,46,47,48,49,50,51,52,53,54,55]],[[{"name":"26","rect":[444,292,110,145],"offset":[0,0],"originalSize":[110,145],"capInsets":[0,0,0,0]}],[0],0,[0],[0],[0]],[[{"name":"41","rect":[222,146,110,145],"offset":[0,0],"originalSize":[110,145],"capInsets":[0,0,0,0]}],[0],0,[0],[0],[0]],[[{"name":"12","rect":[666,292,110,145],"offset":[0,0],"originalSize":[110,145],"capInsets":[0,0,0,0]}],[0],0,[0],[0],[0]],[[{"name":"card_40","rect":[777,876,106,129],"offset":[0,0],"originalSize":[106,129],"capInsets":[0,0,0,0]}],[0],0,[0],[0],[0]],[[{"name":"24","rect":[444,584,110,145],"offset":[0,0],"originalSize":[110,145],"capInsets":[0,0,0,0]}],[0],0,[0],[0],[0]],[[{"name":"11","rect":[666,438,110,145],"offset":[0,0],"originalSize":[110,145],"capInsets":[0,0,0,0]}],[0],0,[0],[0],[0]],[[{"name":"51","rect":[0,582,110,145],"offset":[0,0],"originalSize":[110,145],"capInsets":[0,0,0,0]}],[0],0,[0],[0],[0]],[[{"name":"03","rect":[777,584,110,145],"offset":[0,0],"originalSize":[110,145],"capInsets":[0,0,0,0]}],[0],0,[0],[0],[0]],[[{"name":"32","rect":[333,438,110,145],"offset":[0,0],"originalSize":[110,145],"capInsets":[0,0,0,0]}],[0],0,[0],[0],[0]],[[{"name":"50","rect":[0,728,110,145],"offset":[0,0],"originalSize":[110,145],"capInsets":[0,0,0,0]}],[0],0,[0],[0],[0]],[[{"name":"36","rect":[222,876,110,145],"offset":[0,0],"originalSize":[110,145],"capInsets":[0,0,0,0]}],[0],0,[0],[0],[0]],[[{"name":"38","rect":[222,584,110,145],"offset":[0,0],"originalSize":[110,145],"capInsets":[0,0,0,0]}],[0],0,[0],[0],[0]],[[{"name":"31","rect":[333,584,110,145],"offset":[0,0],"originalSize":[110,145],"capInsets":[0,0,0,0]}],[0],0,[0],[0],[0]],[[{"name":"V","rect":[0,0,120,143],"offset":[0,0],"originalSize":[120,143],"capInsets":[0,0,0,0]}],[0],0,[0],[0],[0]],[[{"name":"37","rect":[222,730,110,145],"offset":[0,0],"originalSize":[110,145],"capInsets":[0,0,0,0]}],[0],0,[0],[0],[0]],[[{"name":"19","rect":[555,292,110,145],"offset":[0,0],"originalSize":[110,145],"capInsets":[0,0,0,0]}],[0],0,[0],[0],[0]],[[{"name":"35","rect":[333,0,110,145],"offset":[0,0],"originalSize":[110,145],"capInsets":[0,0,0,0]}],[0],0,[0],[0],[0]],[[{"name":"47","rect":[111,290,110,145],"offset":[0,0],"originalSize":[110,145],"capInsets":[0,0,0,0]}],[0],0,[0],[0],[0]],[[{"name":"52","rect":[0,436,110,145],"offset":[0,0],"originalSize":[110,145],"capInsets":[0,0,0,0]}],[0],0,[0],[0],[0]],[[{"name":"40","rect":[222,292,110,145],"offset":[0,0],"originalSize":[110,145],"capInsets":[0,0,0,0]}],[0],0,[0],[0],[0]]]]