[1,["1495ba3e0","1c59f0d78","428C/ZqJZCh7OvTxlzY+V8","abPe3BCodMB7DDgl8hoHq5","25JJBNHPhHeol0DFZTCXUt","ddXRa5KA9MvqpSpn0W9Gif","2dq20lqFVBYJeldi5hAdNT","89SgEB+whLrIuM4dvr8okc","feREQSib5FoJFrHeq5oDYS","15OT/3hQlJ54mD2dOnL83c","5eyGTiLhtDII4SIpim1yGy","d84MYc3VBLf6JHciyF7ftR","d96EkukNhO+pHklYtRK/FC","c64369tuBFAoREkp0Bv4qD","63t8d+C0VASJJsXP0zjTPK","62V9x4s79LPp9sFf3OY/x/","famj09Mh1AI6CpusA0/k5H","242jBxNTVM67l0h0ukC2IV","28ipBT+/VM2ax+A0CkeXYH","31LHlHjQBNOrWajmwbnRT9","bfJgKoe0BBPqaiaDUg/eUS","80Ug6fknpDhbQenxqnGcex","d0pXtTB8xIUrJtrYELVIZt","cdQBhMWtBOlZRjgbax37Pf","0d3DDp/D1ECodlOkKYf5WI","afwRq0MTlEyqsy2Q8FLPta","99RH+9DeJIBYjM9eKKnYva","18837a370"],["value","_textureSetter"],["cc.SpriteFrame",["cc.AnimationClip",["_name","_duration","sample","wrapMode","curveData"],-1,11]],[[1,0,1,2,3,4,5]],[[[{"name":"fs_vfx_e_add_22","rect":[1,1,171,405],"offset":[0,0],"originalSize":[171,405],"rotated":1,"capInsets":[0,0,0,0]}],[0],0,[0],[1],[0]],[[{"name":"fs_vfx_e_add_07","rect":[408,1,171,405],"offset":[0,0],"originalSize":[171,405],"rotated":1,"capInsets":[0,0,0,0]}],[0],0,[0],[1],[0]],[[{"name":"fs_vfx_e_add_15","rect":[1,174,171,405],"offset":[0,0],"originalSize":[171,405],"rotated":1,"capInsets":[0,0,0,0]}],[0],0,[0],[1],[0]],[[{"name":"fs_vfx_e_add_02","rect":[408,174,171,405],"offset":[0,0],"originalSize":[171,405],"rotated":1,"capInsets":[0,0,0,0]}],[0],0,[0],[1],[0]],[[[0,"NearWin3",1.3,20,2,[{},"comps",11,[{},"cc.Sprite",11,[{},"spriteFrame",12,[[[{"frame":0},"value",6,0],[{"frame":0.05},"value",6,1],[{"frame":0.1},"value",6,2],[{"frame":0.15},"value",6,3],[{"frame":0.2},"value",6,4],[{"frame":0.25},"value",6,5],[{"frame":0.3},"value",6,6],[{"frame":0.35},"value",6,7],[{"frame":0.4},"value",6,8],[{"frame":0.45},"value",6,9],[{"frame":0.5},"value",6,10],[{"frame":0.55},"value",6,11],[{"frame":0.6},"value",6,12],[{"frame":0.65},"value",6,13],[{"frame":0.7},"value",6,14],[{"frame":0.75},"value",6,15],[{"frame":0.8},"value",6,16],[{"frame":0.85},"value",6,17],[{"frame":0.9},"value",6,18],[{"frame":0.95},"value",6,19],[{"frame":1},"value",6,20],[{"frame":1.05},"value",6,21],[{"frame":1.1},"value",6,22],[{"frame":1.15},"value",6,23],[{"frame":1.2},"value",6,24],[{"frame":1.25},"value",6,25]],11,11,11,11,11,11,11,11,11,11,11,11,11,11,11,11,11,11,11,11,11,11,11,11,11,11]]]]]],0,0,[0,0,0,0,0,0,0,0,0,0,0,0,0,0,0,0,0,0,0,0,0,0,0,0,0,0],[0,0,0,0,0,0,0,0,0,0,0,0,0,0,0,0,0,0,0,0,0,0,0,0,0,0],[2,2,3,4,5,6,7,8,9,10,11,12,13,14,15,16,17,18,19,20,21,22,23,24,25,26]],[[{"name":"fs_vfx_e_add_16","rect":[815,1,171,405],"offset":[0,0],"originalSize":[171,405],"capInsets":[0,0,0,0]}],[0],0,[0],[1],[0]],[[{"name":"fs_vfx_e_add_04","rect":[1,347,171,405],"offset":[0,0],"originalSize":[171,405],"rotated":1,"capInsets":[0,0,0,0]}],[0],0,[0],[1],[0]],[[{"name":"fs_vfx_e_add_17","rect":[408,347,171,405],"offset":[0,0],"originalSize":[171,405],"rotated":1,"capInsets":[0,0,0,0]}],[0],0,[0],[1],[0]],[[{"name":"fs_vfx_e_add_00","rect":[1,520,171,405],"offset":[0,0],"originalSize":[171,405],"rotated":1,"capInsets":[0,0,0,0]}],[0],0,[0],[1],[0]],[[{"name":"fs_vfx_e_add_08","rect":[408,520,171,405],"offset":[0,0],"originalSize":[171,405],"rotated":1,"capInsets":[0,0,0,0]}],[0],0,[0],[1],[0]],[[{"name":"fs_vfx_e_add_13","rect":[815,408,171,405],"offset":[0,0],"originalSize":[171,405],"capInsets":[0,0,0,0]}],[0],0,[0],[1],[0]],[[{"name":"fs_vfx_e_add_12","rect":[1,693,171,405],"offset":[0,0],"originalSize":[171,405],"rotated":1,"capInsets":[0,0,0,0]}],[0],0,[0],[1],[0]],[[{"name":"fs_vfx_e_add_19","rect":[408,693,171,405],"offset":[0,0],"originalSize":[171,405],"rotated":1,"capInsets":[0,0,0,0]}],[0],0,[0],[1],[0]],[[{"name":"fs_vfx_e_add_05","rect":[1,1,171,405],"offset":[0,0],"originalSize":[171,405],"rotated":1,"capInsets":[0,0,0,0]}],[0],0,[0],[1],[1]],[[{"name":"fs_vfx_e_add_24","rect":[408,1,171,405],"offset":[0,0],"originalSize":[171,405],"rotated":1,"capInsets":[0,0,0,0]}],[0],0,[0],[1],[1]],[[{"name":"fs_vfx_e_add_01","rect":[1,174,171,405],"offset":[0,0],"originalSize":[171,405],"rotated":1,"capInsets":[0,0,0,0]}],[0],0,[0],[1],[1]],[[{"name":"fs_vfx_e_add_23","rect":[408,174,171,405],"offset":[0,0],"originalSize":[171,405],"rotated":1,"capInsets":[0,0,0,0]}],[0],0,[0],[1],[1]],[[{"name":"fs_vfx_e_add_18","rect":[815,1,171,405],"offset":[0,0],"originalSize":[171,405],"capInsets":[0,0,0,0]}],[0],0,[0],[1],[1]],[[{"name":"fs_vfx_e_add_11","rect":[1,347,171,405],"offset":[0,0],"originalSize":[171,405],"rotated":1,"capInsets":[0,0,0,0]}],[0],0,[0],[1],[1]],[[{"name":"fs_vfx_e_add_21","rect":[408,347,171,405],"offset":[0,0],"originalSize":[171,405],"rotated":1,"capInsets":[0,0,0,0]}],[0],0,[0],[1],[1]],[[{"name":"fs_vfx_e_add_20","rect":[1,520,171,405],"offset":[0,0],"originalSize":[171,405],"rotated":1,"capInsets":[0,0,0,0]}],[0],0,[0],[1],[1]],[[{"name":"fs_vfx_e_add_09","rect":[408,520,171,405],"offset":[0,0],"originalSize":[171,405],"rotated":1,"capInsets":[0,0,0,0]}],[0],0,[0],[1],[1]],[[{"name":"fs_vfx_e_add_10","rect":[815,408,171,405],"offset":[0,0],"originalSize":[171,405],"capInsets":[0,0,0,0]}],[0],0,[0],[1],[1]],[[{"name":"fs_vfx_e_add_03","rect":[1,693,171,405],"offset":[0,0],"originalSize":[171,405],"rotated":1,"capInsets":[0,0,0,0]}],[0],0,[0],[1],[1]],[[{"name":"fs_vfx_e_add_14","rect":[408,693,171,405],"offset":[0,0],"originalSize":[171,405],"rotated":1,"capInsets":[0,0,0,0]}],[0],0,[0],[1],[1]],[[{"name":"fs_vfx_e_add_06","rect":[1,1,171,405],"offset":[0,0],"originalSize":[171,405],"capInsets":[0,0,0,0]}],[0],0,[0],[1],[27]]]]