[1,["ecpdLyjvZBwrvm+cedCcQy","e2fe+84jVPVISi34jyZZaa","70tYWDC0BJC5tKkvsd4VJ6","76kAn0cdRK8ZSsvVqDUwuF","9fguWsBS1CcoDWOhbRxVRi","4aJefQI8pK2plExRGmlB7w","3c1tE1yKFNgqjyjoNg4M7I"],["node","_spriteFrame","_textureSetter","root","_N$target","data"],[["cc.Node",["_name","_opacity","_prefab","_contentSize","_components","_parent","_trs","_children"],1,4,5,9,1,7,2],["cc.Sprite",["_sizeMode","_isTrimmedMode","_type","node","_materials","_spriteFrame"],0,1,3,6],"cc.SpriteFrame",["cc.PrefabInfo",["fileId","root","asset"],2,1,1],["cc.Button",["_N$transition","node","clickEvents","_N$pressedColor","_N$disabledColor","_N$target","_N$normalColor"],2,1,9,5,5,1,5],["cc.Prefab",["_name"],2],["b500fmUPq1OwpLhtuuFSOae",["node"],3,1],["cc.ClickEvent",["_componentId","handler","target"],1,1]],[[3,0,1,2,2],[0,0,5,4,2,3,2],[0,0,5,4,2,3,6,2],[5,0,2],[0,0,7,4,2,3,2],[0,0,5,7,4,2,3,6,2],[0,0,1,5,4,2,3,6,3],[0,0,5,7,2,3,6,2],[6,0,1],[3,1,2,1],[4,0,1,2,3,4,5,2],[4,1,6,1],[7,0,1,2,3],[1,0,3,4,2],[1,2,0,1,3,4,5,4],[1,3,4,5,1],[1,0,3,4,5,2],[1,0,1,3,4,5,3]],[[[[3,"minipokerHelpView"],[4,"minipokerHelpView",[-3,-4,-5,-6,-7],[[8,-2]],[9,-1,0],[5,1280,720]],[5,"btnClose",1,[-10],[[10,3,-9,[[12,"b500fmUPq1OwpLhtuuFSOae","close",1]],[4,4294967295],[4,4294967295],-8]],[0,"b5kyTUcvdLOL66HyWEcbKZ",1,0],[5,80,80],[523.4,297.1,0,0,0,0,1,1,1,0]],[6,"black",100,1,[[13,0,-11,[0]],[11,-12,[4,4292269782]]],[0,"61BKXCcxJAR454umZjDtzR",1,0],[5,3000,3000],[0,23,0,0,0,0,1,1,1,1]],[1,"nen popup",1,[[14,1,0,false,-13,[1],2]],[0,"42Ol2URaJLvYybiDH7L5TE",1,0],[5,1084,618]],[7,"tit_popup",1,[-14],[0,"8aM9xcPVNJHYmWbEywZx6g",1,0],[5,401,48],[0,272,0,0,0,0,1,1,1,1]],[2,"hd",5,[[15,-15,[3],4]],[0,"48Pna+cwFCmZYmWHmft+Tf",1,0],[5,181,47],[0,8.095,0,0,0,0,1,1,1,1]],[2,"hd_pic",1,[[16,0,-16,[5],6]],[0,"5dPhvR68xLV4vzkqxvXGUh",1,0],[5,1051,509],[0,-28,0,0,0,0,1,1,1,1]],[1,"sprite",2,[[17,2,false,-17,[7],8]],[0,"01r1R1rUlIh5tGaVOEzW6a",1,0],[5,76,80]]],0,[0,3,1,0,0,1,0,-1,3,0,-2,4,0,-3,5,0,-4,7,0,-5,2,0,4,2,0,0,2,0,-1,8,0,0,3,0,0,3,0,0,4,0,-1,6,0,0,6,0,0,7,0,0,8,0,5,1,17],[0,0,0,0,0,0,0,0,0],[-1,-1,1,-1,1,-1,1,-1,1],[0,0,1,0,2,0,3,0,4]],[[{"name":"title_guide","rect":[0,0,181,47],"offset":[0,0],"originalSize":[181,47],"capInsets":[0,0,0,0]}],[2],0,[0],[2],[5]],[[{"name":"huongdan_minipoker","rect":[0,0,1113,555],"offset":[0,0],"originalSize":[1113,555],"capInsets":[0,0,0,0]}],[2],0,[0],[2],[6]]]]