[1,["ecpdLyjvZBwrvm+cedCcQy","d2P3W6/npN+JGfFc9MSf4W","e7fm5fzMdGfoIe0WtHr646","49AjOgSkFMcaQpqY0dtwQ8","67LZNG5thI/JRnw68IkA3Z","33Ht7OjkpOebm5R08aEXRm","86H/vPCQZJFIk5TjVgveLO","f0BIwQ8D5Ml7nTNQbh1YlS","91BYU5ztFIo47c67QCIKh0","6c1VctL89GoJpW6rdCOm3F","b9REo8bktMGpL2BJUxs4Tp","7a/QZLET9IDreTiBfRn2PD","feeVLzMQZGarMn+eVCg2w6","79DC3lfM1BaZqBi+DPhAMS","9fguWsBS1CcoDWOhbRxVRi","c9HtrEpcJBJIHWZDhUaaiZ","1a5o5/J4ZCFpHQccR14UUg","e1hE0RVpRJL7GyM006dDqL","e5R/qoto1CmrW35mZ8CvBL","798hYMhbVPxJDyFv2cIZzg","5fh2/dIMFMhrTqDoYKqQJy","88p84kxIhE4peZEOwkXuxI","82xH47sP1Om4yrrndgmyux","760E6nVTRI1YPIV3QZShaB","ffac7IdQFKi5FFOMYJVSm+","0eIx+J3pVHUqtWnBycVZ12","4eyF8blldMnrNNKJjFcE7T","b3LfE7eSdN8rO2XiS5kv33","00p5dP1t5AwL3Kr4s3ZB2i","564WvbVX9OUqKWNR7qKfGv","2ceoupneFIToUvdmBweanV","79cnytxdJDVrFojK9M5lUP","4fWWpstNdCMJAppEuj7bgM","33aaMB2v5DP7qrOR60I2iQ","30HYcu/iNGULu67d54zrHB","76OpLVLIhMor1llr7x/NMW","11sMkUp+tPUqq3ghEoQ4Bk","8aEjqqP3tIHYCRwMfmtQWZ","e97GVMl6JHh5Ml5qEDdSGa","29FYIk+N1GYaeWH/q1NxQO","b0Rr3fdvdECpD0VnxOf3L2","d3Tb9jaDxF9LUJYysQLbFA","a63VYGFi9BFq1rrSqcFm6J","8dNhm5PLhLCLLSxdeBZQj2","36KjnXHDhBfZJEVz8rXGAC","8a2ofxjTdJaaXTsROOcquy","e3Rca7kdhGcZTH0gfJVl4S","f1m+BshGRJTZMRkMjBNSX6","f7p1pSdDJGcrO2LBqTmapG","51l2vvyRtA6aDC0FHh/Zfh","beYEUnYXFCoIqmy6kMGPWU","07VdN6CqxIg4Gfq19JJgWO","fdWkBtXABNT61TvAFN1HAI","69b7pTfw9ItrcA5A++IA4L","c8GCtyhHxHyoqfEorpdZBV","e0FJGiwO9NzaSYeb0ICrkS","8dDRgRVEhPsaUVVthbQQ84"],["node","_spriteFrame","_textureSetter","_defaultClip","_N$target","_normalMaterial","root","lbJp","btnAuto","animMessage","btnSieuToc","btnSpin","skeCanGat","listCardSpin","checkMark","data","_parent","_N$file","cardAtlas","helpView","_N$skeletonData","_N$normalSprite","_N$pressedSprite","_N$hoverSprite","_N$disabledSprite"],["cc.SpriteFrame",["cc.Node",["_name","_active","_objFlags","_prefab","_parent","_components","_contentSize","_trs","_children","_color"],0,4,1,9,5,7,2,5],["cc.Node",["_name","_active","_objFlags","_parent","_components","_prefab","_contentSize","_trs","_children","_color"],0,1,2,4,5,7,2,5],["cc.Sprite",["_sizeMode","_type","_isTrimmedMode","node","_materials","_spriteFrame"],0,1,3,6],["cc.Toggle",["_N$isChecked","_N$transition","node","checkEvents","checkMark","_N$target","_N$normalColor"],1,1,9,1,1,5],["cc.Button",["_N$transition","node","clickEvents","_N$target","_normalMaterial","_N$normalColor","_N$pressedColor","_N$disabledColor"],2,1,9,1,6,5,5,5],["cc.AnimationClip",["_name","_duration","curveData","sample","wrapMode"],-2],["cc.Node",["_name","_components","_prefab","_contentSize","_trs","_parent","_children","_color"],2,12,4,5,7,1,2,5],["cc.PrefabInfo",["fileId","root","asset"],2,1,1],["cc.ClickEvent",["_componentId","handler","customEventData","target"],0,1],["cc.Animation",["playOnLoad","node","_clips","_defaultClip"],2,1,3,6],["cc.Label",["_string","_fontSize","_isSystemFontUsed","_N$horizontalAlign","_N$verticalAlign","_N$overflow","_lineHeight","node","_materials","_N$file"],-4,1,3,6],["cc.Prefab",["_name"],2],["8d5cfgFfglIX61Uhpf9n7jL",["node"],3,1],["8f59eZ5kgdHH6zhC5wIECip",["node","listCardSpin","listSpriteResult","skeCanGat","btnSpin","btnSieuToc","groupToggle","animMessage","btnAuto","lbJp","cardAtlas","helpView"],3,1,1,3,1,1,1,2,1,1,1,6,6],["cc.Mask",["node","_materials"],3,1,3],["cc.ToggleContainer",["node"],3,1],["51285Z3WLtLkq3nj7qtpTPH",["node"],3,1],["sp.Skeleton",["defaultSkin","defaultAnimation","_preCacheMode","_cacheMode","loop","_animationName","_playTimes","node","_materials"],-4,1,3],["76f98/pdhtBoIYTvZ647UC2",["node","imgSpin","imgCard"],3,1,1,1],["56252TDcY5HiZU2cm/CgDOl",["node","textBalance","listCard","animation","imgTextBalance","spriteResult"],3,1,1,2,1,1,1],["1d4ce28IO5Kw4d5hMM57gdA",["gameType","node"],2,1],["cc.ParticleSystem",["_dstBlendFactor","_custom","totalParticles","duration","emissionRate","lifeVar","angle","angleVar","startSize","startSizeVar","endSize","speed","speedVar","tangentialAccel","radialAccel","node","_materials","_startColor","_startColorVar","_endColor","_endColorVar"],-12,1,3,8,8,8,8]],[[8,0,1,2,2],[3,3,4,5,1],[9,0,1,3,3],[1,0,4,5,3,6,7,2],[3,3,4,1],[2,0,3,4,5,6,7,2],[1,0,1,4,5,3,6,7,3],[2,0,3,8,4,5,6,7,2],[7,0,5,6,1,2,3,4,2],[15,0,1,1],[3,0,3,4,5,2],[3,0,3,4,2],[10,0,1,2,3,2],[19,0,1,2,1],[1,0,4,8,5,3,6,7,2],[2,0,1,3,4,5,6,3],[5,0,1,2,3,4,2],[1,0,2,4,5,3,6,3],[3,1,0,3,4,5,3],[9,0,1,2,3,4],[11,0,1,2,3,4,5,7,8,7],[1,0,4,8,3,7,2],[1,0,1,4,8,5,3,6,7,3],[1,0,4,5,3,6,2],[1,0,4,5,3,9,6,7,2],[2,0,3,8,4,5,7,2],[4,1,0,2,6,5,4,3,3],[4,0,2,6,5,4,3,2],[10,1,2,1],[6,0,1,3,2,5],[12,0,2],[1,0,8,5,3,6,7,2],[1,0,4,8,3,6,7,2],[1,0,1,4,8,3,7,3],[1,0,1,4,5,3,3],[2,0,3,4,5,9,6,7,2],[2,0,3,4,5,6,2],[2,0,2,1,3,4,5,6,4],[7,0,1,2,7,3,4,2],[13,0,1],[14,0,1,2,3,4,5,6,7,8,9,10,11,1],[8,1,2,1],[16,0,1],[3,0,2,3,4,3],[3,1,3,4,5,2],[5,1,2,1],[5,1,2,5,6,7,3,1],[4,0,2,4,3,2],[4,1,0,2,5,3,3],[4,1,2,6,5,4,3,2],[11,0,1,6,2,3,4,5,7,8,9,8],[17,0,1],[18,0,1,2,3,4,5,6,7,8,8],[20,0,1,2,3,4,5,1],[21,0,1,2],[22,0,1,2,3,4,5,6,7,8,9,10,11,12,13,14,15,16,17,18,19,20,16],[6,0,1,3,4,2,6],[6,0,1,2,4]],[[[{"name":"tex1","rect":[0,0,286,95],"offset":[0,0],"originalSize":[286,95],"capInsets":[0,0,0,0]}],[0],0,[0],[2],[8]],[[{"name":"thanglon","rect":[0,0,366,158],"offset":[0,0],"originalSize":[366,158],"capInsets":[0,0,0,0]}],[0],0,[0],[2],[9]],[[{"name":"tex3","rect":[0,0,136,91],"offset":[0,0],"originalSize":[136,91],"capInsets":[0,0,0,0]}],[0],0,[0],[2],[10]],[[[30,"MiniPoker"],[31,"MiniPoker",[-14],[[39,-2],[40,-13,-12,[86,87,88,89,90,91,92,93,94],-11,-10,-9,[-6,-7,-8],-5,-4,-3,85,95]],[41,-1,0],[5,700,300],[17.346,-60.71,0,0,0,0,1,1,1,1]],[32,"MainGame",1,[-15,-16,-17,-18,-19,-20,-21,-22,-23,-24],[0,"aeyVLkq/ZIIpYOYZQ04SsL",1,0],[5,723,430],[0,0,0,0,0,0,1,0.9,0.9,1]],[25,"Cards",2,[-27,-28,-29,-30,-31,-32],[-25,-26],[0,"d0c47rcIxMbqEHovrhCfkz",1,0],[14.805,-16.042,0,0,0,0,1,1.5,1.5,1]],[21,"Btn",2,[-33,-34,-35,-36,-37,-38],[0,"5f1wnVWWpGbKhg+5c8Zk/x",1,0],[58.657,-31.054,0,0,0,0,1,1,1,1]],[8,"Card1",3,[-41,-42],[[[9,-39,[25]],-40],4,1],[0,"b5EnusgctBfagmOOKcxsX2",1,0],[5,87.4,112.5],[-175.656,25,0,0,0,0,1,1,1,1]],[8,"Card2",3,[-45,-46],[[[9,-43,[31]],-44],4,1],[0,"3bcG9jyhtELbjGOwuGYAdp",1,0],[5,87.4,112.5],[-91.533,25,0,0,0,0,1,1,1,1]],[8,"Card3",3,[-49,-50],[[[9,-47,[37]],-48],4,1],[0,"80t4uUQV9PgZXas0UwN9Tr",1,0],[5,87.4,112.5],[-7.438,25,0,0,0,0,1,1,1,1]],[8,"Card4",3,[-53,-54],[[[9,-51,[43]],-52],4,1],[0,"d1J/el52ZK36xGhum2pkcG",1,0],[5,87.4,112.5],[77.621,25,0,0,0,0,1,1,1,1]],[8,"Card5",3,[-57,-58],[[[9,-55,[49]],-56],4,1],[0,"fbX13J2yZNR6qUQy0AVdH3",1,0],[5,87.4,112.5],[163.732,25,0,0,0,0,1,1,1,1]],[14,"RoomType",2,[-60,-61,-62],[[42,-59]],[0,"51Ss1rNmJH+K6A8KpNNQum",1,0],[5,287,58],[-148.088,-109.785,0,0,0,0,1,1,1,1]],[7,"Room1",10,[-64,-65],[-63],[0,"0civ7PQwNBc7MytfK35nN9",1,0],[5,100,100],[-70.014,0,0,0,0,0,1,1,1,0]],[7,"Room2",10,[-67,-68],[-66],[0,"19bssYKfNB6pnd63y+FGGP",1,0],[5,100,100],[0,0,0,0,0,0,1,1,1,0]],[7,"Room3",10,[-70,-71],[-69],[0,"b2SOqiyONKH6a0YHFrnuJP",1,0],[5,100,100],[71.519,0,0,0,0,0,1,1,1,0]],[7,"toggleSieuToc",2,[-73,-74],[-72],[0,"17ifGKjWhAsIPAx6mdevV7",1,0],[5,154,72],[205.321,-111.054,0,0,0,0,1,1,1,0]],[7,"Auto",2,[-76,-77],[-75],[0,"f4olonfDBEEJW4obszNzlj",1,0],[5,153,72],[45.909,-111.054,0,0,0,0,1,1,1,0]],[7,"SpinButton",2,[-79],[-78],[0,"eb+cPOeVpACKIj+iiC6/ss",1,0],[5,115,233],[400.322,42.011,0,0,0,0,1,1,1,1]],[3,"poker_btn_close",4,[[1,-80,[5],6],[16,1,-82,[[2,"8f59eZ5kgdHH6zhC5wIECip","onClickClose",1]],-81,7]],[0,"1cImTar29Ce4gvHwTxJY0R",1,0],[5,76,80],[293.501,254.022,0,0,0,0,1,1,1,1]],[3,"IconHelp",4,[[1,-83,[8],9],[16,1,-85,[[2,"8f59eZ5kgdHH6zhC5wIECip","ClickButtonHelp",1]],-84,10]],[0,"f9BxtKaJlDP69FqiXEX2HF",1,0],[5,65,65],[200.424,213.494,0,0,0,0,1,1,1,1]],[3,"IconHistory",4,[[1,-86,[11],12],[16,1,-88,[[2,"8f59eZ5kgdHH6zhC5wIECip","onClickHelpView",1]],-87,13]],[0,"b22pZ/suVAerQjN/YWqLyI",1,0],[5,65,65],[118.606,227.12,0,0,0,0,1,1,1,1]],[3,"IconRank",4,[[4,-89,[14]],[16,1,-91,[[2,"8026aqUS19DIoSLEOrkmAfO","ClickButtonRank",1]],-90,15]],[0,"6b6rgqxnZCTrDwyBKXAZya",1,0],[5,82,82],[88.305,317.626,0,0,0,0,1,1,1,1]],[14,"benMiniSize",4,[-95],[[4,-92,[17]],[47,false,-94,-93,[[2,"8026aqUS19DIoSLEOrkmAfO","onToggleChangeSize",1]]]],[0,"4cPOnsn9hEnpM9VUUgAvOA",1,0],[5,82,82],[466.406,-112.666,0,0,0,0,1,1,1,1]],[6,"btnX5",false,4,[[1,-96,[18],19],[48,3,false,-98,-97,[[2,"8026aqUS19DIoSLEOrkmAfO","ClickX5",1]]]],[0,"9c3rs+P3VCyLTIKw4HL3o8",1,0],[5,111,59],[-349.024,197.162,0,0,0,0,1,1,1,0]],[6,"ImgSpin",false,5,[[10,0,-99,[21],22],[12,true,-100,[24],23]],[0,"1640nO9ehJh6/622/9DrEP",1,0],[5,90,1017],[0.938,0,0,0,0,0,1,1,1,1]],[6,"ImgSpin",false,6,[[10,0,-101,[27],28],[12,true,-102,[30],29]],[0,"aeDEI1+xxFVbIdO92qjNSA",1,0],[5,90,1017],[1.345,0,0,0,0,0,1,1,1,1]],[6,"ImgSpin",false,7,[[10,0,-103,[33],34],[12,true,-104,[36],35]],[0,"74Zq7IKvVLhqXZC1JrvWZF",1,0],[5,90,1017],[1.682,0,0,0,0,0,1,1,1,1]],[6,"ImgSpin",false,8,[[10,0,-105,[39],40],[12,true,-106,[42],41]],[0,"bb3D1XS55J77PymnW2V/g3",1,0],[5,90,1017],[0.673,0,0,0,0,0,1,1,1,1]],[6,"ImgSpin",false,9,[[10,0,-107,[45],46],[12,true,-108,[48],47]],[0,"be5VnF4b1MdbBiKnUPcOJx",1,0],[5,90,1017],[0.673,0,0,0,0,0,1,1,1,1]],[33,"TextContent",false,3,[-109,-110,-111],[0,"94AZhLJmlOPapCp51JtVgS",1,0],[-7.849,-4.708,0,0,0,0,1,0.83333,0.83333,0.83333]],[38,"Balance",[[[50,"0",45,45,false,1,1,2,-112,[65],66],[51,-113],-114],4,4,1],[0,"26fpid5A1CdqXaSzamUccB",1,0],[4,4284148478],[5,200,35.3],[0.6340000000000003,-8.075999999999993,0,0,0,0,1,1,1,1]],[21,"NodeEffect",2,[-115,-116,-117],[0,"f2Hzj6inlLHYWRSPvLg9uT",1,0],[13.299,-9.023,0,0,0,0,1,1.3,1.3,1]],[22,"JackPot",false,30,[-119,-120],[[1,-118,[78],79]],[0,"ec9YcZsSVEjY83DLg5/ZZ0",1,0],[5,437,370],[0,50.554,0,0,0,0,1,1,1,1]],[14,"bggame",2,[-122],[[1,-121,[3],4]],[0,"bcKL4VZzdBl7wbPX7dIzgm",1,0],[5,737,338],[6.036,14.699,0,0,0,0,1,1,1,1]],[3,"Img",28,[[18,1,0,-123,[50],51]],[0,"efsrT7+bpFT4SWHMG2E5j6",1,0],[5,250,69],[0,10,0,0,0,0,1,1,1,1]],[14,"Jackpot",2,[29],[[45,-124,[[2,"8f59eZ5kgdHH6zhC5wIECip","showJackpotMini",1]]]],[0,"665UmbLI1GAae0eUSksGgv",1,0],[5,233,69],[5.958,151.131,0,0,0,0,1,1,1,1]],[25,"MessageContent",2,[-126],[-125],[0,"02XKmfnFJGboZbnIF8jZxD",1,0],[13.299,-9.023,0,0,0,0,1,1.3,1.3,1]],[22,"FlashMessage",false,35,[-128],[[18,1,0,-127,[82],83]],[0,"b32Eak1R9JR5GAQfBatazh",1,0],[5,400,69],[1.928,4.954,0,0,0,0,1,1,1,1]],[5,"skeleton",16,[-129],[0,"0e6FMox8dEg7lShrGF4X5f",1,0],[5,130,225],[-8,-37,0,0,0,0,1,1,1,1]],[52,"default","animation",1,1,false,"animation",1,37,[0]],[46,16,[[2,"8f59eZ5kgdHH6zhC5wIECip","ClickSpin",1]],[4,4293322470],[4,4291348680],[4,3363338360],16],[3,"title_minipoker",32,[[1,-130,[1],2]],[0,"c7LKPUlIlJubRKoTlMvPuq",1,0],[5,313,128],[-111.863,214.022,0,0,0,0,1,1,1,1]],[15,"phong to",false,21,[-131],[0,"c6iT4EILZI+LVP8OiyFa6M",1,0],[5,82,82]],[4,41,[16]],[5,"ImgCard",5,[-132],[0,"18ZiYGEkxG7aheZz4PK+Ey",1,0],[5,80,111],[0,-0.778,0,0,0,0,1,1,1,1]],[11,0,43,[20]],[13,5,23,44],[5,"ImgCard",6,[-133],[0,"a5Qzkkt/hCariQ6eP1p1Qk",1,0],[5,80,111],[0,-0.778,0,0,0,0,1,1,1,1]],[11,0,46,[26]],[13,6,24,47],[5,"ImgCard",7,[-134],[0,"d0eHBZDSxNWZ6gSPgieeYT",1,0],[5,80,111],[0,-0.778,0,0,0,0,1,1,1,1]],[11,0,49,[32]],[13,7,25,50],[5,"ImgCard",8,[-135],[0,"bdQLg5sPFC2qb6P4OQEnlT",1,0],[5,80,111],[0,-0.778,0,0,0,0,1,1,1,1]],[11,0,52,[38]],[13,8,26,53],[5,"ImgCard",9,[-136],[0,"caeAbTZF9F96qa3qTpiC7a",1,0],[5,80,111],[0,-0.778,0,0,0,0,1,1,1,1]],[11,0,55,[44]],[13,9,27,56],[35,"TextBalance",28,[-137],[0,"d5cDhItL1GVqvdPnpWi8OB",1,0],[4,4278247679],[5,209,52],[0,9.822,0,0,0,0,1,1,1,1]],[20,"600.000.000",35,false,1,1,2,58,[52]],[5,"SpriteResult",28,[-138],[0,"20qkf02vlEMakTkES9kI6R",1,0],[5,286,95],[0,64.518,0,0,0,0,1,1,1,1]],[4,60,[53]],[28,3,[54,55]],[53,3,59,[45,48,51,54,57],62,33,61],[23,"Background",11,[[1,-139,[56],57]],[0,"8eqCAhc1pGT5ADrET67F4b",1,0],[5,81,71]],[36,"checkmark",11,[-140],[0,"4fB4E3U/VGFockmrjRhxgL",1,0],[5,81,71]],[4,65,[58]],[49,3,11,[4,4292269782],11,66,[[19,"8f59eZ5kgdHH6zhC5wIECip","onClickChangBet","0",1]]],[17,"Background",512,12,[[1,-141,[59],60]],[0,"e7iaq9JsRP2r6Q9CQXNd2X",1,0],[5,81,71]],[15,"checkmark",false,12,[-142],[0,"41jrdgM6BGQqIj7lbImWI+",1,0],[5,81,71]],[4,69,[61]],[26,3,false,12,[4,4292269782],12,70,[[19,"8f59eZ5kgdHH6zhC5wIECip","onClickChangBet","1",1]]],[17,"Background",512,13,[[1,-143,[62],63]],[0,"b0lPxfCL5IS6oX7iEoPgv0",1,0],[5,81,71]],[37,"checkmark",512,false,13,[-144],[0,"3aNiNmNLhIj7UIMWjX0hHf",1,0],[5,81,71]],[4,73,[64]],[26,3,false,13,[4,4292269782],13,74,[[19,"8f59eZ5kgdHH6zhC5wIECip","onClickChangBet","2",1]]],[54,41,29],[23,"Background",14,[[1,-145,[67],68]],[0,"e9xV/4/Y5J57c+NZUSpwYq",1,0],[5,160,65]],[15,"checkmark",false,14,[-146],[0,"14X2T0zBdImYPx+/9m0Tf6",1,0],[5,160,65]],[43,2,false,78,[69]],[27,false,14,[4,4292269782],14,79,[[2,"8f59eZ5kgdHH6zhC5wIECip","onToggleSieuToc",1]]],[17,"Background",512,15,[[1,-147,[70],71]],[0,"55VzZx0FJD8JFoG90R6UAM",1,0],[5,160,65]],[15,"checkmark",false,15,[-148],[0,"ffwqcXeQpJ+Ljs65BVt1UN",1,0],[5,160,65]],[4,82,[72]],[27,false,15,[4,4292269782],15,83,[[2,"8f59eZ5kgdHH6zhC5wIECip","OnClickAuto",1]]],[3,"Bigwin",30,[[44,3,-149,[73],74]],[0,"7c7mvZdPNByZ6ppYMZHloF",1,0],[5,366,158],[0,12.066,0,0,0,0,1,1,1,1]],[3,"Img",31,[[18,1,0,-150,[75],76]],[0,"9eX7B3cslPTahoXiN8TiBm",1,0],[5,250,69],[0,-115.607,0,0,0,0,1,1,1,1]],[24,"TextBalance",31,[[20,"600.000.000",35,false,1,1,2,-151,[77]]],[0,"54uqXuUddFfqkbq7sHSDQH",1,0],[4,4278247679],[5,209,52],[0,-115.785,0,0,0,0,1,1,1,1]],[34,"EffectBoomBig",false,30,[[55,1,true,756,2,200,1,96,180,30,30,-1,561,0,0,18,-152,[80],[4,4294967295],[4,2751463424],[4,4294967295],[4,0]]],[0,"2cU55UDExPAI8a/qyadmVE",1,0]],[24,"Message",36,[[20,"Bạn không đủ tiền để chơi tiếp",25,false,1,1,2,-153,[81]]],[0,"636pm6TXhLHJUnucIm0VDU",1,0],[4,4278245119],[5,417.9,50.4],[0.9,0,0,0,0,0,1,1,1,1]],[28,35,[84]]],0,[0,6,1,0,0,1,0,7,76,0,8,84,0,9,90,0,-1,67,0,-2,71,0,-3,75,0,10,80,0,11,39,0,12,38,0,13,63,0,0,1,0,-1,2,0,-1,16,0,-2,32,0,-3,4,0,-4,3,0,-5,10,0,-6,34,0,-7,14,0,-8,15,0,-9,30,0,-10,35,0,-1,62,0,-2,63,0,-1,5,0,-2,6,0,-3,7,0,-4,8,0,-5,9,0,-6,28,0,-1,17,0,-2,18,0,-3,19,0,-4,20,0,-5,21,0,-6,22,0,0,5,0,-2,45,0,-1,43,0,-2,23,0,0,6,0,-2,48,0,-1,46,0,-2,24,0,0,7,0,-2,51,0,-1,49,0,-2,25,0,0,8,0,-2,54,0,-1,52,0,-2,26,0,0,9,0,-2,57,0,-1,55,0,-2,27,0,0,10,0,-1,11,0,-2,12,0,-3,13,0,-1,67,0,-1,64,0,-2,65,0,-1,71,0,-1,68,0,-2,69,0,-1,75,0,-1,72,0,-2,73,0,-1,80,0,-1,77,0,-2,78,0,-1,84,0,-1,81,0,-2,82,0,-1,39,0,-1,37,0,0,17,0,4,17,0,0,17,0,0,18,0,4,18,0,0,18,0,0,19,0,4,19,0,0,19,0,0,20,0,4,20,0,0,20,0,0,21,0,14,42,0,0,21,0,-1,41,0,0,22,0,4,22,0,0,22,0,0,23,0,0,23,0,0,24,0,0,24,0,0,25,0,0,25,0,0,26,0,0,26,0,0,27,0,0,27,0,-1,33,0,-2,58,0,-3,60,0,0,29,0,0,29,0,-3,76,0,-1,85,0,-2,31,0,-3,88,0,0,31,0,-1,86,0,-2,87,0,0,32,0,-1,40,0,0,33,0,0,34,0,-1,90,0,-1,36,0,0,36,0,-1,89,0,-1,38,0,0,40,0,-1,42,0,-1,44,0,-1,47,0,-1,50,0,-1,53,0,-1,56,0,-1,59,0,-1,61,0,0,64,0,-1,66,0,0,68,0,-1,70,0,0,72,0,-1,74,0,0,77,0,-1,79,0,0,81,0,-1,83,0,0,85,0,0,86,0,0,87,0,0,88,0,0,89,0,15,1,29,16,34,153],[0,0,0,0,0,0,0,0,0,0,0,0,0,0,0,0,0,0,0,0,0,0,0,0,0,0,0,0,0,0,0,0,0,0,0,0,0,0,0,0,0,0,0,0,0,0,0,0,0,0,0,0,0,0,0,0,0,0,0,0,0,0,0,0,0,0,0,0,0,0,0,0,0,0,0,0,0,0,0,0,0,0,0,0,0,0,0,0,0,0,0,0,0,0,0,0,38,39,39,39,39,44,47,50,53,56,62,66,70,74,79,83],[-1,-1,1,-1,1,-1,1,5,-1,1,5,-1,1,5,-1,5,-1,-1,-1,1,-1,-1,1,3,-1,-1,-1,-1,1,3,-1,-1,-1,-1,1,3,-1,-1,-1,-1,1,3,-1,-1,-1,-1,1,3,-1,-1,-1,1,-1,-1,-1,-2,-1,1,-1,-1,1,-1,-1,1,-1,-1,17,-1,1,-1,-1,1,-1,-1,1,-1,1,-1,-1,1,-1,-1,-1,1,-1,18,-1,-2,-3,-4,-5,-6,-7,-8,-9,19,20,21,22,23,24,1,1,1,1,1,3,1,1,1,1,1],[11,0,12,0,13,0,14,0,0,15,0,0,16,0,0,0,0,0,0,17,0,0,2,1,1,0,0,0,2,1,1,0,0,0,2,1,1,0,0,0,2,1,1,0,0,0,2,1,1,0,0,4,0,0,5,18,0,19,0,0,20,0,0,21,0,0,22,0,23,0,0,24,0,0,25,0,4,0,0,6,0,0,0,4,26,27,28,29,30,31,32,33,34,35,6,36,37,7,38,7,39,3,3,3,3,3,5,40,41,42,43,44]],[[{"name":"tex7","rect":[0,0,180,102],"offset":[0,0],"originalSize":[180,102],"capInsets":[0,0,0,0]}],[0],0,[0],[2],[45]],[[[29,"SpinCard",0.2,10,{"paths":{"Card1/ImgSpin":{"props":{"active":[{"frame":0,"value":false},{"frame":0.2,"value":true}]}},"Card2/ImgSpin":{"props":{"active":[{"frame":0,"value":false},{"frame":0.2,"value":true}]}},"Card3/ImgSpin":{"props":{"active":[{"frame":0,"value":false},{"frame":0.2,"value":true}]}},"Card4/ImgSpin":{"props":{"active":[{"frame":0,"value":false},{"frame":0.2,"value":true}]}},"Card5/ImgSpin":{"props":{"active":[{"frame":0,"value":false},{"frame":0.2,"value":true}]}}}}]],0,0,[],[],[]],[[{"name":"tex6","rect":[0,0,145,91],"offset":[0,0],"originalSize":[145,91],"capInsets":[0,0,0,0]}],[0],0,[0],[2],[46]],[[[29,"Message",2,10,{"paths":{"FlashMessage":{"props":{"active":[{"frame":0,"value":true},{"frame":2,"value":false}]}}}}]],0,0,[],[],[]],[[{"name":"tex5","rect":[0,0,173,103],"offset":[0,0],"originalSize":[173,103],"capInsets":[0,0,0,0]}],[0],0,[0],[2],[47]],[[{"name":"tex2","rect":[0,0,190,89],"offset":[0,0],"originalSize":[190,89],"capInsets":[0,0,0,0]}],[0],0,[0],[2],[48]],[[{"name":"bghu","rect":[0,0,233,69],"offset":[0,0],"originalSize":[233,69],"capInsets":[37,28,33,28]}],[0],0,[0],[2],[49]],[[{"name":"tex8","rect":[0,0,376,103],"offset":[0,0],"originalSize":[376,103],"capInsets":[0,0,0,0]}],[0],0,[0],[2],[50]],[[{"name":"btn_sieutoc","rect":[0,0,160,65],"offset":[0,0],"originalSize":[160,65],"capInsets":[0,0,0,0]}],[0],0,[0],[2],[51]],[[{"name":"tex4","rect":[0,0,149,91],"offset":[0,0],"originalSize":[149,91],"capInsets":[0,0,0,0]}],[0],0,[0],[2],[52]],[[{"name":"nohu","rect":[0,0,437,370],"offset":[0,0],"originalSize":[437,370],"capInsets":[0,0,0,0]}],[0],0,[0],[2],[53]],[[[56,"SpinRun",0.5,10,2,{"props":{"position":[{"frame":0,"value":[2,454.209,0]},{"frame":0.5,"value":[2,-567.194,0]}]}}]],0,0,[],[],[]],[[{"name":"btn_x5","rect":[0,0,111,59],"offset":[0,0],"originalSize":[111,59],"capInsets":[0,0,0,0]}],[0],0,[0],[2],[54]],[[[57,"StopCard",0.2833333333333333,{"paths":{"Card1/ImgSpin":{"props":{"active":[{"frame":0,"value":true},{"frame":0.016666666666666666,"value":false}]}},"Card1/Blur":{"props":{"active":[{"frame":0,"value":true},{"frame":0.016666666666666666,"value":false}]}},"Card2/ImgSpin":{"props":{"active":[{"frame":0,"value":true},{"frame":0.08333333333333333,"value":false}]}},"Card2/Blur":{"props":{"active":[{"frame":0,"value":true},{"frame":0.08333333333333333,"value":false}]}},"Card3/ImgSpin":{"props":{"active":[{"frame":0,"value":true},{"frame":0.15,"value":false}]}},"Card3/Blur":{"props":{"active":[{"frame":0,"value":true},{"frame":0.15,"value":false}]}},"Card4/ImgSpin":{"props":{"active":[{"frame":0,"value":true},{"frame":0.21666666666666667,"value":false}]}},"Card4/Blur":{"props":{"active":[{"frame":0,"value":true},{"frame":0.21666666666666667,"value":false}]}},"Card5/ImgSpin":{"props":{"active":[{"frame":0,"value":true},{"frame":0.2833333333333333,"value":false}]}},"Card5/Blur":{"props":{"active":[{"frame":0,"value":true},{"frame":0.2833333333333333,"value":false}]}}}}]],0,0,[],[],[]],[[{"name":"Card","rect":[0,0,70,1017],"offset":[0,0],"originalSize":[70,1017],"capInsets":[0,0,0,0]}],[0],0,[0],[2],[55]],[[{"name":"btn_tudong","rect":[0,0,160,65],"offset":[0,0],"originalSize":[160,65],"capInsets":[0,0,0,0]}],[0],0,[0],[2],[56]]]]