[1,["126696524","57pUIWd7dMy4dSPdTKxfsL","787GgM9TpODK3o9WP2laRe","12eZ5zbHtNIb3YbI48L+XX","cfqnKqJBNPA6sKDMS9pYkG","07xeoKRQpHho5nmJGd+5Fr","5f81GORpdGKrIBI6KG9OJv","78L3NzA7FE/aQJ2AqdrjhQ","bbX7ZKoK9HFovKblG/mQjE","49uOtPzU5GNoRDAei+tZQo","7fVhaAtotBk4xX5ZSCwjDw","75dEDjQ1JIcY5CduX7Fv7v","81OV1xNOpCfZvPBIjsKY0W","51rWVCyI5Ea6Sv/QIj4fX5","f1PQMEtmtD0LA9ZA8tj0E1","67rkGYbS1EDIfTR+XBT3y2","beJVE6FudLdq/fS95HzcIg","00of9ZpnBLkLV025Fo2KHQ","55SWNJivZPxJ0HBT6JOvcb","76VW8egHFLLobIAzCcCn3C","66aPaK2spARb6W/XKEildU","feGnHvaj9M0KIq29hdowQn","c1nBT0W/9BmaCcKMiY7rtl","5a9W1AAoBCiq8yjHPYN6ob","931qy/ChdOgLjKYUth7M2U","cdjG4sPidDjKC3bVEDv0Mp","10KyByqhlK1oQbY7II0vV0","6c1UTvsTNJKpc4vzwBoVkP"],["_textureSetter","value"],["cc.SpriteFrame",["cc.AnimationClip",["_name","_duration","sample","wrapMode","curveData"],-1,11]],[[1,0,1,2,3,4,5]],[[[{"name":"sd_vfx_b_screen_16","rect":[1,1,138,171],"offset":[0,0],"originalSize":[138,171],"rotated":1,"capInsets":[0,0,0,0]}],[0],0,[0],[0],[0]],[[{"name":"sd_vfx_b_screen_04","rect":[174,1,138,171],"offset":[0,0],"originalSize":[138,171],"rotated":1,"capInsets":[0,0,0,0]}],[0],0,[0],[0],[0]],[[{"name":"sd_vfx_b_screen_25","rect":[347,1,138,171],"offset":[0,0],"originalSize":[138,171],"rotated":1,"capInsets":[0,0,0,0]}],[0],0,[0],[0],[0]],[[{"name":"sd_vfx_b_screen_02","rect":[520,1,138,171],"offset":[0,0],"originalSize":[138,171],"rotated":1,"capInsets":[0,0,0,0]}],[0],0,[0],[0],[0]],[[[0,"LuaChayNearWin",1.35,20,2,[{},"comps",11,[{},"cc.Sprite",11,[{},"spriteFrame",12,[[[{"frame":0},"value",6,0],[{"frame":0.05},"value",6,1],[{"frame":0.1},"value",6,2],[{"frame":0.15},"value",6,3],[{"frame":0.2},"value",6,4],[{"frame":0.25},"value",6,5],[{"frame":0.3},"value",6,6],[{"frame":0.35},"value",6,7],[{"frame":0.4},"value",6,8],[{"frame":0.45},"value",6,9],[{"frame":0.5},"value",6,10],[{"frame":0.55},"value",6,11],[{"frame":0.6},"value",6,12],[{"frame":0.65},"value",6,13],[{"frame":0.7},"value",6,14],[{"frame":0.75},"value",6,15],[{"frame":0.8},"value",6,16],[{"frame":0.85},"value",6,17],[{"frame":0.9},"value",6,18],[{"frame":0.95},"value",6,19],[{"frame":1},"value",6,20],[{"frame":1.05},"value",6,21],[{"frame":1.1},"value",6,22],[{"frame":1.15},"value",6,23],[{"frame":1.2},"value",6,24],[{"frame":1.25},"value",6,25],[{"frame":1.3},"value",6,26]],11,11,11,11,11,11,11,11,11,11,11,11,11,11,11,11,11,11,11,11,11,11,11,11,11,11,11]]]]]],0,0,[0,0,0,0,0,0,0,0,0,0,0,0,0,0,0,0,0,0,0,0,0,0,0,0,0,0,0],[1,1,1,1,1,1,1,1,1,1,1,1,1,1,1,1,1,1,1,1,1,1,1,1,1,1,1],[1,2,3,4,5,6,7,8,9,10,11,12,13,14,15,16,17,18,19,20,21,22,23,24,25,26,27]],[[{"name":"sd_vfx_b_screen_08","rect":[1,141,138,171],"offset":[0,0],"originalSize":[138,171],"rotated":1,"capInsets":[0,0,0,0]}],[0],0,[0],[0],[0]],[[{"name":"sd_vfx_b_screen_12","rect":[174,141,138,171],"offset":[0,0],"originalSize":[138,171],"rotated":1,"capInsets":[0,0,0,0]}],[0],0,[0],[0],[0]],[[{"name":"sd_vfx_b_screen_17","rect":[347,141,138,171],"offset":[0,0],"originalSize":[138,171],"rotated":1,"capInsets":[0,0,0,0]}],[0],0,[0],[0],[0]],[[{"name":"sd_vfx_b_screen_00","rect":[520,141,138,171],"offset":[0,0],"originalSize":[138,171],"rotated":1,"capInsets":[0,0,0,0]}],[0],0,[0],[0],[0]],[[{"name":"sd_vfx_b_screen_22","rect":[1,281,138,171],"offset":[0,0],"originalSize":[138,171],"rotated":1,"capInsets":[0,0,0,0]}],[0],0,[0],[0],[0]],[[{"name":"sd_vfx_b_screen_05","rect":[174,281,138,171],"offset":[0,0],"originalSize":[138,171],"rotated":1,"capInsets":[0,0,0,0]}],[0],0,[0],[0],[0]],[[{"name":"sd_vfx_b_screen_19","rect":[347,281,138,171],"offset":[0,0],"originalSize":[138,171],"rotated":1,"capInsets":[0,0,0,0]}],[0],0,[0],[0],[0]],[[{"name":"sd_vfx_b_screen_14","rect":[520,281,138,171],"offset":[0,0],"originalSize":[138,171],"rotated":1,"capInsets":[0,0,0,0]}],[0],0,[0],[0],[0]],[[{"name":"sd_vfx_b_screen_26","rect":[1,421,138,171],"offset":[0,0],"originalSize":[138,171],"rotated":1,"capInsets":[0,0,0,0]}],[0],0,[0],[0],[0]],[[{"name":"sd_vfx_b_screen_10","rect":[174,421,138,171],"offset":[0,0],"originalSize":[138,171],"rotated":1,"capInsets":[0,0,0,0]}],[0],0,[0],[0],[0]],[[{"name":"sd_vfx_b_screen_18","rect":[347,421,138,171],"offset":[0,0],"originalSize":[138,171],"rotated":1,"capInsets":[0,0,0,0]}],[0],0,[0],[0],[0]],[[{"name":"sd_vfx_b_screen_06","rect":[520,421,138,171],"offset":[0,0],"originalSize":[138,171],"rotated":1,"capInsets":[0,0,0,0]}],[0],0,[0],[0],[0]],[[{"name":"sd_vfx_b_screen_01","rect":[1,561,138,171],"offset":[0,0],"originalSize":[138,171],"rotated":1,"capInsets":[0,0,0,0]}],[0],0,[0],[0],[0]],[[{"name":"sd_vfx_b_screen_09","rect":[174,561,138,171],"offset":[0,0],"originalSize":[138,171],"rotated":1,"capInsets":[0,0,0,0]}],[0],0,[0],[0],[0]],[[{"name":"sd_vfx_b_screen_11","rect":[347,561,138,171],"offset":[0,0],"originalSize":[138,171],"rotated":1,"capInsets":[0,0,0,0]}],[0],0,[0],[0],[0]],[[{"name":"sd_vfx_b_screen_23","rect":[520,561,138,171],"offset":[0,0],"originalSize":[138,171],"rotated":1,"capInsets":[0,0,0,0]}],[0],0,[0],[0],[0]],[[{"name":"sd_vfx_b_screen_07","rect":[1,701,138,171],"offset":[0,0],"originalSize":[138,171],"rotated":1,"capInsets":[0,0,0,0]}],[0],0,[0],[0],[0]],[[{"name":"sd_vfx_b_screen_15","rect":[174,701,138,171],"offset":[0,0],"originalSize":[138,171],"rotated":1,"capInsets":[0,0,0,0]}],[0],0,[0],[0],[0]],[[{"name":"sd_vfx_b_screen_21","rect":[347,701,138,171],"offset":[0,0],"originalSize":[138,171],"rotated":1,"capInsets":[0,0,0,0]}],[0],0,[0],[0],[0]],[[{"name":"sd_vfx_b_screen_24","rect":[520,701,138,171],"offset":[0,0],"originalSize":[138,171],"rotated":1,"capInsets":[0,0,0,0]}],[0],0,[0],[0],[0]],[[{"name":"sd_vfx_b_screen_03","rect":[1,841,138,171],"offset":[0,0],"originalSize":[138,171],"rotated":1,"capInsets":[0,0,0,0]}],[0],0,[0],[0],[0]],[[{"name":"sd_vfx_b_screen_13","rect":[174,841,138,171],"offset":[0,0],"originalSize":[138,171],"rotated":1,"capInsets":[0,0,0,0]}],[0],0,[0],[0],[0]],[[{"name":"sd_vfx_b_screen_20","rect":[347,841,138,171],"offset":[0,0],"originalSize":[138,171],"rotated":1,"capInsets":[0,0,0,0]}],[0],0,[0],[0],[0]]]]