[1,["9dR6yo2PpMbLAHgSxHNilp","5dOTdONApCq6zxnuf4JnTC","e1XXJoR35MWL6HaHI1c+3z","2alpXotW5F+pGHR1+6RQuL","00w0RdIplGeLfoT1wj3PZh","1bndTBsv1Et7HFdCdoJVu4","37BHwSD31NbK9oL4xsR96n","ed/YsgiAFBO77V0gOvVwmp","99c3gvifdPOqofsnUTAvDL","185kyf0zNIOZGa0a5GAFem","683vxmjAhKA6/42SHoD/ik","4bhjO023hFnrgJdP1jNVnc","172693343"],["value","_textureSetter"],["cc.SpriteFrame",["cc.AnimationClip",["_name","_duration","sample","wrapMode","curveData"],-1,11]],[[1,0,1,2,3,4,5]],[[[[0,"InfoBarOneMoreScater",1.55,20,2,[{},"paths",11,[{"ib_vfx_d_screen":{"props":{"opacity":[{"frame":0,"value":255}]}}},"ParentContent/info1",11,[{},"comps",11,[{},"cc.Sprite",11,[{},"spriteFrame",12,[[[{"frame":0},"value",6,0]],11]]],"props",11,[{},"scale",12,[[[{"frame":0},"value",8,[0,1,1]],[{"frame":0.25},"value",8,[0,1.2,1.2]],[{"frame":0.5},"value",8,[0,1,1]],[{"frame":0.75},"value",8,[0,1.2,1.2]],[{"frame":1},"value",8,[0,1,1]],[{"frame":1.25},"value",8,[0,1.2,1.2]],[{"frame":1.5},"value",8,[0,1,1]]],11,11,11,11,11,11,11]]],"ib_vfx_c_add_00",11,[{},"comps",11,[{},"cc.Sprite",11,[{},"spriteFrame",12,[[[{"frame":0},"value",6,1],[{"frame":0.05},"value",6,2],[{"frame":0.1},"value",6,3],[{"frame":0.15},"value",6,4],[{"frame":0.2},"value",6,5],[{"frame":0.25},"value",6,6],[{"frame":0.3},"value",6,7],[{"frame":0.35},"value",6,8],[{"frame":0.4},"value",6,9],[{"frame":0.45},"value",6,10],[{"frame":0.5},"value",6,11],[{"frame":0.55},"value",6,12],[{"frame":0.6},"value",6,13],[{"frame":0.65},"value",6,14],[{"frame":0.7},"value",6,15],[{"frame":0.75},"value",6,16],[{"frame":0.8},"value",6,17],[{"frame":0.85},"value",6,18],[{"frame":0.9},"value",6,19],[{"frame":0.95},"value",6,20],[{"frame":1},"value",6,21],[{"frame":1.05},"value",6,22],[{"frame":1.1},"value",6,23],[{"frame":1.15},"value",6,24],[{"frame":1.2},"value",6,25],[{"frame":1.25},"value",6,26],[{"frame":1.3},"value",6,27],[{"frame":1.35},"value",6,28],[{"frame":1.4},"value",6,29],[{"frame":1.45},"value",6,30],[{"frame":1.5},"value",6,31]],11,11,11,11,11,11,11,11,11,11,11,11,11,11,11,11,11,11,11,11,11,11,11,11,11,11,11,11,11,11,11]]]]]]]],0,0,[0,0,0,0,0,0,0,0,0,0,0,0,0,0,0,0,0,0,0,0,0,0,0,0,0,0,0,0,0,0,0,0],[0,0,0,0,0,0,0,0,0,0,0,0,0,0,0,0,0,0,0,0,0,0,0,0,0,0,0,0,0,0,0,0],[11,0,1,2,3,4,5,6,7,8,9,10,0,1,2,3,4,5,6,7,8,9,10,0,1,2,3,4,5,6,7,8]],[[{"name":"info6","rect":[1,732,274,60],"offset":[0,0],"originalSize":[280,70],"rotated":1,"capInsets":[0,0,0,0]}],[0],0,[0],[1],[12]]]]